candidate_rank,candidate_score,signal_level,candidate_hit_rate,edge_vs_baseline,candidate_markets,wallet,condition_id,title,trade_date,closed_time,hours_before_close,outcome,winning_outcome,price,size,volume,profit_proxy,very_low_price,late_low_price,trade_after_close,transaction_hash
1,76.09645461701805,VERY HIGH,0.8516129032258064,0.2682830325530303,8,0xcf6a714618a328c608a1c70cb62a31a6bef3f9d0,0x4c5701bcde0b8fb7d7f48c8e9d20245a6caa58c61a77f981fad98f2bfa0b1bc7,US x Iran ceasefire by April 7?,2026-04-05T15:19:47+00:00,2026-04-11T00:28:39+00:00,129.1478,Yes,Yes,0.038997002,5000.0,194.98501000000002,4805.01499,True,False,False,0x16fe189cdb4766bddf289273cad58486265717218e74c6d58dcd73039df980fd
1,76.09645461701805,VERY HIGH,0.8516129032258064,0.2682830325530303,8,0xcf6a714618a328c608a1c70cb62a31a6bef3f9d0,0x6d0e09d0f04572d9b1adad84703458b0297bc5603b69dccbde93147ee4443246,US forces enter Iran by April 30?,2026-03-23T13:49:27+00:00,2026-04-09T00:28:21+00:00,394.6483,Yes,Yes,0.47,8661.2,4070.764,4590.436000000001,False,False,False,0x5e216534d356d28b441004f494c367ccad56af045dfcdbb6dcae7ee8b075dac2
1,76.09645461701805,VERY HIGH,0.8516129032258064,0.2682830325530303,8,0xcf6a714618a328c608a1c70cb62a31a6bef3f9d0,0x3488f31e6449f9803f99a8b5dd232c7ad883637f1c86e6953305a2ef19c77f20,"US strikes Iran by February 28, 2026?",2026-02-04T17:51:25+00:00,2026-02-28T09:31:17+00:00,567.6644,Yes,Yes,0.32,5873.96,1879.6672,3994.2927999999997,False,False,False,0x755bd45d02eadeb33b6edb246ff0ccfbb961d0eb76970620fd6c92538e418f38
1,76.09645461701805,VERY HIGH,0.8516129032258064,0.2682830325530303,8,0xcf6a714618a328c608a1c70cb62a31a6bef3f9d0,0x4c5701bcde0b8fb7d7f48c8e9d20245a6caa58c61a77f981fad98f2bfa0b1bc7,US x Iran ceasefire by April 7?,2026-04-06T18:15:43+00:00,2026-04-11T00:28:39+00:00,102.2156,Yes,Yes,0.027,4000.0,108.0,3892.0,True,False,False,0xbaeab94d4da3049815222c1657c7cb29eab96780f8ac6bf3ffc9326d9feb0f47
1,76.09645461701805,VERY HIGH,0.8516129032258064,0.2682830325530303,8,0xcf6a714618a328c608a1c70cb62a31a6bef3f9d0,0x4c5701bcde0b8fb7d7f48c8e9d20245a6caa58c61a77f981fad98f2bfa0b1bc7,US x Iran ceasefire by April 7?,2026-04-07T12:26:03+00:00,2026-04-11T00:28:39+00:00,84.0433,Yes,Yes,0.0279925,4000.0,111.97,3888.03,True,False,False,0x4c3b70794a580debd18c0803cf05cf63a64e60a596b086a7e2f880073e1c0eff
1,76.09645461701805,VERY HIGH,0.8516129032258064,0.2682830325530303,8,0xcf6a714618a328c608a1c70cb62a31a6bef3f9d0,0x4c5701bcde0b8fb7d7f48c8e9d20245a6caa58c61a77f981fad98f2bfa0b1bc7,US x Iran ceasefire by April 7?,2026-04-05T15:17:09+00:00,2026-04-11T00:28:39+00:00,129.1917,Yes,Yes,0.0342951075,4000.0,137.18043,3862.81957,True,False,False,0x763863fec00465231ea6f27b4e65fbe7027b4010f42ebb0e9243523330c245e3
1,76.09645461701805,VERY HIGH,0.8516129032258064,0.2682830325530303,8,0xcf6a714618a328c608a1c70cb62a31a6bef3f9d0,0x3488f31e6449f9803f99a8b5dd232c7ad883637f1c86e6953305a2ef19c77f20,"US strikes Iran by February 28, 2026?",2026-02-27T10:05:03+00:00,2026-02-28T09:31:17+00:00,23.4372,Yes,Yes,0.08,3000.0,240.0,2760.0,True,True,False,0xb7ea327b9729cfe94b5c3a9a88cf9c08fa84f51578058d1a3f87ab8f45f36b12
1,76.09645461701805,VERY HIGH,0.8516129032258064,0.2682830325530303,8,0xcf6a714618a328c608a1c70cb62a31a6bef3f9d0,0x4c5701bcde0b8fb7d7f48c8e9d20245a6caa58c61a77f981fad98f2bfa0b1bc7,US x Iran ceasefire by April 7?,2026-04-07T21:10:03+00:00,2026-04-11T00:28:39+00:00,75.31,Yes,Yes,0.24802015,3000.0,744.06045,2255.93955,True,False,False,0xc8cdbac424803e8eb4167d608b1b9fd97aef499ca64ae220f73d13094da401a2
1,76.09645461701805,VERY HIGH,0.8516129032258064,0.2682830325530303,8,0xcf6a714618a328c608a1c70cb62a31a6bef3f9d0,0x3488f31e6449f9803f99a8b5dd232c7ad883637f1c86e6953305a2ef19c77f20,"US strikes Iran by February 28, 2026?",2026-02-04T17:32:43+00:00,2026-02-28T09:31:17+00:00,567.9761,Yes,Yes,0.3194476847,2715.84,867.5688000156481,1848.2711999843518,False,False,False,0xe5442967d19c781b574e9293264f67a77d4a1be880e583a17fd8a4c634c8bf19
1,76.09645461701805,VERY HIGH,0.8516129032258064,0.2682830325530303,8,0xcf6a714618a328c608a1c70cb62a31a6bef3f9d0,0x6d0e09d0f04572d9b1adad84703458b0297bc5603b69dccbde93147ee4443246,US forces enter Iran by April 30?,2026-03-19T19:04:21+00:00,2026-04-09T00:28:21+00:00,485.4,Yes,Yes,0.5,3063.66,1531.83,1531.83,False,False,False,0xbe2bf828991ec2b53ba22703f82fa08cb838ce03eb0017608fae03069c189fd1
1,76.09645461701805,VERY HIGH,0.8516129032258064,0.2682830325530303,8,0xcf6a714618a328c608a1c70cb62a31a6bef3f9d0,0xd4bbf7f6707c67beb736135ad32a41f6db41f8ae52d3ac4919650de9eeb94ed8,Khamenei out as Supreme Leader of Iran by February 28?,2026-02-28T10:56:11+00:00,2026-03-04T01:05:25+00:00,86.1539,Yes,Yes,0.0972276126,1178.23,114.556489993698,1063.673510006302,True,False,False,0xf3ee352d3af77659a84870745bfe84025e2438062b2a6914255f948fdb9e6c22
1,76.09645461701805,VERY HIGH,0.8516129032258064,0.2682830325530303,8,0xcf6a714618a328c608a1c70cb62a31a6bef3f9d0,0x6d0e09d0f04572d9b1adad84703458b0297bc5603b69dccbde93147ee4443246,US forces enter Iran by April 30?,2026-03-24T00:20:17+00:00,2026-04-09T00:28:21+00:00,384.1344,Yes,Yes,0.47,2000.0,940.0,1060.0,False,False,False,0xd3b45c6af6c4455c67dd7a90081e25d04d1aced7eb30077350ed61f8d4573094
1,76.09645461701805,VERY HIGH,0.8516129032258064,0.2682830325530303,8,0xcf6a714618a328c608a1c70cb62a31a6bef3f9d0,0x3488f31e6449f9803f99a8b5dd232c7ad883637f1c86e6953305a2ef19c77f20,"US strikes Iran by February 28, 2026?",2026-02-26T02:56:24+00:00,2026-02-28T09:31:17+00:00,54.5814,Yes,Yes,0.09,1000.0,90.0,910.0,True,False,False,0xabc6d04107f37720c3bd3664cffc15bcf2aab70cba45c1dd1fe8f9c49a817104
1,76.09645461701805,VERY HIGH,0.8516129032258064,0.2682830325530303,8,0xcf6a714618a328c608a1c70cb62a31a6bef3f9d0,0x6d0e09d0f04572d9b1adad84703458b0297bc5603b69dccbde93147ee4443246,US forces enter Iran by April 30?,2026-03-23T13:49:21+00:00,2026-04-09T00:28:21+00:00,394.65,Yes,Yes,0.46,1540.03,708.4138,831.6162,False,False,False,0xadcc6024cb9ecfda27cdcb75e87129e6847c75aa0b91fc895b330d4764a6f161
1,76.09645461701805,VERY HIGH,0.8516129032258064,0.2682830325530303,8,0xcf6a714618a328c608a1c70cb62a31a6bef3f9d0,0xd4bbf7f6707c67beb736135ad32a41f6db41f8ae52d3ac4919650de9eeb94ed8,Khamenei out as Supreme Leader of Iran by February 28?,2026-02-28T15:49:29+00:00,2026-03-04T01:05:25+00:00,81.2656,Yes,Yes,0.398,1000.0,398.0,602.0,False,False,False,0xed45638f6e97efebdbd09f306602095a63484024fb1e94c31fd086751484e152
1,76.09645461701805,VERY HIGH,0.8516129032258064,0.2682830325530303,8,0xcf6a714618a328c608a1c70cb62a31a6bef3f9d0,0x6d0e09d0f04572d9b1adad84703458b0297bc5603b69dccbde93147ee4443246,US forces enter Iran by April 30?,2026-03-23T15:57:03+00:00,2026-04-09T00:28:21+00:00,392.5217,Yes,Yes,0.44,1000.0,440.0,560.0,False,False,False,0xcfadd0428ec2c23c07fca2e8f6ad7c083db723258165ee8af0f37a34a15f38be
1,76.09645461701805,VERY HIGH,0.8516129032258064,0.2682830325530303,8,0xcf6a714618a328c608a1c70cb62a31a6bef3f9d0,0x6d0e09d0f04572d9b1adad84703458b0297bc5603b69dccbde93147ee4443246,US forces enter Iran by April 30?,2026-03-23T13:58:11+00:00,2026-04-09T00:28:21+00:00,394.5028,Yes,Yes,0.45,1016.63,457.4835,559.1465000000001,False,False,False,0x45bb7d8097355245e0a965e324a80f6e49375905ba5d2804ffa5fe63fab5d881
1,76.09645461701805,VERY HIGH,0.8516129032258064,0.2682830325530303,8,0xcf6a714618a328c608a1c70cb62a31a6bef3f9d0,0x6d0e09d0f04572d9b1adad84703458b0297bc5603b69dccbde93147ee4443246,US forces enter Iran by April 30?,2026-03-23T16:11:05+00:00,2026-04-09T00:28:21+00:00,392.2878,Yes,Yes,0.45,1000.0,450.0,550.0,False,False,False,0xc6b979af8823c73b56ecd5bc4ab1306c755156e8f4fd79e035ad92a8181a01cd
1,76.09645461701805,VERY HIGH,0.8516129032258064,0.2682830325530303,8,0xcf6a714618a328c608a1c70cb62a31a6bef3f9d0,0x6d0e09d0f04572d9b1adad84703458b0297bc5603b69dccbde93147ee4443246,US forces enter Iran by April 30?,2026-03-19T17:36:59+00:00,2026-04-09T00:28:21+00:00,486.8561,Yes,Yes,0.5,1093.0,546.5,546.5,False,False,False,0xd78474f50c72a74b55eae733ed6d13dab61ca9df22f42500286ee44bb59903a6
1,76.09645461701805,VERY HIGH,0.8516129032258064,0.2682830325530303,8,0xcf6a714618a328c608a1c70cb62a31a6bef3f9d0,0x6d0e09d0f04572d9b1adad84703458b0297bc5603b69dccbde93147ee4443246,US forces enter Iran by April 30?,2026-03-23T14:25:53+00:00,2026-04-09T00:28:21+00:00,394.0411,Yes,Yes,0.46,1000.0,460.0,540.0,False,False,False,0x706b81207c2fbcd3b1586fc682d15c733b59004a3f87891b28797655d6e2daae
1,76.09645461701805,VERY HIGH,0.8516129032258064,0.2682830325530303,8,0xcf6a714618a328c608a1c70cb62a31a6bef3f9d0,0xd4bbf7f6707c67beb736135ad32a41f6db41f8ae52d3ac4919650de9eeb94ed8,Khamenei out as Supreme Leader of Iran by February 28?,2026-02-28T18:02:09+00:00,2026-03-04T01:05:25+00:00,79.0544,Yes,Yes,0.47499,1000.0,474.99,525.01,False,False,False,0xfec641ff5ce3a6bc3be6abcb89d76a93630fd5c66ed8c74ff0c812c254d54afd
1,76.09645461701805,VERY HIGH,0.8516129032258064,0.2682830325530303,8,0xcf6a714618a328c608a1c70cb62a31a6bef3f9d0,0xd4bbf7f6707c67beb736135ad32a41f6db41f8ae52d3ac4919650de9eeb94ed8,Khamenei out as Supreme Leader of Iran by February 28?,2026-02-28T18:01:45+00:00,2026-03-04T01:05:25+00:00,79.0611,Yes,Yes,0.48459328,1000.0,484.59328,515.40672,False,False,False,0xb73054d5ab2cdb37a761d7d6ff5dca1bf15bdbadc1989855ad088c86733e2d63
1,76.09645461701805,VERY HIGH,0.8516129032258064,0.2682830325530303,8,0xcf6a714618a328c608a1c70cb62a31a6bef3f9d0,0x6d0e09d0f04572d9b1adad84703458b0297bc5603b69dccbde93147ee4443246,US forces enter Iran by April 30?,2026-03-25T03:00:19+00:00,2026-04-09T00:28:21+00:00,357.4672,Yes,Yes,0.49,984.7,482.503,502.19700000000006,False,False,False,0x58e3ac1d5e58a2d3eccc54c606c1cb373a2cc4cea2dd0c99a858328e58ac1f54
1,76.09645461701805,VERY HIGH,0.8516129032258064,0.2682830325530303,8,0xcf6a714618a328c608a1c70cb62a31a6bef3f9d0,0x6d0e09d0f04572d9b1adad84703458b0297bc5603b69dccbde93147ee4443246,US forces enter Iran by April 30?,2026-03-23T14:26:51+00:00,2026-04-09T00:28:21+00:00,394.025,Yes,Yes,0.46,901.57,414.72220000000004,486.84780000000006,False,False,False,0x577c3f05ec646cdb24a39154b709d698a231ff32e8dc8ff71da0216af7bf30cf
1,76.09645461701805,VERY HIGH,0.8516129032258064,0.2682830325530303,8,0xcf6a714618a328c608a1c70cb62a31a6bef3f9d0,0xd4bbf7f6707c67beb736135ad32a41f6db41f8ae52d3ac4919650de9eeb94ed8,Khamenei out as Supreme Leader of Iran by February 28?,2026-02-28T07:04:33+00:00,2026-03-04T01:05:25+00:00,90.0144,Yes,Yes,0.075,500.0,37.5,462.5,True,False,False,0x910beda8009ae86c60487dd1ad9d5b713f233ee8bd90565d1fde5c51cc4d109e
1,76.09645461701805,VERY HIGH,0.8516129032258064,0.2682830325530303,8,0xcf6a714618a328c608a1c70cb62a31a6bef3f9d0,0x6d0e09d0f04572d9b1adad84703458b0297bc5603b69dccbde93147ee4443246,US forces enter Iran by April 30?,2026-03-25T03:21:41+00:00,2026-04-09T00:28:21+00:00,357.1111,Yes,Yes,0.5,790.0,395.0,395.0,False,False,False,0x5774f14fc72b41d163948a5463db6e96b66d989cf85415ed72fbdd8975a62228
1,76.09645461701805,VERY HIGH,0.8516129032258064,0.2682830325530303,8,0xcf6a714618a328c608a1c70cb62a31a6bef3f9d0,0x6d0e09d0f04572d9b1adad84703458b0297bc5603b69dccbde93147ee4443246,US forces enter Iran by April 30?,2026-03-23T14:14:03+00:00,2026-04-09T00:28:21+00:00,394.2383,Yes,Yes,0.46,515.76,237.24960000000002,278.5104,False,False,False,0xb9ecf2ce60f3f4718af0563748d856d4d9af5ae5f042913b8229a381d3f57cdf
1,76.09645461701805,VERY HIGH,0.8516129032258064,0.2682830325530303,8,0xcf6a714618a328c608a1c70cb62a31a6bef3f9d0,0x1d2787cb8aed975d092b2799ed6f4083e9445f7420cdc09e9d47e7d54356c6cd,"US x Iran ceasefire extended by April 22, 2026?",2026-04-21T23:38:06+00:00,2026-05-01T00:32:42+00:00,216.91,No,No,0.47,487.95,229.33649999999997,258.6135,False,False,False,0x4771f45ab18a3cb1f469d47d6f13e7313ca1c5f3041784a1ac890c228fd0564d
1,76.09645461701805,VERY HIGH,0.8516129032258064,0.2682830325530303,8,0xcf6a714618a328c608a1c70cb62a31a6bef3f9d0,0x6d0e09d0f04572d9b1adad84703458b0297bc5603b69dccbde93147ee4443246,US forces enter Iran by April 30?,2026-03-23T13:51:29+00:00,2026-04-09T00:28:21+00:00,394.6144,Yes,Yes,0.4598514293,336.54,154.758400016622,181.78159998337802,False,False,False,0x3aa319943369c4dc575ba0ce05c5f41ccdc1b7dc79ae1c261f2760a561c67eb5
1,76.09645461701805,VERY HIGH,0.8516129032258064,0.2682830325530303,8,0xcf6a714618a328c608a1c70cb62a31a6bef3f9d0,0x6d0e09d0f04572d9b1adad84703458b0297bc5603b69dccbde93147ee4443246,US forces enter Iran by April 30?,2026-03-23T15:16:13+00:00,2026-04-09T00:28:21+00:00,393.2022,Yes,Yes,0.45,319.99,143.99550000000002,175.99450000000002,False,False,False,0x1cea9b4cf4f457bda25166288d0d041235a8161a900ae5f5df1cd32577fd7ad4
1,76.09645461701805,VERY HIGH,0.8516129032258064,0.2682830325530303,8,0xcf6a714618a328c608a1c70cb62a31a6bef3f9d0,0x6d0e09d0f04572d9b1adad84703458b0297bc5603b69dccbde93147ee4443246,US forces enter Iran by April 30?,2026-03-25T03:43:17+00:00,2026-04-09T00:28:21+00:00,356.7511,Yes,Yes,0.5,285.0,142.5,142.5,False,False,False,0x2dbcfbfa5c0645889cc5e92e73e87b879395edd7264b8b077e91043c3a22b913
1,76.09645461701805,VERY HIGH,0.8516129032258064,0.2682830325530303,8,0xcf6a714618a328c608a1c70cb62a31a6bef3f9d0,0x6d0e09d0f04572d9b1adad84703458b0297bc5603b69dccbde93147ee4443246,US forces enter Iran by April 30?,2026-03-23T16:10:03+00:00,2026-04-09T00:28:21+00:00,392.305,Yes,Yes,0.45,192.0,86.4,105.60000000000001,False,False,False,0xc0455db9e853b0949941b7825137f6d3f4d5f5cb778db0b22bf2f851099d1228
1,76.09645461701805,VERY HIGH,0.8516129032258064,0.2682830325530303,8,0xcf6a714618a328c608a1c70cb62a31a6bef3f9d0,0x6d0e09d0f04572d9b1adad84703458b0297bc5603b69dccbde93147ee4443246,US forces enter Iran by April 30?,2026-03-25T03:05:05+00:00,2026-04-09T00:28:21+00:00,357.3878,Yes,Yes,0.5,201.64,100.82,100.82,False,False,False,0xba093b9bc967f196fef440cd59027cf7029b67e433bfb0261624b28a68fe78c0
1,76.09645461701805,VERY HIGH,0.8516129032258064,0.2682830325530303,8,0xcf6a714618a328c608a1c70cb62a31a6bef3f9d0,0x6d0e09d0f04572d9b1adad84703458b0297bc5603b69dccbde93147ee4443246,US forces enter Iran by April 30?,2026-03-25T03:42:39+00:00,2026-04-09T00:28:21+00:00,356.7617,Yes,Yes,0.5,100.0,50.0,50.0,False,False,False,0x19a4b4077f1b02d8715b07bdd42febae7d3a930970a5f1f5d0492e7d3c3b2169
1,76.09645461701805,VERY HIGH,0.8516129032258064,0.2682830325530303,8,0xcf6a714618a328c608a1c70cb62a31a6bef3f9d0,0x6d0e09d0f04572d9b1adad84703458b0297bc5603b69dccbde93147ee4443246,US forces enter Iran by April 30?,2026-03-19T17:42:59+00:00,2026-04-09T00:28:21+00:00,486.7561,Yes,Yes,0.5,23.0,11.5,11.5,False,False,False,0xcc1e8803b2103c55db7e07f855ca32817885f0dc4ae01c823e956d38bad98a4d
1,76.09645461701805,VERY HIGH,0.8516129032258064,0.2682830325530303,8,0xcf6a714618a328c608a1c70cb62a31a6bef3f9d0,0x3488f31e6449f9803f99a8b5dd232c7ad883637f1c86e6953305a2ef19c77f20,"US strikes Iran by February 28, 2026?",2026-02-27T10:57:45+00:00,2026-02-28T09:31:17+00:00,22.5589,Yes,Yes,0.19,10.0,1.9,8.100000000000001,True,True,False,0x5aedcf466017b3bc899b7b7c1c5667a443225f0eb807cfe3a53555ae3d874153
1,76.09645461701805,VERY HIGH,0.8516129032258064,0.2682830325530303,8,0xcf6a714618a328c608a1c70cb62a31a6bef3f9d0,0x6d0e09d0f04572d9b1adad84703458b0297bc5603b69dccbde93147ee4443246,US forces enter Iran by April 30?,2026-03-23T14:06:21+00:00,2026-04-09T00:28:21+00:00,394.3667,Yes,Yes,0.46,14.81,6.812600000000001,7.997400000000001,False,False,False,0xc28853ce88b4286fecf6ead576e70ae96ec1f5202c5273a78fb6f5910748c698
1,76.09645461701805,VERY HIGH,0.8516129032258064,0.2682830325530303,8,0xcf6a714618a328c608a1c70cb62a31a6bef3f9d0,0x6d0e09d0f04572d9b1adad84703458b0297bc5603b69dccbde93147ee4443246,US forces enter Iran by April 30?,2026-03-19T17:21:05+00:00,2026-04-09T00:28:21+00:00,487.1211,Yes,Yes,0.49,14.7,7.202999999999999,7.497,False,False,False,0x65b89b3ed9a1a07078bb26e7ca374c8bd8384ac061c5cf7eb85664fc71ffa93f
1,76.09645461701805,VERY HIGH,0.8516129032258064,0.2682830325530303,8,0xcf6a714618a328c608a1c70cb62a31a6bef3f9d0,0x6d0e09d0f04572d9b1adad84703458b0297bc5603b69dccbde93147ee4443246,US forces enter Iran by April 30?,2026-03-25T03:00:59+00:00,2026-04-09T00:28:21+00:00,357.4561,Yes,Yes,0.49,13.65,6.6885,6.9615,False,False,False,0x41d6773e828278cb954bcd81a42fdc60438482d8f56dfb438c504fe943ae0bad
1,76.09645461701805,VERY HIGH,0.8516129032258064,0.2682830325530303,8,0xcf6a714618a328c608a1c70cb62a31a6bef3f9d0,0xd4bbf7f6707c67beb736135ad32a41f6db41f8ae52d3ac4919650de9eeb94ed8,Khamenei out as Supreme Leader of Iran by February 28?,2026-02-28T10:08:51+00:00,2026-03-04T01:05:25+00:00,86.9428,Yes,Yes,0.301,5.0,1.505,3.495,False,False,False,0xddb18eed1645fe7f1a2281f1d4af3f92b0ca25c0b9abf8ca8bbf945258fe70aa
1,76.09645461701805,VERY HIGH,0.8516129032258064,0.2682830325530303,8,0xcf6a714618a328c608a1c70cb62a31a6bef3f9d0,0x6d0e09d0f04572d9b1adad84703458b0297bc5603b69dccbde93147ee4443246,US forces enter Iran by April 30?,2026-03-23T13:52:45+00:00,2026-04-09T00:28:21+00:00,394.5933,Yes,Yes,0.46,5.0,2.3000000000000003,2.7,False,False,False,0x45066fd6248623e8258b604b03e6f03e017851231fe498d2bd944c697aad6f4b
1,76.09645461701805,VERY HIGH,0.8516129032258064,0.2682830325530303,8,0xcf6a714618a328c608a1c70cb62a31a6bef3f9d0,0x6d0e09d0f04572d9b1adad84703458b0297bc5603b69dccbde93147ee4443246,US forces enter Iran by April 30?,2026-03-19T16:57:43+00:00,2026-04-09T00:28:21+00:00,487.5106,Yes,Yes,0.49,5.0,2.45,2.55,False,False,False,0xc156136535cbef9ba7582f342e9443fa08ba7c9445c41ee3800c944f5f4027f6
1,76.09645461701805,VERY HIGH,0.8516129032258064,0.2682830325530303,8,0xcf6a714618a328c608a1c70cb62a31a6bef3f9d0,0x6d0e09d0f04572d9b1adad84703458b0297bc5603b69dccbde93147ee4443246,US forces enter Iran by April 30?,2026-03-23T21:07:51+00:00,2026-04-09T00:28:21+00:00,387.3417,Yes,Yes,0.46,2.7,1.2420000000000002,1.4580000000000002,False,False,False,0x27a66e28663952e51f44131ae8117157cb8b07f04fbb8b71620d148732fbe137
2,70.2851018138767,HIGH,0.8192488262910798,0.23591895561830367,11,0x10b289276b2b69cac7b1bbc58601009b6ee74ceb,0xd4bbf7f6707c67beb736135ad32a41f6db41f8ae52d3ac4919650de9eeb94ed8,Khamenei out as Supreme Leader of Iran by February 28?,2026-02-28T10:18:45+00:00,2026-03-04T01:05:25+00:00,86.7778,Yes,Yes,0.149999998,369.266665,55.389999011466664,313.8766659885333,True,False,False,0x629942c3ba068e80e3b0fa7a6c180a114d97fb0f2f087de606c3c0de047e0c17
2,70.2851018138767,HIGH,0.8192488262910798,0.23591895561830367,11,0x10b289276b2b69cac7b1bbc58601009b6ee74ceb,0xd4bbf7f6707c67beb736135ad32a41f6db41f8ae52d3ac4919650de9eeb94ed8,Khamenei out as Supreme Leader of Iran by February 28?,2026-02-28T12:51:53+00:00,2026-03-04T01:05:25+00:00,84.2256,Yes,Yes,0.0909999974,331.53846,30.169998998000004,301.368461002,True,False,False,0xc3a9cfbccd67bbb06f760b56a969466b51e67e182dfd95bd1098660ce93b2b74
2,70.2851018138767,HIGH,0.8192488262910798,0.23591895561830367,11,0x10b289276b2b69cac7b1bbc58601009b6ee74ceb,0xd4bbf7f6707c67beb736135ad32a41f6db41f8ae52d3ac4919650de9eeb94ed8,Khamenei out as Supreme Leader of Iran by February 28?,2026-02-28T09:50:03+00:00,2026-03-04T01:05:25+00:00,87.2561,Yes,Yes,0.1189999962,220.588234,26.24999900776471,194.3382349922353,True,False,False,0xf0089e40ad708a9430c749a213649d1902b63712afa4e79269b3a15b4c67410c
2,70.2851018138767,HIGH,0.8192488262910798,0.23591895561830367,11,0x10b289276b2b69cac7b1bbc58601009b6ee74ceb,0x3488f31e6449f9803f99a8b5dd232c7ad883637f1c86e6953305a2ef19c77f20,"US strikes Iran by February 28, 2026?",2026-02-24T21:31:06+00:00,2026-02-28T09:31:17+00:00,84.0031,Yes,Yes,0.1799999953,167.722221,30.189998991705558,137.53222200829444,True,False,False,0x57cff6d66e6791ae3f672e4c5f38716a71dfde75a9608c49c93f8d873b966bee
2,70.2851018138767,HIGH,0.8192488262910798,0.23591895561830367,11,0x10b289276b2b69cac7b1bbc58601009b6ee74ceb,0x3488f31e6449f9803f99a8b5dd232c7ad883637f1c86e6953305a2ef19c77f20,"US strikes Iran by February 28, 2026?",2026-02-26T22:15:02+00:00,2026-02-28T09:31:17+00:00,35.2708,Yes,Yes,0.0899999919,111.11111,9.99999900000001,101.111111,True,False,False,0xed5a7ceb25111821a6a47f00f41e711e3ce74c617fef16ffc782016d3f91ee11
2,70.2851018138767,HIGH,0.8192488262910798,0.23591895561830367,11,0x10b289276b2b69cac7b1bbc58601009b6ee74ceb,0x3488f31e6449f9803f99a8b5dd232c7ad883637f1c86e6953305a2ef19c77f20,"US strikes Iran by February 28, 2026?",2026-02-26T05:15:04+00:00,2026-02-28T09:31:17+00:00,52.2703,Yes,Yes,0.0899999919,111.11111,9.99999900000001,101.111111,True,False,False,0x157398dd20cdc11b3a4aec33487ee379e05afadf98e9c4bcdd23c2c8f5410de2
2,70.2851018138767,HIGH,0.8192488262910798,0.23591895561830367,11,0x10b289276b2b69cac7b1bbc58601009b6ee74ceb,0xd4bbf7f6707c67beb736135ad32a41f6db41f8ae52d3ac4919650de9eeb94ed8,Khamenei out as Supreme Leader of Iran by February 28?,2026-02-28T10:16:19+00:00,2026-03-04T01:05:25+00:00,86.8183,Yes,Yes,0.1529999925,101.307188,15.499999004196088,85.80718899580391,True,False,False,0x845acfbc35ac24ba3017b99ae5a096ded38130072d8eddf35f9901ca5e480c68
2,70.2851018138767,HIGH,0.8192488262910798,0.23591895561830367,11,0x10b289276b2b69cac7b1bbc58601009b6ee74ceb,0x3488f31e6449f9803f99a8b5dd232c7ad883637f1c86e6953305a2ef19c77f20,"US strikes Iran by February 28, 2026?",2026-02-25T23:49:32+00:00,2026-02-28T09:31:17+00:00,57.6958,Yes,Yes,0.1099999913,90.909089,9.999998999090925,80.90909000090906,True,False,False,0xf664cd4669f86d97c6086035fc5aa751da0ebfd59103fca6e0a4bdaec48984a9
2,70.2851018138767,HIGH,0.8192488262910798,0.23591895561830367,11,0x10b289276b2b69cac7b1bbc58601009b6ee74ceb,0x3488f31e6449f9803f99a8b5dd232c7ad883637f1c86e6953305a2ef19c77f20,"US strikes Iran by February 28, 2026?",2026-02-26T17:18:20+00:00,2026-02-28T09:31:17+00:00,40.2158,Yes,Yes,0.1299999902,76.923075,9.999998996153865,66.92307600384613,True,False,False,0x395ee80e906c4086edd2dd34c564d44f5f441781fa3aa52f61aa217500a1bee1
2,70.2851018138767,HIGH,0.8192488262910798,0.23591895561830367,11,0x10b289276b2b69cac7b1bbc58601009b6ee74ceb,0x3488f31e6449f9803f99a8b5dd232c7ad883637f1c86e6953305a2ef19c77f20,"US strikes Iran by February 28, 2026?",2026-02-27T21:05:45+00:00,2026-02-28T09:31:17+00:00,12.4256,Yes,Yes,0.16,72.1875,11.55,60.637499999999996,True,True,False,0xf26e81ab73b3378790c9028cb9487ad21fc1fcda6ec0795ece86b919f3697053
2,70.2851018138767,HIGH,0.8192488262910798,0.23591895561830367,11,0x10b289276b2b69cac7b1bbc58601009b6ee74ceb,0x3488f31e6449f9803f99a8b5dd232c7ad883637f1c86e6953305a2ef19c77f20,"US strikes Iran by February 28, 2026?",2026-02-27T21:29:39+00:00,2026-02-28T09:31:17+00:00,12.0272,Yes,Yes,0.189999988,52.631577,9.999998998421077,42.63157800157892,True,True,False,0xc68b5cb58e29a0061f3934276f17db7a1b6863cabfa79ef7ef60ea29da0d8c02
2,70.2851018138767,HIGH,0.8192488262910798,0.23591895561830367,11,0x10b289276b2b69cac7b1bbc58601009b6ee74ceb,0x3488f31e6449f9803f99a8b5dd232c7ad883637f1c86e6953305a2ef19c77f20,"US strikes Iran by February 28, 2026?",2026-02-27T16:24:17+00:00,2026-02-28T09:31:17+00:00,17.1167,Yes,Yes,0.189999988,52.631577,9.999998998421077,42.63157800157892,True,True,False,0x5f417d8ad67c34345a911ae246657316a96dfad241e52b26d7f283d52edcb110
2,70.2851018138767,HIGH,0.8192488262910798,0.23591895561830367,11,0x10b289276b2b69cac7b1bbc58601009b6ee74ceb,0x3488f31e6449f9803f99a8b5dd232c7ad883637f1c86e6953305a2ef19c77f20,"US strikes Iran by February 28, 2026?",2026-02-24T22:56:52+00:00,2026-02-28T09:31:17+00:00,82.5736,Yes,Yes,0.189999988,52.631577,9.999998998421077,42.63157800157892,True,False,False,0x23b49a67ea61d87e01fcd6945fbada6f1a18cab4199ca961ad848204a9a5431f
2,70.2851018138767,HIGH,0.8192488262910798,0.23591895561830367,11,0x10b289276b2b69cac7b1bbc58601009b6ee74ceb,0x3488f31e6449f9803f99a8b5dd232c7ad883637f1c86e6953305a2ef19c77f20,"US strikes Iran by February 28, 2026?",2026-02-27T23:06:39+00:00,2026-02-28T09:31:17+00:00,10.4106,Yes,Yes,0.2,50.0,10.0,40.0,True,True,False,0xf23e70a59490636e67dbafbf9b16d5b5a420ce8fb14c0a9dca6cd4e7ff367ff3
2,70.2851018138767,HIGH,0.8192488262910798,0.23591895561830367,11,0x10b289276b2b69cac7b1bbc58601009b6ee74ceb,0x3488f31e6449f9803f99a8b5dd232c7ad883637f1c86e6953305a2ef19c77f20,"US strikes Iran by February 28, 2026?",2026-02-27T18:15:23+00:00,2026-02-28T09:31:17+00:00,15.265,Yes,Yes,0.1399999817,42.571427,5.959999000942886,36.61142799905711,True,True,False,0x2321116ed485b62abfa32789d378343df4c54996aeaaf51007e68b91dced9f23
2,70.2851018138767,HIGH,0.8192488262910798,0.23591895561830367,11,0x10b289276b2b69cac7b1bbc58601009b6ee74ceb,0xd4bbf7f6707c67beb736135ad32a41f6db41f8ae52d3ac4919650de9eeb94ed8,Khamenei out as Supreme Leader of Iran by February 28?,2026-02-28T14:12:17+00:00,2026-03-04T01:05:25+00:00,82.8856,Yes,Yes,0.3749999909,54.773332,20.53999900156268,34.23333299843732,False,False,False,0xe12e2c61898caa24dca28cb86690dfb53abebaa2f7d3d93b8a9170b8a14a3703
2,70.2851018138767,HIGH,0.8192488262910798,0.23591895561830367,11,0x10b289276b2b69cac7b1bbc58601009b6ee74ceb,0x3488f31e6449f9803f99a8b5dd232c7ad883637f1c86e6953305a2ef19c77f20,"US strikes Iran by February 28, 2026?",2026-02-27T13:27:53+00:00,2026-02-28T09:31:17+00:00,20.0567,Yes,Yes,0.2299999869,43.478259,9.999999000434808,33.478259999565196,True,True,False,0x7f709ac2d16b3035e657189d2a0b98c3bc71e65de2975d3c8518d7ab8534fae6
2,70.2851018138767,HIGH,0.8192488262910798,0.23591895561830367,11,0x10b289276b2b69cac7b1bbc58601009b6ee74ceb,0x3488f31e6449f9803f99a8b5dd232c7ad883637f1c86e6953305a2ef19c77f20,"US strikes Iran by February 28, 2026?",2026-02-27T10:31:13+00:00,2026-02-28T09:31:17+00:00,23.0011,Yes,Yes,0.119999977,36.583332,4.389998998583364,32.19333300141663,True,True,False,0x3359fd087249f9d87ac0bb8bb3baecbab2b062314d7724d41b86f86bf6dcaaad
2,70.2851018138767,HIGH,0.8192488262910798,0.23591895561830367,11,0x10b289276b2b69cac7b1bbc58601009b6ee74ceb,0x3488f31e6449f9803f99a8b5dd232c7ad883637f1c86e6953305a2ef19c77f20,"US strikes Iran by February 28, 2026?",2026-02-26T21:27:32+00:00,2026-02-28T09:31:17+00:00,36.0625,Yes,Yes,0.08,30.0,2.4,27.6,True,False,False,0x108eb2d1cfdf062bc9705178bbbd59c45de5cf120627c38eae3e1a9a66e30641
2,70.2851018138767,HIGH,0.8192488262910798,0.23591895561830367,11,0x10b289276b2b69cac7b1bbc58601009b6ee74ceb,0x3488f31e6449f9803f99a8b5dd232c7ad883637f1c86e6953305a2ef19c77f20,"US strikes Iran by February 28, 2026?",2026-02-26T21:22:46+00:00,2026-02-28T09:31:17+00:00,36.1419,Yes,Yes,0.08,29.875,2.39,27.485,True,False,False,0xa5eda41fa4d2931cc1e8a305a27873a8a6697662279001b360b87227b4032e10
2,70.2851018138767,HIGH,0.8192488262910798,0.23591895561830367,11,0x10b289276b2b69cac7b1bbc58601009b6ee74ceb,0x3488f31e6449f9803f99a8b5dd232c7ad883637f1c86e6953305a2ef19c77f20,"US strikes Iran by February 28, 2026?",2026-02-26T13:28:36+00:00,2026-02-28T09:31:17+00:00,44.0447,Yes,Yes,0.1,29.9,2.99,26.91,True,False,False,0x0776038957867829a5a20bdc43950e51f304dd62b6ea10b437e08a1c4c4dde3c
2,70.2851018138767,HIGH,0.8192488262910798,0.23591895561830367,11,0x10b289276b2b69cac7b1bbc58601009b6ee74ceb,0x3488f31e6449f9803f99a8b5dd232c7ad883637f1c86e6953305a2ef19c77f20,"US strikes Iran by February 28, 2026?",2026-02-27T14:58:51+00:00,2026-02-28T09:31:17+00:00,18.5406,Yes,Yes,0.2299999797,30.608694,7.039998998643512,23.568695001356488,True,True,False,0xfa83043758540a3c0c23b1a970a8ea69d8702c1f327e149373cc49f5c7df27e4
2,70.2851018138767,HIGH,0.8192488262910798,0.23591895561830367,11,0x10b289276b2b69cac7b1bbc58601009b6ee74ceb,0x3488f31e6449f9803f99a8b5dd232c7ad883637f1c86e6953305a2ef19c77f20,"US strikes Iran by February 28, 2026?",2026-02-27T12:51:45+00:00,2026-02-28T09:31:17+00:00,20.6589,Yes,Yes,0.2199999773,29.954544,6.589999000031852,23.36454499996815,True,True,False,0x9aac1cfdc1baf0594c37e7b2a2f7a97eee52669ce7f24eba430a26fb8ed0fa2f
2,70.2851018138767,HIGH,0.8192488262910798,0.23591895561830367,11,0x10b289276b2b69cac7b1bbc58601009b6ee74ceb,0x3488f31e6449f9803f99a8b5dd232c7ad883637f1c86e6953305a2ef19c77f20,"US strikes Iran by February 28, 2026?",2026-02-27T20:41:25+00:00,2026-02-28T09:31:17+00:00,12.8311,Yes,Yes,0.1699999722,26.941175,4.579999001035335,22.36117599896467,True,True,False,0x39fbefdd75e8d981fb029d7d7e0b04cd136f99b2553dc063518e07c381cbfc84
2,70.2851018138767,HIGH,0.8192488262910798,0.23591895561830367,11,0x10b289276b2b69cac7b1bbc58601009b6ee74ceb,0x3488f31e6449f9803f99a8b5dd232c7ad883637f1c86e6953305a2ef19c77f20,"US strikes Iran by February 28, 2026?",2026-02-27T19:20:09+00:00,2026-02-28T09:31:17+00:00,14.1856,Yes,Yes,0.15,21.0,3.15,17.849999999999998,True,True,False,0x2a17add7df52abbe66333a97e43cee8e5f815a5d18f9433ef44dc3ace0d2adfa
2,70.2851018138767,HIGH,0.8192488262910798,0.23591895561830367,11,0x10b289276b2b69cac7b1bbc58601009b6ee74ceb,0x3488f31e6449f9803f99a8b5dd232c7ad883637f1c86e6953305a2ef19c77f20,"US strikes Iran by February 28, 2026?",2026-02-27T19:19:27+00:00,2026-02-28T09:31:17+00:00,14.1972,Yes,Yes,0.15,21.0,3.15,17.849999999999998,True,True,False,0x9e7e4d996abf7d34eca397c7d026a0947fdbb1542c4f70d1314dabaece2e5c75
2,70.2851018138767,HIGH,0.8192488262910798,0.23591895561830367,11,0x10b289276b2b69cac7b1bbc58601009b6ee74ceb,0x3488f31e6449f9803f99a8b5dd232c7ad883637f1c86e6953305a2ef19c77f20,"US strikes Iran by February 28, 2026?",2026-02-27T19:16:47+00:00,2026-02-28T09:31:17+00:00,14.2417,Yes,Yes,0.15,21.0,3.15,17.849999999999998,True,True,False,0x4b2791f663ef180a10dff02543a384722399f581edd14d98c9bc56c571092d23
2,70.2851018138767,HIGH,0.8192488262910798,0.23591895561830367,11,0x10b289276b2b69cac7b1bbc58601009b6ee74ceb,0x3488f31e6449f9803f99a8b5dd232c7ad883637f1c86e6953305a2ef19c77f20,"US strikes Iran by February 28, 2026?",2026-02-27T11:06:03+00:00,2026-02-28T09:31:17+00:00,22.4206,Yes,Yes,0.1699999649,21.058822,3.5799990008353477,17.478822999164652,True,True,False,0xf11730e893f77f5a93c4ef721ed4d3f333311b966fa24cf3509d2daceee59e2b
2,70.2851018138767,HIGH,0.8192488262910798,0.23591895561830367,11,0x10b289276b2b69cac7b1bbc58601009b6ee74ceb,0x3488f31e6449f9803f99a8b5dd232c7ad883637f1c86e6953305a2ef19c77f20,"US strikes Iran by February 28, 2026?",2026-02-27T12:50:05+00:00,2026-02-28T09:31:17+00:00,20.6867,Yes,Yes,0.24,21.0,5.04,15.96,True,True,False,0x0ed6abc491d85e48644c1bd56815b782d32afefc28922c36456ca4244163c30c
2,70.2851018138767,HIGH,0.8192488262910798,0.23591895561830367,11,0x10b289276b2b69cac7b1bbc58601009b6ee74ceb,0x3488f31e6449f9803f99a8b5dd232c7ad883637f1c86e6953305a2ef19c77f20,"US strikes Iran by February 28, 2026?",2026-02-27T10:45:21+00:00,2026-02-28T09:31:17+00:00,22.7656,Yes,Yes,0.15,18.6,2.79,15.81,True,True,False,0x417879c107c0addffdb17be3d39f13a3d19824524bd404ea7df4a12d9a6c48fd
2,70.2851018138767,HIGH,0.8192488262910798,0.23591895561830367,11,0x10b289276b2b69cac7b1bbc58601009b6ee74ceb,0x3488f31e6449f9803f99a8b5dd232c7ad883637f1c86e6953305a2ef19c77f20,"US strikes Iran by February 28, 2026?",2026-02-27T12:50:07+00:00,2026-02-28T09:31:17+00:00,20.6861,Yes,Yes,0.2399999659,19.958332,4.789998999420878,15.16833300057912,True,True,False,0x37ce0b03407d02eafa1f214e1d2a2c3a7453d989c7544f7ce3277212a5ed1cf7
2,70.2851018138767,HIGH,0.8192488262910798,0.23591895561830367,11,0x10b289276b2b69cac7b1bbc58601009b6ee74ceb,0x43ec78527bd98a0588dd9455685b2cc82f5743140cb3a154603dc03c02b57de5,US government shutdown Saturday?,2026-01-08T03:03:09+00:00,2026-02-04T00:35:28+00:00,645.5386,Yes,Yes,0.25,19.84,4.96,14.879999999999999,True,False,False,0xfc551f34cf1bc8369f91862531011aca482184a1e153b335d3e878e25d48b1ab
2,70.2851018138767,HIGH,0.8192488262910798,0.23591895561830367,11,0x10b289276b2b69cac7b1bbc58601009b6ee74ceb,0x3488f31e6449f9803f99a8b5dd232c7ad883637f1c86e6953305a2ef19c77f20,"US strikes Iran by February 28, 2026?",2026-02-27T19:14:27+00:00,2026-02-28T09:31:17+00:00,14.2806,Yes,Yes,0.15,15.6,2.34,13.26,True,True,False,0x025206a4fcfd30cb88888c16bdc345161552d4094d59dfe392f1d2313800b928
2,70.2851018138767,HIGH,0.8192488262910798,0.23591895561830367,11,0x10b289276b2b69cac7b1bbc58601009b6ee74ceb,0x3488f31e6449f9803f99a8b5dd232c7ad883637f1c86e6953305a2ef19c77f20,"US strikes Iran by February 28, 2026?",2026-02-26T12:49:36+00:00,2026-02-28T09:31:17+00:00,44.6947,Yes,Yes,0.1,13.0,1.3,11.700000000000001,True,False,False,0x60cb3ddf15d8bb0633bdfd1613e8dca3d4c21eee86b50af6569c3f52903dd2ef
2,70.2851018138767,HIGH,0.8192488262910798,0.23591895561830367,11,0x10b289276b2b69cac7b1bbc58601009b6ee74ceb,0x3488f31e6449f9803f99a8b5dd232c7ad883637f1c86e6953305a2ef19c77f20,"US strikes Iran by February 28, 2026?",2026-02-27T14:02:07+00:00,2026-02-28T09:31:17+00:00,19.4861,Yes,Yes,0.2599999554,15.230768,3.9599990007077466,11.270768999292253,False,True,False,0x2dd9eab3d6d5c85c1771f4fbd7269ceb65963ccac330ce846c72ac3f19fd4653
2,70.2851018138767,HIGH,0.8192488262910798,0.23591895561830367,11,0x10b289276b2b69cac7b1bbc58601009b6ee74ceb,0x3488f31e6449f9803f99a8b5dd232c7ad883637f1c86e6953305a2ef19c77f20,"US strikes Iran by February 28, 2026?",2026-02-27T12:47:01+00:00,2026-02-28T09:31:17+00:00,20.7378,Yes,Yes,0.2299999564,13.304346,3.0599989999305146,10.244347000069485,True,True,False,0x0e7d55116faa9ddb28801c60034f0b237c787093cf365c786ebd231007ffa357
2,70.2851018138767,HIGH,0.8192488262910798,0.23591895561830367,11,0x10b289276b2b69cac7b1bbc58601009b6ee74ceb,0x3488f31e6449f9803f99a8b5dd232c7ad883637f1c86e6953305a2ef19c77f20,"US strikes Iran by February 28, 2026?",2026-02-23T21:18:48+00:00,2026-02-28T09:31:17+00:00,108.2081,Yes,Yes,0.2299999393,11.869564,2.7299989995174654,9.139565000482534,True,False,False,0x23d7f90c050fe06364d60890dc408de5c65853a50dedf8fc1b670714282f384a
2,70.2851018138767,HIGH,0.8192488262910798,0.23591895561830367,11,0x10b289276b2b69cac7b1bbc58601009b6ee74ceb,0x3488f31e6449f9803f99a8b5dd232c7ad883637f1c86e6953305a2ef19c77f20,"US strikes Iran by February 28, 2026?",2026-02-27T19:20:31+00:00,2026-02-28T09:31:17+00:00,14.1794,Yes,Yes,0.15,10.0,1.5,8.5,True,True,False,0xf58e62e016f7c3e5fc536c156e0d58898673e6ebb79488da589b196fbb550736
2,70.2851018138767,HIGH,0.8192488262910798,0.23591895561830367,11,0x10b289276b2b69cac7b1bbc58601009b6ee74ceb,0x3488f31e6449f9803f99a8b5dd232c7ad883637f1c86e6953305a2ef19c77f20,"US strikes Iran by February 28, 2026?",2026-02-27T19:20:09+00:00,2026-02-28T09:31:17+00:00,14.1856,Yes,Yes,0.15,10.0,1.5,8.5,True,True,False,0x03712415215f1e2b5508d92656307c921377ebf7c3ef8f00063388f6b81451f1
2,70.2851018138767,HIGH,0.8192488262910798,0.23591895561830367,11,0x10b289276b2b69cac7b1bbc58601009b6ee74ceb,0x3488f31e6449f9803f99a8b5dd232c7ad883637f1c86e6953305a2ef19c77f20,"US strikes Iran by February 28, 2026?",2026-02-27T19:19:55+00:00,2026-02-28T09:31:17+00:00,14.1894,Yes,Yes,0.15,10.0,1.5,8.5,True,True,False,0x5e1f8a8cd7b40b7f4b06096623d806ecf93c802beb991ac151c894dd74ddbaa4
2,70.2851018138767,HIGH,0.8192488262910798,0.23591895561830367,11,0x10b289276b2b69cac7b1bbc58601009b6ee74ceb,0x3488f31e6449f9803f99a8b5dd232c7ad883637f1c86e6953305a2ef19c77f20,"US strikes Iran by February 28, 2026?",2026-02-27T19:19:27+00:00,2026-02-28T09:31:17+00:00,14.1972,Yes,Yes,0.15,10.0,1.5,8.5,True,True,False,0xd72b53b73764ef34d66b6dac0c04d2132c793d7395f0f2560cfcd6f2e632ff6c
2,70.2851018138767,HIGH,0.8192488262910798,0.23591895561830367,11,0x10b289276b2b69cac7b1bbc58601009b6ee74ceb,0x3488f31e6449f9803f99a8b5dd232c7ad883637f1c86e6953305a2ef19c77f20,"US strikes Iran by February 28, 2026?",2026-02-27T19:19:17+00:00,2026-02-28T09:31:17+00:00,14.2,Yes,Yes,0.15,10.0,1.5,8.5,True,True,False,0x866b11cd622f642f46a659cbd6cb716056ba26e5e9e35550825c85fe881daa55
2,70.2851018138767,HIGH,0.8192488262910798,0.23591895561830367,11,0x10b289276b2b69cac7b1bbc58601009b6ee74ceb,0x3488f31e6449f9803f99a8b5dd232c7ad883637f1c86e6953305a2ef19c77f20,"US strikes Iran by February 28, 2026?",2026-02-27T19:18:19+00:00,2026-02-28T09:31:17+00:00,14.2161,Yes,Yes,0.15,10.0,1.5,8.5,True,True,False,0xb68e9292c728b90656a078486b07b97540bb5a79ecac8e554a4b918189453b06
2,70.2851018138767,HIGH,0.8192488262910798,0.23591895561830367,11,0x10b289276b2b69cac7b1bbc58601009b6ee74ceb,0x3488f31e6449f9803f99a8b5dd232c7ad883637f1c86e6953305a2ef19c77f20,"US strikes Iran by February 28, 2026?",2026-02-27T19:16:45+00:00,2026-02-28T09:31:17+00:00,14.2422,Yes,Yes,0.15,10.0,1.5,8.5,True,True,False,0xf403c18e8a7a31b306906239c8054af359b155799a8a82ea770771eb78deff96
2,70.2851018138767,HIGH,0.8192488262910798,0.23591895561830367,11,0x10b289276b2b69cac7b1bbc58601009b6ee74ceb,0x3488f31e6449f9803f99a8b5dd232c7ad883637f1c86e6953305a2ef19c77f20,"US strikes Iran by February 28, 2026?",2026-02-27T20:31:49+00:00,2026-02-28T09:31:17+00:00,12.9911,Yes,Yes,0.17,10.0,1.7000000000000002,8.299999999999999,True,True,False,0x15843172a1bde01a0af9dc20c64bd529a71dfd45ce5978845cf60748cfb4e299
2,70.2851018138767,HIGH,0.8192488262910798,0.23591895561830367,11,0x10b289276b2b69cac7b1bbc58601009b6ee74ceb,0x3488f31e6449f9803f99a8b5dd232c7ad883637f1c86e6953305a2ef19c77f20,"US strikes Iran by February 28, 2026?",2026-02-27T13:44:01+00:00,2026-02-28T09:31:17+00:00,19.7878,Yes,Yes,0.2399999276,8.291665,1.989998999683454,6.301666000316546,True,True,False,0x6c48ddd538cce559b6e2dc7329317c2d45cc8bd64075bf94b1c73b5e7e07e481
2,70.2851018138767,HIGH,0.8192488262910798,0.23591895561830367,11,0x10b289276b2b69cac7b1bbc58601009b6ee74ceb,0x3488f31e6449f9803f99a8b5dd232c7ad883637f1c86e6953305a2ef19c77f20,"US strikes Iran by February 28, 2026?",2026-02-24T21:09:46+00:00,2026-02-28T09:31:17+00:00,84.3586,Yes,Yes,0.1699998983,7.176469,1.2199990001531027,5.956469999846898,True,False,False,0xc867fb370c46e2a5f243365bbe32ec4d7b26f594fb4313251460f267e44f85ff
2,70.2851018138767,HIGH,0.8192488262910798,0.23591895561830367,11,0x10b289276b2b69cac7b1bbc58601009b6ee74ceb,0x43ec78527bd98a0588dd9455685b2cc82f5743140cb3a154603dc03c02b57de5,US government shutdown Saturday?,2026-01-08T05:39:31+00:00,2026-02-04T00:35:28+00:00,642.9325,Yes,Yes,0.25,7.68,1.92,5.76,True,False,False,0x3cb3e56a3cd8e7bb1847107ab235fd872eb37bfb5653b194a311a309204b4c9a
2,70.2851018138767,HIGH,0.8192488262910798,0.23591895561830367,11,0x10b289276b2b69cac7b1bbc58601009b6ee74ceb,0x43ec78527bd98a0588dd9455685b2cc82f5743140cb3a154603dc03c02b57de5,US government shutdown Saturday?,2026-01-08T05:12:03+00:00,2026-02-04T00:35:28+00:00,643.3903,Yes,Yes,0.259999906,7.230768,1.8799990003078082,5.3507689996921926,False,False,False,0xcb64b00a4801ab56a4bd1524bc950e6f459323ff5c977ac67397c11d496cfacb
2,70.2851018138767,HIGH,0.8192488262910798,0.23591895561830367,11,0x10b289276b2b69cac7b1bbc58601009b6ee74ceb,0x3488f31e6449f9803f99a8b5dd232c7ad883637f1c86e6953305a2ef19c77f20,"US strikes Iran by February 28, 2026?",2026-02-27T12:48:27+00:00,2026-02-28T09:31:17+00:00,20.7139,Yes,Yes,0.24,6.625,1.5899999999999999,5.035,True,True,False,0x543ccdccf8414467ff8ee90de060de3ac12e6af4142d272fb5b3cdfe859668a9
2,70.2851018138767,HIGH,0.8192488262910798,0.23591895561830367,11,0x10b289276b2b69cac7b1bbc58601009b6ee74ceb,0xd4bbf7f6707c67beb736135ad32a41f6db41f8ae52d3ac4919650de9eeb94ed8,Khamenei out as Supreme Leader of Iran by February 28?,2026-02-28T14:12:01+00:00,2026-03-04T01:05:25+00:00,82.89,Yes,Yes,0.3753190884,7.460316,2.7999990002959345,4.660316999704066,False,False,False,0x9c473ea82521f8137c710406d5102fc3e27db284a9aac397fec4414762c99bf2
2,70.2851018138767,HIGH,0.8192488262910798,0.23591895561830367,11,0x10b289276b2b69cac7b1bbc58601009b6ee74ceb,0x3488f31e6449f9803f99a8b5dd232c7ad883637f1c86e6953305a2ef19c77f20,"US strikes Iran by February 28, 2026?",2026-02-24T01:41:38+00:00,2026-02-28T09:31:17+00:00,103.8275,Yes,Yes,0.2,5.0,1.0,4.0,True,False,False,0xe24db4985b1b3e33086658b4c43a2f1fc35f5fe0c7f71fe7ca10f47b09f3c8cc
2,70.2851018138767,HIGH,0.8192488262910798,0.23591895561830367,11,0x10b289276b2b69cac7b1bbc58601009b6ee74ceb,0x43ec78527bd98a0588dd9455685b2cc82f5743140cb3a154603dc03c02b57de5,US government shutdown Saturday?,2026-01-08T05:39:37+00:00,2026-02-04T00:35:28+00:00,642.9308,Yes,Yes,0.2599998563,4.730768,1.2299990001886385,3.500768999811362,False,False,False,0xd7751a80dd1290ddd2648b8a1cfed4ca60ffb4c1646e79618a885c12d9d1da25
3,67.78522258903665,HIGH,0.7310924369747899,0.1477625663020138,11,0xad529df14c293d77984a0137990a1441b25211ac,0x4c5701bcde0b8fb7d7f48c8e9d20245a6caa58c61a77f981fad98f2bfa0b1bc7,US x Iran ceasefire by April 7?,2026-04-06T02:07:37+00:00,2026-04-11T00:28:39+00:00,118.3506,Yes,Yes,0.0368981578,3333.0,122.98155994739999,3210.0184400526,True,False,False,0x210d2751f125c68c0eca0df15e39da7d34da061d3e0d169543a4ef916b5180d1
3,67.78522258903665,HIGH,0.7310924369747899,0.1477625663020138,11,0xad529df14c293d77984a0137990a1441b25211ac,0x4c5701bcde0b8fb7d7f48c8e9d20245a6caa58c61a77f981fad98f2bfa0b1bc7,US x Iran ceasefire by April 7?,2026-04-06T02:10:43+00:00,2026-04-11T00:28:39+00:00,118.2989,Yes,Yes,0.0479321932,3333.0,159.7579999356,3173.2420000644,True,False,False,0x9a9622353fd0809df1831acca9c02b0ebc092ad9bf22139242122c00480e013c
3,67.78522258903665,HIGH,0.7310924369747899,0.1477625663020138,11,0xad529df14c293d77984a0137990a1441b25211ac,0x3488f31e6449f9803f99a8b5dd232c7ad883637f1c86e6953305a2ef19c77f20,"US strikes Iran by February 28, 2026?",2026-02-27T21:10:31+00:00,2026-02-28T09:31:17+00:00,12.3461,Yes,Yes,0.17,3333.0,566.61,2766.39,True,True,False,0xfc207e5db30cb8b7e72cd1e195d0021437d1201330cf6ffe3f9b91f78dc5dcb4
3,67.78522258903665,HIGH,0.7310924369747899,0.1477625663020138,11,0xad529df14c293d77984a0137990a1441b25211ac,0x3488f31e6449f9803f99a8b5dd232c7ad883637f1c86e6953305a2ef19c77f20,"US strikes Iran by February 28, 2026?",2026-02-17T23:25:49+00:00,2026-02-28T09:31:17+00:00,250.0911,Yes,Yes,0.19,2986.0,567.34,2418.6600000000003,True,False,False,0x82e9fa45121cac2ecb57407e58d0cced7afa9ff47a374776aac9a2eff9fd83a6
3,67.78522258903665,HIGH,0.7310924369747899,0.1477625663020138,11,0xad529df14c293d77984a0137990a1441b25211ac,0x4c5701bcde0b8fb7d7f48c8e9d20245a6caa58c61a77f981fad98f2bfa0b1bc7,US x Iran ceasefire by April 7?,2026-04-04T02:19:25+00:00,2026-04-11T00:28:39+00:00,166.1539,Yes,Yes,0.011,2222.0,24.442,2197.558,True,False,False,0x823d619e43f555a08f68224e39fb61b45d6863ced0b4a7bc68e2aa3f8273d7c5
3,67.78522258903665,HIGH,0.7310924369747899,0.1477625663020138,11,0xad529df14c293d77984a0137990a1441b25211ac,0x3488f31e6449f9803f99a8b5dd232c7ad883637f1c86e6953305a2ef19c77f20,"US strikes Iran by February 28, 2026?",2026-02-27T10:03:41+00:00,2026-02-28T09:31:17+00:00,23.46,Yes,Yes,0.08,2222.0,177.76,2044.24,True,True,False,0x92ed58c606f160c02a06519e63ada2326c9e4b1f065ddcb9a6b5f8fe5c6b3064
3,67.78522258903665,HIGH,0.7310924369747899,0.1477625663020138,11,0xad529df14c293d77984a0137990a1441b25211ac,0x3488f31e6449f9803f99a8b5dd232c7ad883637f1c86e6953305a2ef19c77f20,"US strikes Iran by February 28, 2026?",2026-02-27T10:03:31+00:00,2026-02-28T09:31:17+00:00,23.4628,Yes,Yes,0.08,2222.0,177.76,2044.24,True,True,False,0xe4d948d93db776c308c10d895174a28a6b208ddc3516fb525c15c8ca357d134b
3,67.78522258903665,HIGH,0.7310924369747899,0.1477625663020138,11,0xad529df14c293d77984a0137990a1441b25211ac,0xd4bbf7f6707c67beb736135ad32a41f6db41f8ae52d3ac4919650de9eeb94ed8,Khamenei out as Supreme Leader of Iran by February 28?,2026-02-28T07:25:51+00:00,2026-03-04T01:05:25+00:00,89.6594,Yes,Yes,0.1032477138,2222.0,229.41642006360001,1992.5835799364002,True,False,False,0x2811156e08115737e38ec5bf1421a20537c4c3e432b6232d0cdc8bda4cc54b25
3,67.78522258903665,HIGH,0.7310924369747899,0.1477625663020138,11,0xad529df14c293d77984a0137990a1441b25211ac,0x3488f31e6449f9803f99a8b5dd232c7ad883637f1c86e6953305a2ef19c77f20,"US strikes Iran by February 28, 2026?",2026-02-27T21:55:11+00:00,2026-02-28T09:31:17+00:00,11.6017,Yes,Yes,0.18,2222.0,399.96,1822.0400000000002,True,True,False,0x7287a8e20fffc778544e60f172de71e57aa2a39e58ebfb1069309d56fa9b650d
3,67.78522258903665,HIGH,0.7310924369747899,0.1477625663020138,11,0xad529df14c293d77984a0137990a1441b25211ac,0x3488f31e6449f9803f99a8b5dd232c7ad883637f1c86e6953305a2ef19c77f20,"US strikes Iran by February 28, 2026?",2026-02-27T10:02:09+00:00,2026-02-28T09:31:17+00:00,23.4856,Yes,Yes,0.08,1555.0,124.4,1430.6000000000001,True,True,False,0xa7ddbe6e2165deb394f7409c447bceddc208120e7ceafb4bc5a447f19fd295f5
3,67.78522258903665,HIGH,0.7310924369747899,0.1477625663020138,11,0xad529df14c293d77984a0137990a1441b25211ac,0xd4bbf7f6707c67beb736135ad32a41f6db41f8ae52d3ac4919650de9eeb94ed8,Khamenei out as Supreme Leader of Iran by February 28?,2026-02-24T01:48:26+00:00,2026-03-04T01:05:25+00:00,191.2831,Yes,Yes,0.0246607741,1111.0,27.398120025100003,1083.6018799749,True,False,False,0x75d39a7a993868b2696c2e7dd99a3e1a873f1f255e5a43535487884b2fad7c9e
3,67.78522258903665,HIGH,0.7310924369747899,0.1477625663020138,11,0xad529df14c293d77984a0137990a1441b25211ac,0xd4bbf7f6707c67beb736135ad32a41f6db41f8ae52d3ac4919650de9eeb94ed8,Khamenei out as Supreme Leader of Iran by February 28?,2026-02-28T00:55:47+00:00,2026-03-04T01:05:25+00:00,96.1606,Yes,Yes,0.0249365077,1111.0,27.7044600547,1083.2955399453,True,False,False,0x0c09ed94d42d5e769ab87416e31c68e82f3577b21a322f1c190ef5cc03d6f3df
3,67.78522258903665,HIGH,0.7310924369747899,0.1477625663020138,11,0xad529df14c293d77984a0137990a1441b25211ac,0xd4bbf7f6707c67beb736135ad32a41f6db41f8ae52d3ac4919650de9eeb94ed8,Khamenei out as Supreme Leader of Iran by February 28?,2026-02-28T00:34:45+00:00,2026-03-04T01:05:25+00:00,96.5111,Yes,Yes,0.0253843114,1111.0,28.2019699654,1082.7980300346,True,False,False,0x884150e32c68fe97be5394663eacd1222910626e69d672c968064a8caedf1b75
3,67.78522258903665,HIGH,0.7310924369747899,0.1477625663020138,11,0xad529df14c293d77984a0137990a1441b25211ac,0x4c5701bcde0b8fb7d7f48c8e9d20245a6caa58c61a77f981fad98f2bfa0b1bc7,US x Iran ceasefire by April 7?,2026-04-05T14:58:17+00:00,2026-04-11T00:28:39+00:00,129.5061,Yes,Yes,0.0349490999,1111.0,38.828449988900005,1072.1715500111,True,False,False,0xf55caecbb5bc9405f0bb0550fba3839cef7e108a5e3e1a2f70c45f4559f84d34
3,67.78522258903665,HIGH,0.7310924369747899,0.1477625663020138,11,0xad529df14c293d77984a0137990a1441b25211ac,0xd4bbf7f6707c67beb736135ad32a41f6db41f8ae52d3ac4919650de9eeb94ed8,Khamenei out as Supreme Leader of Iran by February 28?,2026-02-21T22:47:38+00:00,2026-03-04T01:05:25+00:00,242.2964,Yes,Yes,0.0349549955,1111.0,38.8350000005,1072.1649999995,True,False,False,0x8b5e6680ac8b15173eb89fc3a757de7a8002af86ecb8f33fa424ef20adbe6e4d
3,67.78522258903665,HIGH,0.7310924369747899,0.1477625663020138,11,0xad529df14c293d77984a0137990a1441b25211ac,0xd4bbf7f6707c67beb736135ad32a41f6db41f8ae52d3ac4919650de9eeb94ed8,Khamenei out as Supreme Leader of Iran by February 28?,2026-02-21T22:49:32+00:00,2026-03-04T01:05:25+00:00,242.2647,Yes,Yes,0.035,1111.0,38.885000000000005,1072.115,True,False,False,0xd620da0f68bdabde0c9f4cde1cc2f7770dc592a334725c7181be8ae41bc119b0
3,67.78522258903665,HIGH,0.7310924369747899,0.1477625663020138,11,0xad529df14c293d77984a0137990a1441b25211ac,0xd4bbf7f6707c67beb736135ad32a41f6db41f8ae52d3ac4919650de9eeb94ed8,Khamenei out as Supreme Leader of Iran by February 28?,2026-02-20T16:57:54+00:00,2026-03-04T01:05:25+00:00,272.1253,Yes,Yes,0.0427254725,1111.0,47.4679999475,1063.5320000525,True,False,False,0x9d64317099eeb0969c48afe720e46697eb7b2d00665d0ced4c7bfca4c8d1c20c
3,67.78522258903665,HIGH,0.7310924369747899,0.1477625663020138,11,0xad529df14c293d77984a0137990a1441b25211ac,0xd4bbf7f6707c67beb736135ad32a41f6db41f8ae52d3ac4919650de9eeb94ed8,Khamenei out as Supreme Leader of Iran by February 28?,2026-02-28T08:09:31+00:00,2026-03-04T01:05:25+00:00,88.9317,Yes,Yes,0.0921214941,1111.0,102.3469799451,1008.6530200548999,True,False,False,0x48c50c1d00810e75b5ce8ebfdf413694dce7dac0d44e852c58011097963295b4
3,67.78522258903665,HIGH,0.7310924369747899,0.1477625663020138,11,0xad529df14c293d77984a0137990a1441b25211ac,0xd4bbf7f6707c67beb736135ad32a41f6db41f8ae52d3ac4919650de9eeb94ed8,Khamenei out as Supreme Leader of Iran by February 28?,2026-02-28T07:28:57+00:00,2026-03-04T01:05:25+00:00,89.6078,Yes,Yes,0.1083930873,1111.0,120.42471999029999,990.5752800097,True,False,False,0x9735a91756280c5850e5fded76c156fae7103edc74389d82aa7b4b1b45105dc7
3,67.78522258903665,HIGH,0.7310924369747899,0.1477625663020138,11,0xad529df14c293d77984a0137990a1441b25211ac,0xd4bbf7f6707c67beb736135ad32a41f6db41f8ae52d3ac4919650de9eeb94ed8,Khamenei out as Supreme Leader of Iran by February 28?,2026-02-16T03:39:19+00:00,2026-03-04T01:05:25+00:00,381.435,Yes,Yes,0.02699,1000.0,26.99,973.01,True,False,False,0x9c667684b0eb9064bc2327f9272d5c8c524e05e914280f9d4c6d6738d0ed064f
3,67.78522258903665,HIGH,0.7310924369747899,0.1477625663020138,11,0xad529df14c293d77984a0137990a1441b25211ac,0x3488f31e6449f9803f99a8b5dd232c7ad883637f1c86e6953305a2ef19c77f20,"US strikes Iran by February 28, 2026?",2026-02-17T23:58:51+00:00,2026-02-28T09:31:17+00:00,249.5406,Yes,Yes,0.19,1185.0,225.15,959.85,True,False,False,0x713d4a206ae66d7f5d48c638097e96debe2383a603e1d8612c6a3524c0965f2c
3,67.78522258903665,HIGH,0.7310924369747899,0.1477625663020138,11,0xad529df14c293d77984a0137990a1441b25211ac,0x3488f31e6449f9803f99a8b5dd232c7ad883637f1c86e6953305a2ef19c77f20,"US strikes Iran by February 28, 2026?",2026-02-21T22:39:44+00:00,2026-02-28T09:31:17+00:00,154.8592,Yes,Yes,0.17,1111.0,188.87,922.13,True,False,False,0x695812594c3e0eaec36bd4688aa393ac01760a0aa2e25afc6185e31549c302a8
3,67.78522258903665,HIGH,0.7310924369747899,0.1477625663020138,11,0xad529df14c293d77984a0137990a1441b25211ac,0x4c5701bcde0b8fb7d7f48c8e9d20245a6caa58c61a77f981fad98f2bfa0b1bc7,US x Iran ceasefire by April 7?,2026-04-06T07:58:03+00:00,2026-04-11T00:28:39+00:00,112.51,Yes,Yes,0.0754378712,983.28,74.176549993536,909.103450006464,True,False,False,0xeb442c06f3851351ca39ccefe57204d679475fe7415708936840cf44ef25e4a4
3,67.78522258903665,HIGH,0.7310924369747899,0.1477625663020138,11,0xad529df14c293d77984a0137990a1441b25211ac,0x4c5701bcde0b8fb7d7f48c8e9d20245a6caa58c61a77f981fad98f2bfa0b1bc7,US x Iran ceasefire by April 7?,2026-04-07T21:32:41+00:00,2026-04-11T00:28:39+00:00,74.9328,Yes,Yes,0.2284794689,1111.0,253.84068994790002,857.1593100521,True,False,False,0x6da77acade42f2e7530efb5fbd8034908350535db0c17471a8333dc98664c68c
3,67.78522258903665,HIGH,0.7310924369747899,0.1477625663020138,11,0xad529df14c293d77984a0137990a1441b25211ac,0x3488f31e6449f9803f99a8b5dd232c7ad883637f1c86e6953305a2ef19c77f20,"US strikes Iran by February 28, 2026?",2026-02-19T19:37:14+00:00,2026-02-28T09:31:17+00:00,205.9008,Yes,Yes,0.26,1111.0,288.86,822.14,False,False,False,0x1c40d6c018ae8f24233f6237bfc844416903daf0d775d8977461a50b6138ab81
3,67.78522258903665,HIGH,0.7310924369747899,0.1477625663020138,11,0xad529df14c293d77984a0137990a1441b25211ac,0x3488f31e6449f9803f99a8b5dd232c7ad883637f1c86e6953305a2ef19c77f20,"US strikes Iran by February 28, 2026?",2026-02-19T22:39:04+00:00,2026-02-28T09:31:17+00:00,202.8703,Yes,Yes,0.27,1111.0,299.97,811.03,False,False,False,0xb7c1377c78f76bc18381d7e76f784f1f8f94e10d4d7d3932562f6b709e8c8319
3,67.78522258903665,HIGH,0.7310924369747899,0.1477625663020138,11,0xad529df14c293d77984a0137990a1441b25211ac,0x3488f31e6449f9803f99a8b5dd232c7ad883637f1c86e6953305a2ef19c77f20,"US strikes Iran by February 28, 2026?",2026-02-19T21:26:08+00:00,2026-02-28T09:31:17+00:00,204.0858,Yes,Yes,0.27,1111.0,299.97,811.03,False,False,False,0xa55e9099391cf6effa04ac6f5ba01088e3c8e3d0259824665b292ab516800d1d
3,67.78522258903665,HIGH,0.7310924369747899,0.1477625663020138,11,0xad529df14c293d77984a0137990a1441b25211ac,0x3488f31e6449f9803f99a8b5dd232c7ad883637f1c86e6953305a2ef19c77f20,"US strikes Iran by February 28, 2026?",2026-02-18T00:33:23+00:00,2026-02-28T09:31:17+00:00,248.965,Yes,Yes,0.19,1000.0,190.0,810.0,True,False,False,0x107d9fc3420a25a9f4d1516c021be19a0a055ef0e246c3436a23470967b9a0ad
3,67.78522258903665,HIGH,0.7310924369747899,0.1477625663020138,11,0xad529df14c293d77984a0137990a1441b25211ac,0x3488f31e6449f9803f99a8b5dd232c7ad883637f1c86e6953305a2ef19c77f20,"US strikes Iran by February 28, 2026?",2026-02-18T00:13:23+00:00,2026-02-28T09:31:17+00:00,249.2983,Yes,Yes,0.19,1000.0,190.0,810.0,True,False,False,0x587e7bc88894ea9ced490464dbbd89ebf54a1b6bdc59fcd8d5a7bf3838c41c2f
3,67.78522258903665,HIGH,0.7310924369747899,0.1477625663020138,11,0xad529df14c293d77984a0137990a1441b25211ac,0x3488f31e6449f9803f99a8b5dd232c7ad883637f1c86e6953305a2ef19c77f20,"US strikes Iran by February 28, 2026?",2026-02-19T13:15:10+00:00,2026-02-28T09:31:17+00:00,212.2686,Yes,Yes,0.28,1111.0,311.08000000000004,799.92,False,False,False,0xabdceedadc7ffae7570d5d5ceca8a7dcf4d7c8d3cade261d2726f3a61f9d6ed4
3,67.78522258903665,HIGH,0.7310924369747899,0.1477625663020138,11,0xad529df14c293d77984a0137990a1441b25211ac,0x3488f31e6449f9803f99a8b5dd232c7ad883637f1c86e6953305a2ef19c77f20,"US strikes Iran by February 28, 2026?",2026-02-09T06:01:19+00:00,2026-02-28T09:31:17+00:00,459.4994,Yes,Yes,0.23,1000.0,230.0,770.0,True,False,False,0x102692956aed3f6d41aa838ff4e3e90790fbcb626bf21a144e5cb653b1e40615
3,67.78522258903665,HIGH,0.7310924369747899,0.1477625663020138,11,0xad529df14c293d77984a0137990a1441b25211ac,0xd4bbf7f6707c67beb736135ad32a41f6db41f8ae52d3ac4919650de9eeb94ed8,Khamenei out as Supreme Leader of Iran by February 28?,2026-02-20T05:35:18+00:00,2026-03-04T01:05:25+00:00,283.5019,Yes,Yes,0.051,666.0,33.966,632.034,True,False,False,0xa166e4f3d4488076f01b09e11bc279a73ce1d6fa41403f66ef76afefdd21e2d5
3,67.78522258903665,HIGH,0.7310924369747899,0.1477625663020138,11,0xad529df14c293d77984a0137990a1441b25211ac,0x3488f31e6449f9803f99a8b5dd232c7ad883637f1c86e6953305a2ef19c77f20,"US strikes Iran by February 28, 2026?",2026-02-18T17:04:56+00:00,2026-02-28T09:31:17+00:00,232.4392,Yes,Yes,0.38,1000.0,380.0,620.0,False,False,False,0x705955661fa16dd89e5b7af094d708b45112c7179e58ca7df5c4b79f39c5b4ae
3,67.78522258903665,HIGH,0.7310924369747899,0.1477625663020138,11,0xad529df14c293d77984a0137990a1441b25211ac,0x6d0e09d0f04572d9b1adad84703458b0297bc5603b69dccbde93147ee4443246,US forces enter Iran by April 30?,2026-03-23T20:06:09+00:00,2026-04-09T00:28:21+00:00,388.37,Yes,Yes,0.45,1111.0,499.95,611.0500000000001,False,False,False,0xcfe3db9e628fc4fe4e20c3e1a45b89e82f676cfa4dfa966c959ce545d4fcfc60
3,67.78522258903665,HIGH,0.7310924369747899,0.1477625663020138,11,0xad529df14c293d77984a0137990a1441b25211ac,0x43ec78527bd98a0588dd9455685b2cc82f5743140cb3a154603dc03c02b57de5,US government shutdown Saturday?,2026-01-07T21:34:21+00:00,2026-02-04T00:35:28+00:00,651.0186,Yes,Yes,0.21,700.0,147.0,553.0,True,False,False,0x8e798d896a5dc08481bd870dbed02703b45b2e991395a9d89515b6dfad6a9ec7
3,67.78522258903665,HIGH,0.7310924369747899,0.1477625663020138,11,0xad529df14c293d77984a0137990a1441b25211ac,0xd4bbf7f6707c67beb736135ad32a41f6db41f8ae52d3ac4919650de9eeb94ed8,Khamenei out as Supreme Leader of Iran by February 28?,2026-02-18T11:26:44+00:00,2026-03-04T01:05:25+00:00,325.6447,Yes,Yes,0.04318,500.0,21.59,478.41,True,False,False,0xcaf30d69f7ba2ba868e4a9dee394d69445e3d1e13d74e97c98256a9335be9636
3,67.78522258903665,HIGH,0.7310924369747899,0.1477625663020138,11,0xad529df14c293d77984a0137990a1441b25211ac,0xd4bbf7f6707c67beb736135ad32a41f6db41f8ae52d3ac4919650de9eeb94ed8,Khamenei out as Supreme Leader of Iran by February 28?,2026-02-18T12:11:22+00:00,2026-03-04T01:05:25+00:00,324.9008,Yes,Yes,0.047,500.0,23.5,476.5,True,False,False,0x8321d7e4dbd532d245b6ee93c35af70fa15ffe020085444051a1712ec4862e21
3,67.78522258903665,HIGH,0.7310924369747899,0.1477625663020138,11,0xad529df14c293d77984a0137990a1441b25211ac,0xd4bbf7f6707c67beb736135ad32a41f6db41f8ae52d3ac4919650de9eeb94ed8,Khamenei out as Supreme Leader of Iran by February 28?,2026-02-10T06:59:33+00:00,2026-03-04T01:05:25+00:00,522.0978,Yes,Yes,0.07,500.0,35.0,464.99999999999994,True,False,False,0x1853c5e1e20001106846d9b191ea98bd8c6dc5d42fc1161b84fb8339dc2ee556
3,67.78522258903665,HIGH,0.7310924369747899,0.1477625663020138,11,0xad529df14c293d77984a0137990a1441b25211ac,0xd4bbf7f6707c67beb736135ad32a41f6db41f8ae52d3ac4919650de9eeb94ed8,Khamenei out as Supreme Leader of Iran by February 28?,2026-02-04T19:20:21+00:00,2026-03-04T01:05:25+00:00,653.7511,Yes,Yes,0.1,500.0,50.0,450.0,True,False,False,0xefde7b7890b0bea8fad60e1d5bbec958fa56e2d1596335f5ebf08a6b50ced732
3,67.78522258903665,HIGH,0.7310924369747899,0.1477625663020138,11,0xad529df14c293d77984a0137990a1441b25211ac,0x3488f31e6449f9803f99a8b5dd232c7ad883637f1c86e6953305a2ef19c77f20,"US strikes Iran by February 28, 2026?",2026-02-13T21:06:43+00:00,2026-02-28T09:31:17+00:00,348.4094,Yes,Yes,0.13,500.0,65.0,435.0,True,False,False,0x1105a56b9058ee5abd4e171518112b20c77862c877ba28d2b3a5bfe7d39461dd
3,67.78522258903665,HIGH,0.7310924369747899,0.1477625663020138,11,0xad529df14c293d77984a0137990a1441b25211ac,0x3488f31e6449f9803f99a8b5dd232c7ad883637f1c86e6953305a2ef19c77f20,"US strikes Iran by February 28, 2026?",2026-02-11T13:49:59+00:00,2026-02-28T09:31:17+00:00,403.6883,Yes,Yes,0.18,500.0,90.0,410.00000000000006,True,False,False,0xce67f9613a02bfc9461589ce78aa42c3cfd98669895671ab73da94475d1610c5
3,67.78522258903665,HIGH,0.7310924369747899,0.1477625663020138,11,0xad529df14c293d77984a0137990a1441b25211ac,0xd4bbf7f6707c67beb736135ad32a41f6db41f8ae52d3ac4919650de9eeb94ed8,Khamenei out as Supreme Leader of Iran by February 28?,2026-01-25T22:00:10+00:00,2026-03-04T01:05:25+00:00,891.0875,Yes,Yes,0.19,500.0,95.0,405.0,True,False,False,0xcf5aedb604729bc96cdf8a504e90d79285d2679fe30eee7a914297b1c3405bab
3,67.78522258903665,HIGH,0.7310924369747899,0.1477625663020138,11,0xad529df14c293d77984a0137990a1441b25211ac,0xd4bbf7f6707c67beb736135ad32a41f6db41f8ae52d3ac4919650de9eeb94ed8,Khamenei out as Supreme Leader of Iran by February 28?,2026-01-30T22:52:44+00:00,2026-03-04T01:05:25+00:00,770.2114,Yes,Yes,0.21,500.0,105.0,395.0,True,False,False,0xa52ed6268576a88660827645ac06d8f902b723781b4a3718c0cb306fc82e0aa5
3,67.78522258903665,HIGH,0.7310924369747899,0.1477625663020138,11,0xad529df14c293d77984a0137990a1441b25211ac,0x3488f31e6449f9803f99a8b5dd232c7ad883637f1c86e6953305a2ef19c77f20,"US strikes Iran by February 28, 2026?",2026-02-01T21:49:10+00:00,2026-02-28T09:31:17+00:00,635.7019,Yes,Yes,0.33,500.0,165.0,334.99999999999994,False,False,False,0xeb972d23077109b14570217627734c70ba495fefacccfe8e91c5a6f54c69c0ee
3,67.78522258903665,HIGH,0.7310924369747899,0.1477625663020138,11,0xad529df14c293d77984a0137990a1441b25211ac,0x3488f31e6449f9803f99a8b5dd232c7ad883637f1c86e6953305a2ef19c77f20,"US strikes Iran by February 28, 2026?",2026-02-17T22:57:11+00:00,2026-02-28T09:31:17+00:00,250.5683,Yes,Yes,0.18,400.0,72.0,328.0,True,False,False,0x32cb1af49b7584cb96a89ebe0ca52f6acac15b855348c064ccac63a20aa667a9
3,67.78522258903665,HIGH,0.7310924369747899,0.1477625663020138,11,0xad529df14c293d77984a0137990a1441b25211ac,0x3488f31e6449f9803f99a8b5dd232c7ad883637f1c86e6953305a2ef19c77f20,"US strikes Iran by February 28, 2026?",2026-01-27T20:00:35+00:00,2026-02-28T09:31:17+00:00,757.5117,Yes,Yes,0.44,500.0,220.0,280.0,False,False,False,0xf0197de8bb568e681ecd2bf906396d2e5f4c8c068125c3a929558cc82abb4da8
3,67.78522258903665,HIGH,0.7310924369747899,0.1477625663020138,11,0xad529df14c293d77984a0137990a1441b25211ac,0x3488f31e6449f9803f99a8b5dd232c7ad883637f1c86e6953305a2ef19c77f20,"US strikes Iran by February 28, 2026?",2026-01-27T18:08:09+00:00,2026-02-28T09:31:17+00:00,759.3856,Yes,Yes,0.44,500.0,220.0,280.0,False,False,False,0xa5bf41c99f037fbabde32399bbef7912ba33793fac1805be123ea30f73596124
3,67.78522258903665,HIGH,0.7310924369747899,0.1477625663020138,11,0xad529df14c293d77984a0137990a1441b25211ac,0x1d2787cb8aed975d092b2799ed6f4083e9445f7420cdc09e9d47e7d54356c6cd,"US x Iran ceasefire extended by April 22, 2026?",2026-04-21T20:53:24+00:00,2026-05-01T00:32:42+00:00,219.655,No,No,0.2795102102,333.0,93.0768999966,239.9231000034,False,False,False,0xd9d0d468e0d63fff0364e217bc89121b7ca43bdeb539e67b4fcb0272270b18f2
3,67.78522258903665,HIGH,0.7310924369747899,0.1477625663020138,11,0xad529df14c293d77984a0137990a1441b25211ac,0x1d2787cb8aed975d092b2799ed6f4083e9445f7420cdc09e9d47e7d54356c6cd,"US x Iran ceasefire extended by April 22, 2026?",2026-04-21T20:52:48+00:00,2026-05-01T00:32:42+00:00,219.665,No,No,0.293993994,333.0,97.900000002,235.099999998,False,False,False,0x621ca25b18e219c34c4fa16cdb527001c2a27384978f3b59bdadd4da600d0d9e
3,67.78522258903665,HIGH,0.7310924369747899,0.1477625663020138,11,0xad529df14c293d77984a0137990a1441b25211ac,0x1d2787cb8aed975d092b2799ed6f4083e9445f7420cdc09e9d47e7d54356c6cd,"US x Iran ceasefire extended by April 22, 2026?",2026-04-21T20:52:58+00:00,2026-05-01T00:32:42+00:00,219.6622,No,No,0.3,333.0,99.89999999999999,233.1,False,False,False,0x26cc33ebb12b7a5506e692fc8d7ee98ad398687e7e70d5170f7b56f8ebfaadbe
3,67.78522258903665,HIGH,0.7310924369747899,0.1477625663020138,11,0xad529df14c293d77984a0137990a1441b25211ac,0xd4bbf7f6707c67beb736135ad32a41f6db41f8ae52d3ac4919650de9eeb94ed8,Khamenei out as Supreme Leader of Iran by February 28?,2026-02-20T05:35:00+00:00,2026-03-04T01:05:25+00:00,283.5069,Yes,Yes,0.0508341441,222.0,11.2851799902,210.7148200098,True,False,False,0xfd7074d869708d48730216b7651f60d6403e7348d9575cb310e18b4eb56e5bc6
3,67.78522258903665,HIGH,0.7310924369747899,0.1477625663020138,11,0xad529df14c293d77984a0137990a1441b25211ac,0xd4bbf7f6707c67beb736135ad32a41f6db41f8ae52d3ac4919650de9eeb94ed8,Khamenei out as Supreme Leader of Iran by February 28?,2026-02-19T13:18:50+00:00,2026-03-04T01:05:25+00:00,299.7764,Yes,Yes,0.074,222.0,16.428,205.572,True,False,False,0xd503fb23ad7c1b917ce64a92896fdd8ae2918f497f5b111e4edd9e71b145f68b
3,67.78522258903665,HIGH,0.7310924369747899,0.1477625663020138,11,0xad529df14c293d77984a0137990a1441b25211ac,0x3488f31e6449f9803f99a8b5dd232c7ad883637f1c86e6953305a2ef19c77f20,"US strikes Iran by February 28, 2026?",2026-02-01T22:10:48+00:00,2026-02-28T09:31:17+00:00,635.3414,Yes,Yes,0.33,300.0,99.0,200.99999999999997,False,False,False,0xf4fb84b5692a2f2f368f86b281168107102c59b224dcfb060e991fda8add0b67
3,67.78522258903665,HIGH,0.7310924369747899,0.1477625663020138,11,0xad529df14c293d77984a0137990a1441b25211ac,0x3488f31e6449f9803f99a8b5dd232c7ad883637f1c86e6953305a2ef19c77f20,"US strikes Iran by February 28, 2026?",2026-01-21T00:27:34+00:00,2026-02-28T09:31:17+00:00,921.0619,Yes,Yes,0.36,300.0,108.0,192.0,False,False,False,0x9498d1195084332025d68589e5f05cd031834ed3a68bfc82c62e04b1d7cdbff3
3,67.78522258903665,HIGH,0.7310924369747899,0.1477625663020138,11,0xad529df14c293d77984a0137990a1441b25211ac,0x3488f31e6449f9803f99a8b5dd232c7ad883637f1c86e6953305a2ef19c77f20,"US strikes Iran by February 28, 2026?",2026-01-21T00:13:10+00:00,2026-02-28T09:31:17+00:00,921.3019,Yes,Yes,0.36,300.0,108.0,192.0,False,False,False,0xa41ba20baa4f25cd934a5158599fde1f6faec542700b52af8f54eae95892ae63
3,67.78522258903665,HIGH,0.7310924369747899,0.1477625663020138,11,0xad529df14c293d77984a0137990a1441b25211ac,0x43ec78527bd98a0588dd9455685b2cc82f5743140cb3a154603dc03c02b57de5,US government shutdown Saturday?,2026-01-07T21:34:03+00:00,2026-02-04T00:35:28+00:00,651.0236,Yes,Yes,0.21,200.0,42.0,158.0,True,False,False,0xe059bf4ef81e788d2e466755d7541747d121ce7e1c166f63c690f09dde15f480
3,67.78522258903665,HIGH,0.7310924369747899,0.1477625663020138,11,0xad529df14c293d77984a0137990a1441b25211ac,0x43ec78527bd98a0588dd9455685b2cc82f5743140cb3a154603dc03c02b57de5,US government shutdown Saturday?,2026-01-24T19:03:20+00:00,2026-02-04T00:35:28+00:00,245.5356,Yes,Yes,0.4,250.0,100.0,150.0,False,False,False,0xa25617c58bc16f52945d1735b82198024b4c09b93c67db5972fe9e61f6433172
3,67.78522258903665,HIGH,0.7310924369747899,0.1477625663020138,11,0xad529df14c293d77984a0137990a1441b25211ac,0x43ec78527bd98a0588dd9455685b2cc82f5743140cb3a154603dc03c02b57de5,US government shutdown Saturday?,2026-01-24T19:03:46+00:00,2026-02-04T00:35:28+00:00,245.5283,Yes,Yes,0.41,250.0,102.5,147.50000000000003,False,False,False,0xd8223c5819a17d27c2eb9ede3335a658b4284e4ba8a8ee319795d025f21b66ec
3,67.78522258903665,HIGH,0.7310924369747899,0.1477625663020138,11,0xad529df14c293d77984a0137990a1441b25211ac,0x3488f31e6449f9803f99a8b5dd232c7ad883637f1c86e6953305a2ef19c77f20,"US strikes Iran by February 28, 2026?",2026-02-01T22:36:28+00:00,2026-02-28T09:31:17+00:00,634.9136,Yes,Yes,0.33,200.0,66.0,134.0,False,False,False,0x65f69df8891252d4ce8e78c41cb52b4f47b8ad6ed48afcdad84d77a426118d22
3,67.78522258903665,HIGH,0.7310924369747899,0.1477625663020138,11,0xad529df14c293d77984a0137990a1441b25211ac,0x3488f31e6449f9803f99a8b5dd232c7ad883637f1c86e6953305a2ef19c77f20,"US strikes Iran by February 28, 2026?",2026-02-03T08:09:44+00:00,2026-02-28T09:31:17+00:00,601.3592,Yes,Yes,0.22,100.0,22.0,78.0,True,False,False,0xfe741c9135b51a7c5db0ac0b80f2e41a698fdae396b54d4c8f1404580c4de078
3,67.78522258903665,HIGH,0.7310924369747899,0.1477625663020138,11,0xad529df14c293d77984a0137990a1441b25211ac,0x43ec78527bd98a0588dd9455685b2cc82f5743140cb3a154603dc03c02b57de5,US government shutdown Saturday?,2026-01-05T00:32:21+00:00,2026-02-04T00:35:28+00:00,720.0519,Yes,Yes,0.23,100.0,23.0,77.0,True,False,False,0x91c477d09086b1444bad2a4c488f2c364f295aa7d583299885961e73cc1ec59b
3,67.78522258903665,HIGH,0.7310924369747899,0.1477625663020138,11,0xad529df14c293d77984a0137990a1441b25211ac,0x43ec78527bd98a0588dd9455685b2cc82f5743140cb3a154603dc03c02b57de5,US government shutdown Saturday?,2025-11-14T17:28:40+00:00,2026-02-04T00:35:28+00:00,1951.1133,Yes,Yes,0.27,40.0,10.8,29.2,False,False,False,0xebeff86960c86a79ae4dae22dde73680f4a1b286fc790067d0e3215cfea249e9
3,67.78522258903665,HIGH,0.7310924369747899,0.1477625663020138,11,0xad529df14c293d77984a0137990a1441b25211ac,0x32707ae194389a70f25314ec934851daba12d893da616c492ffe8b655b7759a9,"Will Eleven die in ""Stranger Things: Season 5""?",2025-12-28T07:31:45+00:00,2026-01-05T00:43:49+00:00,185.2011,No,No,0.39,30.0,11.700000000000001,18.3,False,False,False,0x31e8313170b98a3f131729e8f6c71b0b24a4f9e4141cf06f1ccf476dfea2a913
4,67.37104341210686,HIGH,0.7318840579710145,0.14855418729823844,6,0xd6639bff2beb2bcc0cfedc27e0f7980964e1ca64,0x4c5701bcde0b8fb7d7f48c8e9d20245a6caa58c61a77f981fad98f2bfa0b1bc7,US x Iran ceasefire by April 7?,2026-04-06T18:11:21+00:00,2026-04-11T00:28:39+00:00,102.2883,Yes,Yes,0.024,434.79,10.43496,424.35504000000003,True,False,False,0xdf4a360aea53306feb188ef9511b4edfff19f3b034259573f2dde68341a87d05
4,67.37104341210686,HIGH,0.7318840579710145,0.14855418729823844,6,0xd6639bff2beb2bcc0cfedc27e0f7980964e1ca64,0xd4bbf7f6707c67beb736135ad32a41f6db41f8ae52d3ac4919650de9eeb94ed8,Khamenei out as Supreme Leader of Iran by February 28?,2026-02-28T09:43:53+00:00,2026-03-04T01:05:25+00:00,87.3589,Yes,Yes,0.074,84.21,6.231539999999999,77.97846,True,False,False,0x19b062ac8c470b6af0168aef37e4ebf4d2f15f8b4551cd23f2e76a4eae091bed
4,67.37104341210686,HIGH,0.7318840579710145,0.14855418729823844,6,0xd6639bff2beb2bcc0cfedc27e0f7980964e1ca64,0x3488f31e6449f9803f99a8b5dd232c7ad883637f1c86e6953305a2ef19c77f20,"US strikes Iran by February 28, 2026?",2026-02-25T06:29:56+00:00,2026-02-28T09:31:17+00:00,75.0225,Yes,Yes,0.1176351971,54.55,6.4170000018049995,48.132999998195,True,False,False,0xd47765f2810a620cfdb18da85295e0d973f103a0b39023fba4c096b7db934a9d
4,67.37104341210686,HIGH,0.7318840579710145,0.14855418729823844,6,0xd6639bff2beb2bcc0cfedc27e0f7980964e1ca64,0x3488f31e6449f9803f99a8b5dd232c7ad883637f1c86e6953305a2ef19c77f20,"US strikes Iran by February 28, 2026?",2026-02-27T17:42:27+00:00,2026-02-28T09:31:17+00:00,15.8139,Yes,Yes,0.16,40.0,6.4,33.6,True,True,False,0xcb769cef1a0e2100ea5f7240cb61507b6a77d78bfc7fc2e20d3d778555df80b1
4,67.37104341210686,HIGH,0.7318840579710145,0.14855418729823844,6,0xd6639bff2beb2bcc0cfedc27e0f7980964e1ca64,0xd4bbf7f6707c67beb736135ad32a41f6db41f8ae52d3ac4919650de9eeb94ed8,Khamenei out as Supreme Leader of Iran by February 28?,2026-02-28T10:29:13+00:00,2026-03-04T01:05:25+00:00,86.6033,Yes,Yes,0.121,37.47,4.533869999999999,32.93613,True,False,False,0x7c493f03f05713e2f28b4493edba089ce59cc23eb66d35d290ae3edc4b0f5a2b
4,67.37104341210686,HIGH,0.7318840579710145,0.14855418729823844,6,0xd6639bff2beb2bcc0cfedc27e0f7980964e1ca64,0xd4bbf7f6707c67beb736135ad32a41f6db41f8ae52d3ac4919650de9eeb94ed8,Khamenei out as Supreme Leader of Iran by February 28?,2026-02-28T09:53:57+00:00,2026-03-04T01:05:25+00:00,87.1911,Yes,Yes,0.16,38.9,6.224,32.675999999999995,True,False,False,0x5866a4c1ea4ba6753d334c9283743f72c2a5f60e76a30f3663314e9b1b9a1deb
4,67.37104341210686,HIGH,0.7318840579710145,0.14855418729823844,6,0xd6639bff2beb2bcc0cfedc27e0f7980964e1ca64,0x3488f31e6449f9803f99a8b5dd232c7ad883637f1c86e6953305a2ef19c77f20,"US strikes Iran by February 28, 2026?",2026-02-27T17:39:53+00:00,2026-02-28T09:31:17+00:00,15.8567,Yes,Yes,0.16,38.75,6.2,32.55,True,True,False,0xd06ae316d1b7bd73330f313f055bd8a449bfbc1bf550345ac0643282d718a63b
4,67.37104341210686,HIGH,0.7318840579710145,0.14855418729823844,6,0xd6639bff2beb2bcc0cfedc27e0f7980964e1ca64,0xd4bbf7f6707c67beb736135ad32a41f6db41f8ae52d3ac4919650de9eeb94ed8,Khamenei out as Supreme Leader of Iran by February 28?,2026-02-28T10:01:03+00:00,2026-03-04T01:05:25+00:00,87.0728,Yes,Yes,0.17,37.81,6.427700000000001,31.3823,True,False,False,0xef20682f134af7014a13d4a77feb66d11445f34ff3f5d0d0fbe42fc6c30b5940
4,67.37104341210686,HIGH,0.7318840579710145,0.14855418729823844,6,0xd6639bff2beb2bcc0cfedc27e0f7980964e1ca64,0xd4bbf7f6707c67beb736135ad32a41f6db41f8ae52d3ac4919650de9eeb94ed8,Khamenei out as Supreme Leader of Iran by February 28?,2026-02-28T09:54:03+00:00,2026-03-04T01:05:25+00:00,87.1894,Yes,Yes,0.1677126745,37.24,6.24561999838,30.994380001620005,True,False,False,0xd4a6e0226ab0d219c6fd170189222368547edfd11bafc0ea242a077c04b69fe7
4,67.37104341210686,HIGH,0.7318840579710145,0.14855418729823844,6,0xd6639bff2beb2bcc0cfedc27e0f7980964e1ca64,0xd4bbf7f6707c67beb736135ad32a41f6db41f8ae52d3ac4919650de9eeb94ed8,Khamenei out as Supreme Leader of Iran by February 28?,2026-02-28T10:01:05+00:00,2026-03-04T01:05:25+00:00,87.0722,Yes,Yes,0.17,35.51,6.0367,29.4733,True,False,False,0x73bfddb6876597461569038ac6e25b9f12d9fe4838c866194f81c0ac7380a9c4
4,67.37104341210686,HIGH,0.7318840579710145,0.14855418729823844,6,0xd6639bff2beb2bcc0cfedc27e0f7980964e1ca64,0xd4bbf7f6707c67beb736135ad32a41f6db41f8ae52d3ac4919650de9eeb94ed8,Khamenei out as Supreme Leader of Iran by February 28?,2026-02-28T10:29:13+00:00,2026-03-04T01:05:25+00:00,86.6033,Yes,Yes,0.121,30.17,3.65057,26.51943,True,False,False,0x80a170eda67fce505d149183fb96976a3fbfd5578cc522e74c41af0ca4080348
4,67.37104341210686,HIGH,0.7318840579710145,0.14855418729823844,6,0xd6639bff2beb2bcc0cfedc27e0f7980964e1ca64,0xd4bbf7f6707c67beb736135ad32a41f6db41f8ae52d3ac4919650de9eeb94ed8,Khamenei out as Supreme Leader of Iran by February 28?,2026-02-28T10:29:13+00:00,2026-03-04T01:05:25+00:00,86.6033,Yes,Yes,0.121,25.72,3.1121199999999996,22.607879999999998,True,False,False,0x42970a637d00e676209106b11d53d32136ca85ad4b3a372332d168883e06ac06
4,67.37104341210686,HIGH,0.7318840579710145,0.14855418729823844,6,0xd6639bff2beb2bcc0cfedc27e0f7980964e1ca64,0xd4bbf7f6707c67beb736135ad32a41f6db41f8ae52d3ac4919650de9eeb94ed8,Khamenei out as Supreme Leader of Iran by February 28?,2026-02-28T10:29:15+00:00,2026-03-04T01:05:25+00:00,86.6028,Yes,Yes,0.121,25.41,3.07461,22.33539,True,False,False,0x691dfc8735216d3cc360f4cef6479c77ec4a20f5c684c3dac8b75a929e6436e3
4,67.37104341210686,HIGH,0.7318840579710145,0.14855418729823844,6,0xd6639bff2beb2bcc0cfedc27e0f7980964e1ca64,0xd4bbf7f6707c67beb736135ad32a41f6db41f8ae52d3ac4919650de9eeb94ed8,Khamenei out as Supreme Leader of Iran by February 28?,2026-02-28T13:33:15+00:00,2026-03-04T01:05:25+00:00,83.5361,Yes,Yes,0.247,24.14,5.96258,18.17742,True,False,False,0xf26527e80e1710ddded21752a51021884341b6e2204035c513b437f75a557d5e
4,67.37104341210686,HIGH,0.7318840579710145,0.14855418729823844,6,0xd6639bff2beb2bcc0cfedc27e0f7980964e1ca64,0xd4bbf7f6707c67beb736135ad32a41f6db41f8ae52d3ac4919650de9eeb94ed8,Khamenei out as Supreme Leader of Iran by February 28?,2026-02-28T10:29:15+00:00,2026-03-04T01:05:25+00:00,86.6028,Yes,Yes,0.121,17.41,2.10661,15.30339,True,False,False,0x139e47a71625028764d051655451488ce25c3b5bed839c55d71484644e4f2533
4,67.37104341210686,HIGH,0.7318840579710145,0.14855418729823844,6,0xd6639bff2beb2bcc0cfedc27e0f7980964e1ca64,0x3488f31e6449f9803f99a8b5dd232c7ad883637f1c86e6953305a2ef19c77f20,"US strikes Iran by February 28, 2026?",2026-02-06T19:01:09+00:00,2026-02-28T09:31:17+00:00,518.5022,Yes,Yes,0.29,21.43,6.2147,15.2153,False,False,False,0xe3c4df5dca337548a6698f2901538cefb94d367fbc3d8ef6e61ebaf5c50d08b1
4,67.37104341210686,HIGH,0.7318840579710145,0.14855418729823844,6,0xd6639bff2beb2bcc0cfedc27e0f7980964e1ca64,0x3488f31e6449f9803f99a8b5dd232c7ad883637f1c86e6953305a2ef19c77f20,"US strikes Iran by February 28, 2026?",2026-02-27T17:57:47+00:00,2026-02-28T09:31:17+00:00,15.5583,Yes,Yes,0.16,16.2,2.592,13.607999999999999,True,True,False,0x9d787cb8f2a1ba8a3c33a6c41a3ea717e748af1f5d13d6ce09c3067957eda430
4,67.37104341210686,HIGH,0.7318840579710145,0.14855418729823844,6,0xd6639bff2beb2bcc0cfedc27e0f7980964e1ca64,0x3488f31e6449f9803f99a8b5dd232c7ad883637f1c86e6953305a2ef19c77f20,"US strikes Iran by February 28, 2026?",2026-02-27T17:42:51+00:00,2026-02-28T09:31:17+00:00,15.8072,Yes,Yes,0.16,12.8,2.048,10.752,True,True,False,0x59d3a8cf89d351e53fb69b4b58128238c5e12fef243f0e94daf84a6ef7ac1fc1
4,67.37104341210686,HIGH,0.7318840579710145,0.14855418729823844,6,0xd6639bff2beb2bcc0cfedc27e0f7980964e1ca64,0xd4bbf7f6707c67beb736135ad32a41f6db41f8ae52d3ac4919650de9eeb94ed8,Khamenei out as Supreme Leader of Iran by February 28?,2026-02-28T14:05:39+00:00,2026-03-04T01:05:25+00:00,82.9961,Yes,Yes,0.362,16.57,5.99834,10.57166,False,False,False,0xa48bc816c98b86a3e97adf83cfd81ceae55ff0f567f85cffd5d89dd6545296f9
4,67.37104341210686,HIGH,0.7318840579710145,0.14855418729823844,6,0xd6639bff2beb2bcc0cfedc27e0f7980964e1ca64,0xd4bbf7f6707c67beb736135ad32a41f6db41f8ae52d3ac4919650de9eeb94ed8,Khamenei out as Supreme Leader of Iran by February 28?,2026-02-28T10:01:09+00:00,2026-03-04T01:05:25+00:00,87.0711,Yes,Yes,0.17,10.22,1.7374000000000003,8.4826,True,False,False,0x18f2f6b4c9b954507992f7f5f2c9ff707b876d59d0ad4adef86f61c0864247a7
4,67.37104341210686,HIGH,0.7318840579710145,0.14855418729823844,6,0xd6639bff2beb2bcc0cfedc27e0f7980964e1ca64,0x3488f31e6449f9803f99a8b5dd232c7ad883637f1c86e6953305a2ef19c77f20,"US strikes Iran by February 28, 2026?",2026-02-27T17:57:55+00:00,2026-02-28T09:31:17+00:00,15.5561,Yes,Yes,0.16,8.44,1.3504,7.089599999999999,True,True,False,0x806641eff60fb41245c24e6d4022f3ff66f7291ac927414e84b94d9bed8143d4
4,67.37104341210686,HIGH,0.7318840579710145,0.14855418729823844,6,0xd6639bff2beb2bcc0cfedc27e0f7980964e1ca64,0xd4bbf7f6707c67beb736135ad32a41f6db41f8ae52d3ac4919650de9eeb94ed8,Khamenei out as Supreme Leader of Iran by February 28?,2026-02-28T14:05:35+00:00,2026-03-04T01:05:25+00:00,82.9972,Yes,Yes,0.375,10.03,3.7612499999999995,6.26875,False,False,False,0xe009c20f11b8355af94bb4055b5cfe9584901745dd3c36d8e55701454bc6b73e
4,67.37104341210686,HIGH,0.7318840579710145,0.14855418729823844,6,0xd6639bff2beb2bcc0cfedc27e0f7980964e1ca64,0x3488f31e6449f9803f99a8b5dd232c7ad883637f1c86e6953305a2ef19c77f20,"US strikes Iran by February 28, 2026?",2026-02-27T17:54:45+00:00,2026-02-28T09:31:17+00:00,15.6089,Yes,Yes,0.16,6.67,1.0672,5.602799999999999,True,True,False,0x4eb397f3250b8fcbda306c75fbff5c9ebe298d5d1c217c8875b378ad43bfe965
4,67.37104341210686,HIGH,0.7318840579710145,0.14855418729823844,6,0xd6639bff2beb2bcc0cfedc27e0f7980964e1ca64,0x3488f31e6449f9803f99a8b5dd232c7ad883637f1c86e6953305a2ef19c77f20,"US strikes Iran by February 28, 2026?",2026-02-27T17:42:41+00:00,2026-02-28T09:31:17+00:00,15.81,Yes,Yes,0.16,6.67,1.0672,5.602799999999999,True,True,False,0xd0e1db2d737962fb5212ca8138c4909f14c98fb0a8f857d7b1ea16c98c229d72
4,67.37104341210686,HIGH,0.7318840579710145,0.14855418729823844,6,0xd6639bff2beb2bcc0cfedc27e0f7980964e1ca64,0xd4bbf7f6707c67beb736135ad32a41f6db41f8ae52d3ac4919650de9eeb94ed8,Khamenei out as Supreme Leader of Iran by February 28?,2026-02-28T10:01:09+00:00,2026-03-04T01:05:25+00:00,87.0711,Yes,Yes,0.17,5.92,1.0064,4.9136,True,False,False,0x58d80ddd46b0ffa61436b241e06e9bba1d9fc9331823e45880d6888c638829dd
4,67.37104341210686,HIGH,0.7318840579710145,0.14855418729823844,6,0xd6639bff2beb2bcc0cfedc27e0f7980964e1ca64,0xd4bbf7f6707c67beb736135ad32a41f6db41f8ae52d3ac4919650de9eeb94ed8,Khamenei out as Supreme Leader of Iran by February 28?,2026-02-28T10:01:07+00:00,2026-03-04T01:05:25+00:00,87.0717,Yes,Yes,0.17,5.92,1.0064,4.9136,True,False,False,0x1571d3b146270ea29a0d864628e597ebe992f39d239c93c5efc2177e251b7cf5
4,67.37104341210686,HIGH,0.7318840579710145,0.14855418729823844,6,0xd6639bff2beb2bcc0cfedc27e0f7980964e1ca64,0xd4bbf7f6707c67beb736135ad32a41f6db41f8ae52d3ac4919650de9eeb94ed8,Khamenei out as Supreme Leader of Iran by February 28?,2026-02-28T10:01:07+00:00,2026-03-04T01:05:25+00:00,87.0717,Yes,Yes,0.17,5.92,1.0064,4.9136,True,False,False,0x4da686c18e1fbcf61e04c9df6ea9aa40900dd39449f335ebfd947883ce5ec18c
4,67.37104341210686,HIGH,0.7318840579710145,0.14855418729823844,6,0xd6639bff2beb2bcc0cfedc27e0f7980964e1ca64,0xd4bbf7f6707c67beb736135ad32a41f6db41f8ae52d3ac4919650de9eeb94ed8,Khamenei out as Supreme Leader of Iran by February 28?,2026-02-28T10:01:07+00:00,2026-03-04T01:05:25+00:00,87.0717,Yes,Yes,0.17,5.92,1.0064,4.9136,True,False,False,0x324af6829861de1265924de0442e24c14e1924c6f6dc554273ff93b4889ef7cb
4,67.37104341210686,HIGH,0.7318840579710145,0.14855418729823844,6,0xd6639bff2beb2bcc0cfedc27e0f7980964e1ca64,0xd4bbf7f6707c67beb736135ad32a41f6db41f8ae52d3ac4919650de9eeb94ed8,Khamenei out as Supreme Leader of Iran by February 28?,2026-02-28T10:01:03+00:00,2026-03-04T01:05:25+00:00,87.0728,Yes,Yes,0.17,5.92,1.0064,4.9136,True,False,False,0x5e6af7a43e0c40cd8b47609c2ecd1fed3609c71a10b622f8bf3897a02de3138c
4,67.37104341210686,HIGH,0.7318840579710145,0.14855418729823844,6,0xd6639bff2beb2bcc0cfedc27e0f7980964e1ca64,0xd4bbf7f6707c67beb736135ad32a41f6db41f8ae52d3ac4919650de9eeb94ed8,Khamenei out as Supreme Leader of Iran by February 28?,2026-02-28T14:05:35+00:00,2026-03-04T01:05:25+00:00,82.9972,Yes,Yes,0.375,7.27,2.72625,4.543749999999999,False,False,False,0xb6c96e069ca3c1882ab2abebd3ea1d83257b9f07a3a015d17581c5f994da56e9
4,67.37104341210686,HIGH,0.7318840579710145,0.14855418729823844,6,0xd6639bff2beb2bcc0cfedc27e0f7980964e1ca64,0xd4bbf7f6707c67beb736135ad32a41f6db41f8ae52d3ac4919650de9eeb94ed8,Khamenei out as Supreme Leader of Iran by February 28?,2026-02-28T14:05:39+00:00,2026-03-04T01:05:25+00:00,82.9961,Yes,Yes,0.362,2.77,1.00274,1.76726,False,False,False,0x3834188e5e280d5e441d1d6ba1e99f777450b974cda375afbf2a95720671c77a
5,67.15096609336081,HIGH,0.9222797927461139,0.33894992207333785,6,0xc9db6c957b2ba169608907443f3991b8d01b2ad3,0x4c5701bcde0b8fb7d7f48c8e9d20245a6caa58c61a77f981fad98f2bfa0b1bc7,US x Iran ceasefire by April 7?,2026-04-02T10:14:59+00:00,2026-04-11T00:28:39+00:00,206.2278,Yes,Yes,0.0219999787,45.454544,0.9999989998182127,44.45454500018178,True,False,False,0x1c4ae19fc14ec2b63c0224fd28a1ce385ba019d07300e7888312e9f42701e135
5,67.15096609336081,HIGH,0.9222797927461139,0.33894992207333785,6,0xc9db6c957b2ba169608907443f3991b8d01b2ad3,0x3488f31e6449f9803f99a8b5dd232c7ad883637f1c86e6953305a2ef19c77f20,"US strikes Iran by February 28, 2026?",2026-02-27T18:07:25+00:00,2026-02-28T09:31:17+00:00,15.3978,Yes,Yes,0.1799999106,8.055554,1.4499989998334726,6.605555000166528,True,True,False,0xf2aed6d07ef72446ed2b56d190aea9596b0d2578c0979d0a828b412eceac65ee
5,67.15096609336081,HIGH,0.9222797927461139,0.33894992207333785,6,0xc9db6c957b2ba169608907443f3991b8d01b2ad3,0x3488f31e6449f9803f99a8b5dd232c7ad883637f1c86e6953305a2ef19c77f20,"US strikes Iran by February 28, 2026?",2026-02-27T22:42:13+00:00,2026-02-28T09:31:17+00:00,10.8178,Yes,Yes,0.179999899,7.722221,1.389999000055679,6.332221999944321,True,True,False,0x8fc1f123e805bcfb08249c7d23cff610b7d070a50cabd747fcbddcbf32865d98
5,67.15096609336081,HIGH,0.9222797927461139,0.33894992207333785,6,0xc9db6c957b2ba169608907443f3991b8d01b2ad3,0x3488f31e6449f9803f99a8b5dd232c7ad883637f1c86e6953305a2ef19c77f20,"US strikes Iran by February 28, 2026?",2026-02-27T18:21:17+00:00,2026-02-28T09:31:17+00:00,15.1667,Yes,Yes,0.1499998875,6.666665,0.9999990000001876,5.666665999999812,True,True,False,0x84429a642429db6b17b5e35e4b690ab0bd6078e0c9fb84d28c963cb69b7a9747
5,67.15096609336081,HIGH,0.9222797927461139,0.33894992207333785,6,0xc9db6c957b2ba169608907443f3991b8d01b2ad3,0x3488f31e6449f9803f99a8b5dd232c7ad883637f1c86e6953305a2ef19c77f20,"US strikes Iran by February 28, 2026?",2026-02-27T18:21:07+00:00,2026-02-28T09:31:17+00:00,15.1694,Yes,Yes,0.1499998875,6.666665,0.9999990000001876,5.666665999999812,True,True,False,0x5d0ce85eaadc3009b3abaa627a29a5eb640c50cab6d0e9229c39cc7c8576e381
5,67.15096609336081,HIGH,0.9222797927461139,0.33894992207333785,6,0xc9db6c957b2ba169608907443f3991b8d01b2ad3,0x3488f31e6449f9803f99a8b5dd232c7ad883637f1c86e6953305a2ef19c77f20,"US strikes Iran by February 28, 2026?",2026-02-27T22:43:47+00:00,2026-02-28T09:31:17+00:00,10.7917,Yes,Yes,0.1799998704,5.555554,0.9999990000002016,4.555554999999798,True,True,False,0xe521fd2419f33457686f3ca87d67f9bf6931d9d6ab0ddb73a9d3c24e739b3a7a
5,67.15096609336081,HIGH,0.9222797927461139,0.33894992207333785,6,0xc9db6c957b2ba169608907443f3991b8d01b2ad3,0x3488f31e6449f9803f99a8b5dd232c7ad883637f1c86e6953305a2ef19c77f20,"US strikes Iran by February 28, 2026?",2026-02-27T22:43:43+00:00,2026-02-28T09:31:17+00:00,10.7928,Yes,Yes,0.1799998704,5.555554,0.9999990000002016,4.555554999999798,True,True,False,0x3961e4cda09de37d0c2f9039d8de9b6703402b0461ae5374dd5091d24c82955f
5,67.15096609336081,HIGH,0.9222797927461139,0.33894992207333785,6,0xc9db6c957b2ba169608907443f3991b8d01b2ad3,0x3488f31e6449f9803f99a8b5dd232c7ad883637f1c86e6953305a2ef19c77f20,"US strikes Iran by February 28, 2026?",2026-02-27T22:43:39+00:00,2026-02-28T09:31:17+00:00,10.7939,Yes,Yes,0.1799998704,5.555554,0.9999990000002016,4.555554999999798,True,True,False,0x8d447f08a63c48bbba79475bccae07807c629752e1af0fff022461b5696cc976
5,67.15096609336081,HIGH,0.9222797927461139,0.33894992207333785,6,0xc9db6c957b2ba169608907443f3991b8d01b2ad3,0x3488f31e6449f9803f99a8b5dd232c7ad883637f1c86e6953305a2ef19c77f20,"US strikes Iran by February 28, 2026?",2026-02-27T22:43:21+00:00,2026-02-28T09:31:17+00:00,10.7989,Yes,Yes,0.1799998704,5.555554,0.9999990000002016,4.555554999999798,True,True,False,0x4f17686eb202d5e012941447387d1e0266f349acf15b7f437ce3ffc68a5fc380
5,67.15096609336081,HIGH,0.9222797927461139,0.33894992207333785,6,0xc9db6c957b2ba169608907443f3991b8d01b2ad3,0x3488f31e6449f9803f99a8b5dd232c7ad883637f1c86e6953305a2ef19c77f20,"US strikes Iran by February 28, 2026?",2026-02-27T22:43:17+00:00,2026-02-28T09:31:17+00:00,10.8,Yes,Yes,0.1799998704,5.555554,0.9999990000002016,4.555554999999798,True,True,False,0xa7f00d735c6bd9c03d2bd0899501a74162ea60798cef6f92a6c804a5d9e82c7e
5,67.15096609336081,HIGH,0.9222797927461139,0.33894992207333785,6,0xc9db6c957b2ba169608907443f3991b8d01b2ad3,0x3488f31e6449f9803f99a8b5dd232c7ad883637f1c86e6953305a2ef19c77f20,"US strikes Iran by February 28, 2026?",2026-02-27T22:43:15+00:00,2026-02-28T09:31:17+00:00,10.8006,Yes,Yes,0.1799998704,5.555554,0.9999990000002016,4.555554999999798,True,True,False,0xa8594a8667423a14a5a5b2a77031bf3a10fafdae44cf79abaa7cb03ed58ee0b8
5,67.15096609336081,HIGH,0.9222797927461139,0.33894992207333785,6,0xc9db6c957b2ba169608907443f3991b8d01b2ad3,0x3488f31e6449f9803f99a8b5dd232c7ad883637f1c86e6953305a2ef19c77f20,"US strikes Iran by February 28, 2026?",2026-02-27T22:43:11+00:00,2026-02-28T09:31:17+00:00,10.8017,Yes,Yes,0.1799998704,5.555554,0.9999990000002016,4.555554999999798,True,True,False,0x420fdd789a34239c4e81996eb0b7f8ec83b7839a81516e72281cd9ac40e46022
5,67.15096609336081,HIGH,0.9222797927461139,0.33894992207333785,6,0xc9db6c957b2ba169608907443f3991b8d01b2ad3,0x3488f31e6449f9803f99a8b5dd232c7ad883637f1c86e6953305a2ef19c77f20,"US strikes Iran by February 28, 2026?",2026-02-27T18:00:55+00:00,2026-02-28T09:31:17+00:00,15.5061,Yes,Yes,0.1799998704,5.555554,0.9999990000002016,4.555554999999798,True,True,False,0x99b89a14d21e084307102632ec5dae9ead73991c9b356c9aced9f90e5d265eae
5,67.15096609336081,HIGH,0.9222797927461139,0.33894992207333785,6,0xc9db6c957b2ba169608907443f3991b8d01b2ad3,0x3488f31e6449f9803f99a8b5dd232c7ad883637f1c86e6953305a2ef19c77f20,"US strikes Iran by February 28, 2026?",2026-02-27T23:02:45+00:00,2026-02-28T09:31:17+00:00,10.4756,Yes,Yes,0.1899998784,5.263156,0.9999990000002305,4.26315699999977,True,True,False,0xc6bf1779530ca1dc46bea435794637bd330724c7f8905320c27cfe2170804d5e
5,67.15096609336081,HIGH,0.9222797927461139,0.33894992207333785,6,0xc9db6c957b2ba169608907443f3991b8d01b2ad3,0x3488f31e6449f9803f99a8b5dd232c7ad883637f1c86e6953305a2ef19c77f20,"US strikes Iran by February 28, 2026?",2026-02-27T23:02:43+00:00,2026-02-28T09:31:17+00:00,10.4761,Yes,Yes,0.1899998784,5.263156,0.9999990000002305,4.26315699999977,True,True,False,0xe769c86436fd13df359ca28716f1d2f1595b05732f5b2271d872bbcda026a7d5
5,67.15096609336081,HIGH,0.9222797927461139,0.33894992207333785,6,0xc9db6c957b2ba169608907443f3991b8d01b2ad3,0x3488f31e6449f9803f99a8b5dd232c7ad883637f1c86e6953305a2ef19c77f20,"US strikes Iran by February 28, 2026?",2026-02-27T23:02:43+00:00,2026-02-28T09:31:17+00:00,10.4761,Yes,Yes,0.1899998784,5.263156,0.9999990000002305,4.26315699999977,True,True,False,0x383c4e900d054827996c715dc0630350aa5236439d6380e0b3b76d59b9d994dd
5,67.15096609336081,HIGH,0.9222797927461139,0.33894992207333785,6,0xc9db6c957b2ba169608907443f3991b8d01b2ad3,0x3488f31e6449f9803f99a8b5dd232c7ad883637f1c86e6953305a2ef19c77f20,"US strikes Iran by February 28, 2026?",2026-02-27T22:53:11+00:00,2026-02-28T09:31:17+00:00,10.635,Yes,Yes,0.1899998784,5.263156,0.9999990000002305,4.26315699999977,True,True,False,0x701796a6486fe08dfb8c821b4ae672da2c539a3d9c84792c9ba3740bdbb65b97
5,67.15096609336081,HIGH,0.9222797927461139,0.33894992207333785,6,0xc9db6c957b2ba169608907443f3991b8d01b2ad3,0x3488f31e6449f9803f99a8b5dd232c7ad883637f1c86e6953305a2ef19c77f20,"US strikes Iran by February 28, 2026?",2026-02-27T22:53:07+00:00,2026-02-28T09:31:17+00:00,10.6361,Yes,Yes,0.1899998784,5.263156,0.9999990000002305,4.26315699999977,True,True,False,0xfa19b6f788a03c96627f55b93596c51d7526fceb7627b7c8c614c20e3a99f7a7
5,67.15096609336081,HIGH,0.9222797927461139,0.33894992207333785,6,0xc9db6c957b2ba169608907443f3991b8d01b2ad3,0x3488f31e6449f9803f99a8b5dd232c7ad883637f1c86e6953305a2ef19c77f20,"US strikes Iran by February 28, 2026?",2026-02-27T22:53:05+00:00,2026-02-28T09:31:17+00:00,10.6367,Yes,Yes,0.1899998784,5.263156,0.9999990000002305,4.26315699999977,True,True,False,0xb5bc6c8227a7f5966950b9440d6118aedfe0b73aa9fd0376c821296c3983733b
5,67.15096609336081,HIGH,0.9222797927461139,0.33894992207333785,6,0xc9db6c957b2ba169608907443f3991b8d01b2ad3,0x3488f31e6449f9803f99a8b5dd232c7ad883637f1c86e6953305a2ef19c77f20,"US strikes Iran by February 28, 2026?",2026-02-27T22:53:03+00:00,2026-02-28T09:31:17+00:00,10.6372,Yes,Yes,0.1899998784,5.263156,0.9999990000002305,4.26315699999977,True,True,False,0xf431f41068aaa0b76a403453a192f5b748b9f404f15e4d29585aa02b934b139f
5,67.15096609336081,HIGH,0.9222797927461139,0.33894992207333785,6,0xc9db6c957b2ba169608907443f3991b8d01b2ad3,0x3488f31e6449f9803f99a8b5dd232c7ad883637f1c86e6953305a2ef19c77f20,"US strikes Iran by February 28, 2026?",2026-02-27T22:52:49+00:00,2026-02-28T09:31:17+00:00,10.6411,Yes,Yes,0.1899998784,5.263156,0.9999990000002305,4.26315699999977,True,True,False,0xda852b08c8362b2682207fa4e46b037a1d0fb728022975dae5865a9d8ffc5e44
5,67.15096609336081,HIGH,0.9222797927461139,0.33894992207333785,6,0xc9db6c957b2ba169608907443f3991b8d01b2ad3,0x3488f31e6449f9803f99a8b5dd232c7ad883637f1c86e6953305a2ef19c77f20,"US strikes Iran by February 28, 2026?",2026-02-27T22:52:45+00:00,2026-02-28T09:31:17+00:00,10.6422,Yes,Yes,0.1899998784,5.263156,0.9999990000002305,4.26315699999977,True,True,False,0xbce8ced2e104bbad1d5d2249ee125d81d201b57da5fa298073e889df03495842
5,67.15096609336081,HIGH,0.9222797927461139,0.33894992207333785,6,0xc9db6c957b2ba169608907443f3991b8d01b2ad3,0x3488f31e6449f9803f99a8b5dd232c7ad883637f1c86e6953305a2ef19c77f20,"US strikes Iran by February 28, 2026?",2026-02-27T22:52:43+00:00,2026-02-28T09:31:17+00:00,10.6428,Yes,Yes,0.1899998784,5.263156,0.9999990000002305,4.26315699999977,True,True,False,0x8ee7056aac0f894ca587d63062f3a1402878d866c051df12b323f72b365b2922
5,67.15096609336081,HIGH,0.9222797927461139,0.33894992207333785,6,0xc9db6c957b2ba169608907443f3991b8d01b2ad3,0x3488f31e6449f9803f99a8b5dd232c7ad883637f1c86e6953305a2ef19c77f20,"US strikes Iran by February 28, 2026?",2026-02-27T22:52:39+00:00,2026-02-28T09:31:17+00:00,10.6439,Yes,Yes,0.1899998784,5.263156,0.9999990000002305,4.26315699999977,True,True,False,0x7ae6c78757e312558f4f414521fe4caf5a068d78210579c720ae463e78d12442
5,67.15096609336081,HIGH,0.9222797927461139,0.33894992207333785,6,0xc9db6c957b2ba169608907443f3991b8d01b2ad3,0x3488f31e6449f9803f99a8b5dd232c7ad883637f1c86e6953305a2ef19c77f20,"US strikes Iran by February 28, 2026?",2026-02-27T22:52:37+00:00,2026-02-28T09:31:17+00:00,10.6444,Yes,Yes,0.1899998784,5.263156,0.9999990000002305,4.26315699999977,True,True,False,0xab0389c5f02ded4f9aaa21b7e7aea0d2d6b654c13a159e3b328f2ff5be68f866
5,67.15096609336081,HIGH,0.9222797927461139,0.33894992207333785,6,0xc9db6c957b2ba169608907443f3991b8d01b2ad3,0x3488f31e6449f9803f99a8b5dd232c7ad883637f1c86e6953305a2ef19c77f20,"US strikes Iran by February 28, 2026?",2026-02-27T22:52:33+00:00,2026-02-28T09:31:17+00:00,10.6456,Yes,Yes,0.1899998784,5.263156,0.9999990000002305,4.26315699999977,True,True,False,0x3149bfd62c6fa14094c1291319e3f5b897ff45811f58185ab7790e97cf0f8570
5,67.15096609336081,HIGH,0.9222797927461139,0.33894992207333785,6,0xc9db6c957b2ba169608907443f3991b8d01b2ad3,0x3488f31e6449f9803f99a8b5dd232c7ad883637f1c86e6953305a2ef19c77f20,"US strikes Iran by February 28, 2026?",2026-02-27T22:52:31+00:00,2026-02-28T09:31:17+00:00,10.6461,Yes,Yes,0.1899998784,5.263156,0.9999990000002305,4.26315699999977,True,True,False,0xa18a7464e4ada1488e878aa8425e20728a6b057e8a8cde0aa15d34a7c24b7d41
5,67.15096609336081,HIGH,0.9222797927461139,0.33894992207333785,6,0xc9db6c957b2ba169608907443f3991b8d01b2ad3,0x3488f31e6449f9803f99a8b5dd232c7ad883637f1c86e6953305a2ef19c77f20,"US strikes Iran by February 28, 2026?",2026-02-27T22:52:29+00:00,2026-02-28T09:31:17+00:00,10.6467,Yes,Yes,0.1899998784,5.263156,0.9999990000002305,4.26315699999977,True,True,False,0x4fbcdfc765e72568c285975ed466abc41dad5175426180ed58361dbc7c217bd5
5,67.15096609336081,HIGH,0.9222797927461139,0.33894992207333785,6,0xc9db6c957b2ba169608907443f3991b8d01b2ad3,0x3488f31e6449f9803f99a8b5dd232c7ad883637f1c86e6953305a2ef19c77f20,"US strikes Iran by February 28, 2026?",2026-02-27T22:52:25+00:00,2026-02-28T09:31:17+00:00,10.6478,Yes,Yes,0.1899998784,5.263156,0.9999990000002305,4.26315699999977,True,True,False,0xee5c1de2e66dd14caa6fa9cf350b178c90dcb6fd3ea8fd59495d65f26780c489
5,67.15096609336081,HIGH,0.9222797927461139,0.33894992207333785,6,0xc9db6c957b2ba169608907443f3991b8d01b2ad3,0x3488f31e6449f9803f99a8b5dd232c7ad883637f1c86e6953305a2ef19c77f20,"US strikes Iran by February 28, 2026?",2026-02-27T22:52:23+00:00,2026-02-28T09:31:17+00:00,10.6483,Yes,Yes,0.1899998784,5.263156,0.9999990000002305,4.26315699999977,True,True,False,0x32b8288c98add374622a1221244a49375c7a3ccbfa55340c51cea6398d0a5c42
5,67.15096609336081,HIGH,0.9222797927461139,0.33894992207333785,6,0xc9db6c957b2ba169608907443f3991b8d01b2ad3,0x3488f31e6449f9803f99a8b5dd232c7ad883637f1c86e6953305a2ef19c77f20,"US strikes Iran by February 28, 2026?",2026-02-27T22:52:19+00:00,2026-02-28T09:31:17+00:00,10.6494,Yes,Yes,0.1899998784,5.263156,0.9999990000002305,4.26315699999977,True,True,False,0x9ee1c270a21ce06328304c21bd990bc4f38761ea8f673f9087694df41290ce67
5,67.15096609336081,HIGH,0.9222797927461139,0.33894992207333785,6,0xc9db6c957b2ba169608907443f3991b8d01b2ad3,0x3488f31e6449f9803f99a8b5dd232c7ad883637f1c86e6953305a2ef19c77f20,"US strikes Iran by February 28, 2026?",2026-02-27T22:52:17+00:00,2026-02-28T09:31:17+00:00,10.65,Yes,Yes,0.1899998784,5.263156,0.9999990000002305,4.26315699999977,True,True,False,0xa8d315129ba5f68e19b00614032c3a07de1b8ed1e6e246f50ee1608dff7a645e
5,67.15096609336081,HIGH,0.9222797927461139,0.33894992207333785,6,0xc9db6c957b2ba169608907443f3991b8d01b2ad3,0x3488f31e6449f9803f99a8b5dd232c7ad883637f1c86e6953305a2ef19c77f20,"US strikes Iran by February 28, 2026?",2026-02-27T22:52:15+00:00,2026-02-28T09:31:17+00:00,10.6506,Yes,Yes,0.1899998784,5.263156,0.9999990000002305,4.26315699999977,True,True,False,0x1f44f509a26dd942293aacb8cb9083d937071d64da439ccc8534d340d80ffcb4
5,67.15096609336081,HIGH,0.9222797927461139,0.33894992207333785,6,0xc9db6c957b2ba169608907443f3991b8d01b2ad3,0x3488f31e6449f9803f99a8b5dd232c7ad883637f1c86e6953305a2ef19c77f20,"US strikes Iran by February 28, 2026?",2026-02-27T22:52:11+00:00,2026-02-28T09:31:17+00:00,10.6517,Yes,Yes,0.1899998784,5.263156,0.9999990000002305,4.26315699999977,True,True,False,0x9d769ae7821d7bde7d05d1738c1d5b9cc4afaa1320f5f8fa4463d886e382b7d1
5,67.15096609336081,HIGH,0.9222797927461139,0.33894992207333785,6,0xc9db6c957b2ba169608907443f3991b8d01b2ad3,0x3488f31e6449f9803f99a8b5dd232c7ad883637f1c86e6953305a2ef19c77f20,"US strikes Iran by February 28, 2026?",2026-02-27T22:52:09+00:00,2026-02-28T09:31:17+00:00,10.6522,Yes,Yes,0.1899998784,5.263156,0.9999990000002305,4.26315699999977,True,True,False,0x7986a8cf02cfd2b6c6a435062d6882aae847fca0c32ed17130418d2e52b8b13b
5,67.15096609336081,HIGH,0.9222797927461139,0.33894992207333785,6,0xc9db6c957b2ba169608907443f3991b8d01b2ad3,0x3488f31e6449f9803f99a8b5dd232c7ad883637f1c86e6953305a2ef19c77f20,"US strikes Iran by February 28, 2026?",2026-02-27T22:52:07+00:00,2026-02-28T09:31:17+00:00,10.6528,Yes,Yes,0.1899998784,5.263156,0.9999990000002305,4.26315699999977,True,True,False,0x734dec4f6d4b907508534bfd66ceb38b7cc8aa60791a9cb5f1935b80f44c1912
5,67.15096609336081,HIGH,0.9222797927461139,0.33894992207333785,6,0xc9db6c957b2ba169608907443f3991b8d01b2ad3,0x3488f31e6449f9803f99a8b5dd232c7ad883637f1c86e6953305a2ef19c77f20,"US strikes Iran by February 28, 2026?",2026-02-27T22:52:03+00:00,2026-02-28T09:31:17+00:00,10.6539,Yes,Yes,0.1899998784,5.263156,0.9999990000002305,4.26315699999977,True,True,False,0x147e267d04f27ccde5052b478af35ec2ca16b72a588ab71cf05fdebb9b7e799e
5,67.15096609336081,HIGH,0.9222797927461139,0.33894992207333785,6,0xc9db6c957b2ba169608907443f3991b8d01b2ad3,0x3488f31e6449f9803f99a8b5dd232c7ad883637f1c86e6953305a2ef19c77f20,"US strikes Iran by February 28, 2026?",2026-02-27T22:52:01+00:00,2026-02-28T09:31:17+00:00,10.6544,Yes,Yes,0.1899998784,5.263156,0.9999990000002305,4.26315699999977,True,True,False,0xee5fbd1cfcc27bb47076cc3b23516cb7e39b992706a7331c94f3e96e74c9b39a
5,67.15096609336081,HIGH,0.9222797927461139,0.33894992207333785,6,0xc9db6c957b2ba169608907443f3991b8d01b2ad3,0x3488f31e6449f9803f99a8b5dd232c7ad883637f1c86e6953305a2ef19c77f20,"US strikes Iran by February 28, 2026?",2026-02-27T22:51:59+00:00,2026-02-28T09:31:17+00:00,10.655,Yes,Yes,0.1899998784,5.263156,0.9999990000002305,4.26315699999977,True,True,False,0x476dd92bb9bea8f5bb92847866b37102a7dc6050e41f72368170afb5b64f092d
5,67.15096609336081,HIGH,0.9222797927461139,0.33894992207333785,6,0xc9db6c957b2ba169608907443f3991b8d01b2ad3,0x3488f31e6449f9803f99a8b5dd232c7ad883637f1c86e6953305a2ef19c77f20,"US strikes Iran by February 28, 2026?",2026-02-27T22:51:55+00:00,2026-02-28T09:31:17+00:00,10.6561,Yes,Yes,0.1899998784,5.263156,0.9999990000002305,4.26315699999977,True,True,False,0x2eab61e10caefbe7849875bb496e3c78cb6de8d3d819998688d3c41cb2b63bf9
5,67.15096609336081,HIGH,0.9222797927461139,0.33894992207333785,6,0xc9db6c957b2ba169608907443f3991b8d01b2ad3,0x3488f31e6449f9803f99a8b5dd232c7ad883637f1c86e6953305a2ef19c77f20,"US strikes Iran by February 28, 2026?",2026-02-27T22:51:53+00:00,2026-02-28T09:31:17+00:00,10.6567,Yes,Yes,0.1899998784,5.263156,0.9999990000002305,4.26315699999977,True,True,False,0x0082d13cd200e1c227a8a0f9ebf6b66b8e54fc20cb20edb3ad1c23a3f8a4f4c3
5,67.15096609336081,HIGH,0.9222797927461139,0.33894992207333785,6,0xc9db6c957b2ba169608907443f3991b8d01b2ad3,0x3488f31e6449f9803f99a8b5dd232c7ad883637f1c86e6953305a2ef19c77f20,"US strikes Iran by February 28, 2026?",2026-02-27T22:51:49+00:00,2026-02-28T09:31:17+00:00,10.6578,Yes,Yes,0.1899998784,5.263156,0.9999990000002305,4.26315699999977,True,True,False,0x64ae9344c44c631594661f9f1d09a6771e234506b4af6ec89e0edfa55d5cf9a9
5,67.15096609336081,HIGH,0.9222797927461139,0.33894992207333785,6,0xc9db6c957b2ba169608907443f3991b8d01b2ad3,0x3488f31e6449f9803f99a8b5dd232c7ad883637f1c86e6953305a2ef19c77f20,"US strikes Iran by February 28, 2026?",2026-02-27T22:51:47+00:00,2026-02-28T09:31:17+00:00,10.6583,Yes,Yes,0.1899998784,5.263156,0.9999990000002305,4.26315699999977,True,True,False,0xe3c763ab314f71e6ce9005c0d11d7fcb96fec5b9d04c593d7963b60ed4aedd48
5,67.15096609336081,HIGH,0.9222797927461139,0.33894992207333785,6,0xc9db6c957b2ba169608907443f3991b8d01b2ad3,0x3488f31e6449f9803f99a8b5dd232c7ad883637f1c86e6953305a2ef19c77f20,"US strikes Iran by February 28, 2026?",2026-02-27T22:51:43+00:00,2026-02-28T09:31:17+00:00,10.6594,Yes,Yes,0.1899998784,5.263156,0.9999990000002305,4.26315699999977,True,True,False,0x2341f7f38dc3ed4bed78c681df36048719330d6f35dc5fe946bcf52bfe6d723b
5,67.15096609336081,HIGH,0.9222797927461139,0.33894992207333785,6,0xc9db6c957b2ba169608907443f3991b8d01b2ad3,0x3488f31e6449f9803f99a8b5dd232c7ad883637f1c86e6953305a2ef19c77f20,"US strikes Iran by February 28, 2026?",2026-02-27T22:51:41+00:00,2026-02-28T09:31:17+00:00,10.66,Yes,Yes,0.1899998784,5.263156,0.9999990000002305,4.26315699999977,True,True,False,0x4eab65835ce718add1ff3a45dfd832b653f228847c6c336c1898d5a1ddf58c88
5,67.15096609336081,HIGH,0.9222797927461139,0.33894992207333785,6,0xc9db6c957b2ba169608907443f3991b8d01b2ad3,0x3488f31e6449f9803f99a8b5dd232c7ad883637f1c86e6953305a2ef19c77f20,"US strikes Iran by February 28, 2026?",2026-02-27T22:51:37+00:00,2026-02-28T09:31:17+00:00,10.6611,Yes,Yes,0.1899998784,5.263156,0.9999990000002305,4.26315699999977,True,True,False,0x59cb8759355b8078a16f31e79f6dc773212a351a661bf36347815873cc36005e
5,67.15096609336081,HIGH,0.9222797927461139,0.33894992207333785,6,0xc9db6c957b2ba169608907443f3991b8d01b2ad3,0x3488f31e6449f9803f99a8b5dd232c7ad883637f1c86e6953305a2ef19c77f20,"US strikes Iran by February 28, 2026?",2026-02-27T22:51:35+00:00,2026-02-28T09:31:17+00:00,10.6617,Yes,Yes,0.1899998784,5.263156,0.9999990000002305,4.26315699999977,True,True,False,0x6a71d348fe8c9108a18111dd3530224e3a15fc8f9254625088da8a1a60b6eed5
5,67.15096609336081,HIGH,0.9222797927461139,0.33894992207333785,6,0xc9db6c957b2ba169608907443f3991b8d01b2ad3,0x3488f31e6449f9803f99a8b5dd232c7ad883637f1c86e6953305a2ef19c77f20,"US strikes Iran by February 28, 2026?",2026-02-27T22:51:31+00:00,2026-02-28T09:31:17+00:00,10.6628,Yes,Yes,0.1899998784,5.263156,0.9999990000002305,4.26315699999977,True,True,False,0x3549ab6d7ca9945a0725864e38a4251d59a3ba3dfec3cdd18fadab3249e51f41
5,67.15096609336081,HIGH,0.9222797927461139,0.33894992207333785,6,0xc9db6c957b2ba169608907443f3991b8d01b2ad3,0x3488f31e6449f9803f99a8b5dd232c7ad883637f1c86e6953305a2ef19c77f20,"US strikes Iran by February 28, 2026?",2026-02-27T22:51:29+00:00,2026-02-28T09:31:17+00:00,10.6633,Yes,Yes,0.1899998784,5.263156,0.9999990000002305,4.26315699999977,True,True,False,0x1b17e639505ec4b48d73151e49b45a948ae2cc74ffa22421138ff7253944d3a5
5,67.15096609336081,HIGH,0.9222797927461139,0.33894992207333785,6,0xc9db6c957b2ba169608907443f3991b8d01b2ad3,0x3488f31e6449f9803f99a8b5dd232c7ad883637f1c86e6953305a2ef19c77f20,"US strikes Iran by February 28, 2026?",2026-02-27T22:51:25+00:00,2026-02-28T09:31:17+00:00,10.6644,Yes,Yes,0.1899998784,5.263156,0.9999990000002305,4.26315699999977,True,True,False,0x41ecff9e2bb3cfb82a7386cea47c36ca620b6b549af470c071daf8a5a28583b0
5,67.15096609336081,HIGH,0.9222797927461139,0.33894992207333785,6,0xc9db6c957b2ba169608907443f3991b8d01b2ad3,0x3488f31e6449f9803f99a8b5dd232c7ad883637f1c86e6953305a2ef19c77f20,"US strikes Iran by February 28, 2026?",2026-02-27T22:51:23+00:00,2026-02-28T09:31:17+00:00,10.665,Yes,Yes,0.1899998784,5.263156,0.9999990000002305,4.26315699999977,True,True,False,0x28933c75991df747dd1e8111ec3e5abc7cf019777d605080b2b09e8d7329324a
5,67.15096609336081,HIGH,0.9222797927461139,0.33894992207333785,6,0xc9db6c957b2ba169608907443f3991b8d01b2ad3,0x3488f31e6449f9803f99a8b5dd232c7ad883637f1c86e6953305a2ef19c77f20,"US strikes Iran by February 28, 2026?",2026-02-27T22:51:19+00:00,2026-02-28T09:31:17+00:00,10.6661,Yes,Yes,0.1899998784,5.263156,0.9999990000002305,4.26315699999977,True,True,False,0x1cde271441ce954f7453b9613e9a41f3b7e06d300659898fdc2df41a3ffae6c9
5,67.15096609336081,HIGH,0.9222797927461139,0.33894992207333785,6,0xc9db6c957b2ba169608907443f3991b8d01b2ad3,0x3488f31e6449f9803f99a8b5dd232c7ad883637f1c86e6953305a2ef19c77f20,"US strikes Iran by February 28, 2026?",2026-02-27T22:51:17+00:00,2026-02-28T09:31:17+00:00,10.6667,Yes,Yes,0.1899998784,5.263156,0.9999990000002305,4.26315699999977,True,True,False,0x5b944c9958b42389403532d5f5abb8d7327cf5ba9a37b7bf72de6eeb35e27a7c
5,67.15096609336081,HIGH,0.9222797927461139,0.33894992207333785,6,0xc9db6c957b2ba169608907443f3991b8d01b2ad3,0x3488f31e6449f9803f99a8b5dd232c7ad883637f1c86e6953305a2ef19c77f20,"US strikes Iran by February 28, 2026?",2026-02-27T22:51:13+00:00,2026-02-28T09:31:17+00:00,10.6678,Yes,Yes,0.1899998784,5.263156,0.9999990000002305,4.26315699999977,True,True,False,0x393ffd21b022d3a4d42bfb705966cf0c2e87a97330a0131ac8e0f0fad8aa51ec
5,67.15096609336081,HIGH,0.9222797927461139,0.33894992207333785,6,0xc9db6c957b2ba169608907443f3991b8d01b2ad3,0x3488f31e6449f9803f99a8b5dd232c7ad883637f1c86e6953305a2ef19c77f20,"US strikes Iran by February 28, 2026?",2026-02-27T22:51:11+00:00,2026-02-28T09:31:17+00:00,10.6683,Yes,Yes,0.1899998784,5.263156,0.9999990000002305,4.26315699999977,True,True,False,0xeeea6af9569888f50e3c1482deba0fb816373762af2ada1265510cc0e323a400
5,67.15096609336081,HIGH,0.9222797927461139,0.33894992207333785,6,0xc9db6c957b2ba169608907443f3991b8d01b2ad3,0x3488f31e6449f9803f99a8b5dd232c7ad883637f1c86e6953305a2ef19c77f20,"US strikes Iran by February 28, 2026?",2026-02-27T22:51:09+00:00,2026-02-28T09:31:17+00:00,10.6689,Yes,Yes,0.1899998784,5.263156,0.9999990000002305,4.26315699999977,True,True,False,0xd6a87fb6feeab709b1464f1064566642b2d10e8ad573e4a8214c9fd965d23f30
5,67.15096609336081,HIGH,0.9222797927461139,0.33894992207333785,6,0xc9db6c957b2ba169608907443f3991b8d01b2ad3,0x3488f31e6449f9803f99a8b5dd232c7ad883637f1c86e6953305a2ef19c77f20,"US strikes Iran by February 28, 2026?",2026-02-27T22:51:05+00:00,2026-02-28T09:31:17+00:00,10.67,Yes,Yes,0.1899998784,5.263156,0.9999990000002305,4.26315699999977,True,True,False,0x40b99708b90af39f4728b08ee740238a5e46cb77b32c39be2cc8a47b9910c71d
5,67.15096609336081,HIGH,0.9222797927461139,0.33894992207333785,6,0xc9db6c957b2ba169608907443f3991b8d01b2ad3,0x3488f31e6449f9803f99a8b5dd232c7ad883637f1c86e6953305a2ef19c77f20,"US strikes Iran by February 28, 2026?",2026-02-27T22:51:03+00:00,2026-02-28T09:31:17+00:00,10.6706,Yes,Yes,0.1899998784,5.263156,0.9999990000002305,4.26315699999977,True,True,False,0xc9fb1b2c7addb2dcdcbaa730fbfb5abdba28b70e922d69cb0986abfc31e0c387
5,67.15096609336081,HIGH,0.9222797927461139,0.33894992207333785,6,0xc9db6c957b2ba169608907443f3991b8d01b2ad3,0x3488f31e6449f9803f99a8b5dd232c7ad883637f1c86e6953305a2ef19c77f20,"US strikes Iran by February 28, 2026?",2026-02-27T22:50:59+00:00,2026-02-28T09:31:17+00:00,10.6717,Yes,Yes,0.1899998784,5.263156,0.9999990000002305,4.26315699999977,True,True,False,0x8d991d646328f847744b8b14075741a820da7919f5c2a14a6b2f7fe22eee8b6a
5,67.15096609336081,HIGH,0.9222797927461139,0.33894992207333785,6,0xc9db6c957b2ba169608907443f3991b8d01b2ad3,0x3488f31e6449f9803f99a8b5dd232c7ad883637f1c86e6953305a2ef19c77f20,"US strikes Iran by February 28, 2026?",2026-02-27T22:50:57+00:00,2026-02-28T09:31:17+00:00,10.6722,Yes,Yes,0.1899998784,5.263156,0.9999990000002305,4.26315699999977,True,True,False,0xe8f1cfaca0e4b59c647746bce997ee8b8d261fa1295917e5d130afc6bb0e99e0
5,67.15096609336081,HIGH,0.9222797927461139,0.33894992207333785,6,0xc9db6c957b2ba169608907443f3991b8d01b2ad3,0x3488f31e6449f9803f99a8b5dd232c7ad883637f1c86e6953305a2ef19c77f20,"US strikes Iran by February 28, 2026?",2026-02-27T22:50:53+00:00,2026-02-28T09:31:17+00:00,10.6733,Yes,Yes,0.1899998784,5.263156,0.9999990000002305,4.26315699999977,True,True,False,0x19989d83b2c394a558691a359fdb361bc0678b2f8ba8003ed9332a0aff4fcca8
5,67.15096609336081,HIGH,0.9222797927461139,0.33894992207333785,6,0xc9db6c957b2ba169608907443f3991b8d01b2ad3,0x3488f31e6449f9803f99a8b5dd232c7ad883637f1c86e6953305a2ef19c77f20,"US strikes Iran by February 28, 2026?",2026-02-27T22:50:51+00:00,2026-02-28T09:31:17+00:00,10.6739,Yes,Yes,0.1899998784,5.263156,0.9999990000002305,4.26315699999977,True,True,False,0x41ace9b06b2b5c36d900d4e26efb03c07cfad5f3b8b3a15e2cccf06dd2b90e2c
5,67.15096609336081,HIGH,0.9222797927461139,0.33894992207333785,6,0xc9db6c957b2ba169608907443f3991b8d01b2ad3,0x3488f31e6449f9803f99a8b5dd232c7ad883637f1c86e6953305a2ef19c77f20,"US strikes Iran by February 28, 2026?",2026-02-27T22:50:47+00:00,2026-02-28T09:31:17+00:00,10.675,Yes,Yes,0.1899998784,5.263156,0.9999990000002305,4.26315699999977,True,True,False,0xbaa27e71f3affcfd31405bcc6e8a9d74ff9e5a1e8caa3f9a3e2fd7413d77539e
5,67.15096609336081,HIGH,0.9222797927461139,0.33894992207333785,6,0xc9db6c957b2ba169608907443f3991b8d01b2ad3,0x3488f31e6449f9803f99a8b5dd232c7ad883637f1c86e6953305a2ef19c77f20,"US strikes Iran by February 28, 2026?",2026-02-27T22:50:45+00:00,2026-02-28T09:31:17+00:00,10.6756,Yes,Yes,0.1899998784,5.263156,0.9999990000002305,4.26315699999977,True,True,False,0x3fa41ebdb1c993dd3d21aac438f585c9c2a253200d310730760ee60abedcb916
5,67.15096609336081,HIGH,0.9222797927461139,0.33894992207333785,6,0xc9db6c957b2ba169608907443f3991b8d01b2ad3,0x3488f31e6449f9803f99a8b5dd232c7ad883637f1c86e6953305a2ef19c77f20,"US strikes Iran by February 28, 2026?",2026-02-27T22:50:43+00:00,2026-02-28T09:31:17+00:00,10.6761,Yes,Yes,0.1899998784,5.263156,0.9999990000002305,4.26315699999977,True,True,False,0x25740494da22a9d254616a7bdf81d28126c90be0125d5a60ff9fb81bc20c7495
5,67.15096609336081,HIGH,0.9222797927461139,0.33894992207333785,6,0xc9db6c957b2ba169608907443f3991b8d01b2ad3,0x3488f31e6449f9803f99a8b5dd232c7ad883637f1c86e6953305a2ef19c77f20,"US strikes Iran by February 28, 2026?",2026-02-27T22:50:39+00:00,2026-02-28T09:31:17+00:00,10.6772,Yes,Yes,0.1899998784,5.263156,0.9999990000002305,4.26315699999977,True,True,False,0xea2568178c454f61fa655df6d081d142d018e3b1c8af2f2a2de35a1dd0cc2129
5,67.15096609336081,HIGH,0.9222797927461139,0.33894992207333785,6,0xc9db6c957b2ba169608907443f3991b8d01b2ad3,0x3488f31e6449f9803f99a8b5dd232c7ad883637f1c86e6953305a2ef19c77f20,"US strikes Iran by February 28, 2026?",2026-02-27T22:50:35+00:00,2026-02-28T09:31:17+00:00,10.6783,Yes,Yes,0.1899998784,5.263156,0.9999990000002305,4.26315699999977,True,True,False,0x9e0fc71047cb71877295e8c3d21cbbed52a3087c98e7051b54ba1797b4909b57
5,67.15096609336081,HIGH,0.9222797927461139,0.33894992207333785,6,0xc9db6c957b2ba169608907443f3991b8d01b2ad3,0x3488f31e6449f9803f99a8b5dd232c7ad883637f1c86e6953305a2ef19c77f20,"US strikes Iran by February 28, 2026?",2026-02-27T22:50:31+00:00,2026-02-28T09:31:17+00:00,10.6794,Yes,Yes,0.1899998784,5.263156,0.9999990000002305,4.26315699999977,True,True,False,0xf99413de9fbec39e1c98f14e830a5270ebf5e8990693701aae2e583b1ed9f267
5,67.15096609336081,HIGH,0.9222797927461139,0.33894992207333785,6,0xc9db6c957b2ba169608907443f3991b8d01b2ad3,0x3488f31e6449f9803f99a8b5dd232c7ad883637f1c86e6953305a2ef19c77f20,"US strikes Iran by February 28, 2026?",2026-02-27T22:50:29+00:00,2026-02-28T09:31:17+00:00,10.68,Yes,Yes,0.1899998784,5.263156,0.9999990000002305,4.26315699999977,True,True,False,0x3067029a00f11cd70df63593b2d52d07f1a257bdbf8c02529d3e13b315c82c97
5,67.15096609336081,HIGH,0.9222797927461139,0.33894992207333785,6,0xc9db6c957b2ba169608907443f3991b8d01b2ad3,0x3488f31e6449f9803f99a8b5dd232c7ad883637f1c86e6953305a2ef19c77f20,"US strikes Iran by February 28, 2026?",2026-02-27T22:50:27+00:00,2026-02-28T09:31:17+00:00,10.6806,Yes,Yes,0.1899998784,5.263156,0.9999990000002305,4.26315699999977,True,True,False,0x5bec50454fb58b30b9b2a0e8ec46d9fd50ea14049cff3102469ca167a555545b
5,67.15096609336081,HIGH,0.9222797927461139,0.33894992207333785,6,0xc9db6c957b2ba169608907443f3991b8d01b2ad3,0x3488f31e6449f9803f99a8b5dd232c7ad883637f1c86e6953305a2ef19c77f20,"US strikes Iran by February 28, 2026?",2026-02-27T22:50:23+00:00,2026-02-28T09:31:17+00:00,10.6817,Yes,Yes,0.1899998784,5.263156,0.9999990000002305,4.26315699999977,True,True,False,0xe18f4a00e23b2592991f64da40674807bb61b6df0f40708e93947ca36fc95281
5,67.15096609336081,HIGH,0.9222797927461139,0.33894992207333785,6,0xc9db6c957b2ba169608907443f3991b8d01b2ad3,0x3488f31e6449f9803f99a8b5dd232c7ad883637f1c86e6953305a2ef19c77f20,"US strikes Iran by February 28, 2026?",2026-02-27T22:50:21+00:00,2026-02-28T09:31:17+00:00,10.6822,Yes,Yes,0.1899998784,5.263156,0.9999990000002305,4.26315699999977,True,True,False,0xfeee9958d0beabdd192b0d2f27fe7c174cf11c7ece3b16daac74382b49ff2173
5,67.15096609336081,HIGH,0.9222797927461139,0.33894992207333785,6,0xc9db6c957b2ba169608907443f3991b8d01b2ad3,0x3488f31e6449f9803f99a8b5dd232c7ad883637f1c86e6953305a2ef19c77f20,"US strikes Iran by February 28, 2026?",2026-02-27T22:50:17+00:00,2026-02-28T09:31:17+00:00,10.6833,Yes,Yes,0.1899998784,5.263156,0.9999990000002305,4.26315699999977,True,True,False,0xfa11b74888ec01dcf3cfc4ba8e4f4af7a0f9335379927bdbfcb223e675eb8c6f
5,67.15096609336081,HIGH,0.9222797927461139,0.33894992207333785,6,0xc9db6c957b2ba169608907443f3991b8d01b2ad3,0x3488f31e6449f9803f99a8b5dd232c7ad883637f1c86e6953305a2ef19c77f20,"US strikes Iran by February 28, 2026?",2026-02-27T22:50:15+00:00,2026-02-28T09:31:17+00:00,10.6839,Yes,Yes,0.1899998784,5.263156,0.9999990000002305,4.26315699999977,True,True,False,0x66850d705218394818c0b063af16dafcf4b5fe51bfa0f92ff7092562548d8cc0
5,67.15096609336081,HIGH,0.9222797927461139,0.33894992207333785,6,0xc9db6c957b2ba169608907443f3991b8d01b2ad3,0x3488f31e6449f9803f99a8b5dd232c7ad883637f1c86e6953305a2ef19c77f20,"US strikes Iran by February 28, 2026?",2026-02-27T22:50:11+00:00,2026-02-28T09:31:17+00:00,10.685,Yes,Yes,0.1899998784,5.263156,0.9999990000002305,4.26315699999977,True,True,False,0x152b8cb9b3abfe23cce3b655fdec29fde5210169d89611f9671ddccc97377b9b
5,67.15096609336081,HIGH,0.9222797927461139,0.33894992207333785,6,0xc9db6c957b2ba169608907443f3991b8d01b2ad3,0x3488f31e6449f9803f99a8b5dd232c7ad883637f1c86e6953305a2ef19c77f20,"US strikes Iran by February 28, 2026?",2026-02-27T22:50:09+00:00,2026-02-28T09:31:17+00:00,10.6856,Yes,Yes,0.1899998784,5.263156,0.9999990000002305,4.26315699999977,True,True,False,0x62b344a66bac765c5c00d8555c767f5bcfa49a8e6fbcbd37592a9eda5cc50575
5,67.15096609336081,HIGH,0.9222797927461139,0.33894992207333785,6,0xc9db6c957b2ba169608907443f3991b8d01b2ad3,0x3488f31e6449f9803f99a8b5dd232c7ad883637f1c86e6953305a2ef19c77f20,"US strikes Iran by February 28, 2026?",2026-02-27T22:50:07+00:00,2026-02-28T09:31:17+00:00,10.6861,Yes,Yes,0.1899998784,5.263156,0.9999990000002305,4.26315699999977,True,True,False,0x4e3bd39e9b46b00d8bea0e4c73b77c15642b2d99d891a410e0451701e11dfc1c
5,67.15096609336081,HIGH,0.9222797927461139,0.33894992207333785,6,0xc9db6c957b2ba169608907443f3991b8d01b2ad3,0x3488f31e6449f9803f99a8b5dd232c7ad883637f1c86e6953305a2ef19c77f20,"US strikes Iran by February 28, 2026?",2026-02-27T22:50:03+00:00,2026-02-28T09:31:17+00:00,10.6872,Yes,Yes,0.1899998784,5.263156,0.9999990000002305,4.26315699999977,True,True,False,0x0c6e97f03bb007e2e7205f74fc42a8cc1d4a30935f4ea25bcee7642923101b45
5,67.15096609336081,HIGH,0.9222797927461139,0.33894992207333785,6,0xc9db6c957b2ba169608907443f3991b8d01b2ad3,0x3488f31e6449f9803f99a8b5dd232c7ad883637f1c86e6953305a2ef19c77f20,"US strikes Iran by February 28, 2026?",2026-02-27T22:50:01+00:00,2026-02-28T09:31:17+00:00,10.6878,Yes,Yes,0.1899998784,5.263156,0.9999990000002305,4.26315699999977,True,True,False,0x0be1a69ac353c727163d972993b756030e0ecb1aed0582c26469e3a64899f7be
5,67.15096609336081,HIGH,0.9222797927461139,0.33894992207333785,6,0xc9db6c957b2ba169608907443f3991b8d01b2ad3,0x3488f31e6449f9803f99a8b5dd232c7ad883637f1c86e6953305a2ef19c77f20,"US strikes Iran by February 28, 2026?",2026-02-27T22:49:57+00:00,2026-02-28T09:31:17+00:00,10.6889,Yes,Yes,0.1899998784,5.263156,0.9999990000002305,4.26315699999977,True,True,False,0x5caa04bbfb5d51e284e6ef18b777a1465ab18f6981258071f232765bbd4a328a
5,67.15096609336081,HIGH,0.9222797927461139,0.33894992207333785,6,0xc9db6c957b2ba169608907443f3991b8d01b2ad3,0x3488f31e6449f9803f99a8b5dd232c7ad883637f1c86e6953305a2ef19c77f20,"US strikes Iran by February 28, 2026?",2026-02-27T22:49:55+00:00,2026-02-28T09:31:17+00:00,10.6894,Yes,Yes,0.1899998784,5.263156,0.9999990000002305,4.26315699999977,True,True,False,0x83c9858dcc7908ef83d739d80dcf0a6b13650dcfdebadb19cdbf6c4c7b0448d4
5,67.15096609336081,HIGH,0.9222797927461139,0.33894992207333785,6,0xc9db6c957b2ba169608907443f3991b8d01b2ad3,0x3488f31e6449f9803f99a8b5dd232c7ad883637f1c86e6953305a2ef19c77f20,"US strikes Iran by February 28, 2026?",2026-02-27T22:49:53+00:00,2026-02-28T09:31:17+00:00,10.69,Yes,Yes,0.1899998784,5.263156,0.9999990000002305,4.26315699999977,True,True,False,0xfd8b8a33955ea8775bf47c601bf270449ceb6b796e259ebd2d50dc1e5e6b9716
5,67.15096609336081,HIGH,0.9222797927461139,0.33894992207333785,6,0xc9db6c957b2ba169608907443f3991b8d01b2ad3,0x3488f31e6449f9803f99a8b5dd232c7ad883637f1c86e6953305a2ef19c77f20,"US strikes Iran by February 28, 2026?",2026-02-27T22:49:51+00:00,2026-02-28T09:31:17+00:00,10.6906,Yes,Yes,0.1899998784,5.263156,0.9999990000002305,4.26315699999977,True,True,False,0xf6ce529fc2c6c4b83cb0ef03061b09f1cbd6262265f695d0a7e9280846f6e61c
5,67.15096609336081,HIGH,0.9222797927461139,0.33894992207333785,6,0xc9db6c957b2ba169608907443f3991b8d01b2ad3,0x3488f31e6449f9803f99a8b5dd232c7ad883637f1c86e6953305a2ef19c77f20,"US strikes Iran by February 28, 2026?",2026-02-27T22:49:47+00:00,2026-02-28T09:31:17+00:00,10.6917,Yes,Yes,0.1899998784,5.263156,0.9999990000002305,4.26315699999977,True,True,False,0x5f69c49cc6bdd14fb67e410d3f59df72e586954e5b6a20af0b36803abd688b7f
5,67.15096609336081,HIGH,0.9222797927461139,0.33894992207333785,6,0xc9db6c957b2ba169608907443f3991b8d01b2ad3,0x3488f31e6449f9803f99a8b5dd232c7ad883637f1c86e6953305a2ef19c77f20,"US strikes Iran by February 28, 2026?",2026-02-27T22:49:43+00:00,2026-02-28T09:31:17+00:00,10.6928,Yes,Yes,0.1899998784,5.263156,0.9999990000002305,4.26315699999977,True,True,False,0x47a47f695153bf6cfcf2f69988a6ffaec220e792572d077764dcc7480049e6f7
5,67.15096609336081,HIGH,0.9222797927461139,0.33894992207333785,6,0xc9db6c957b2ba169608907443f3991b8d01b2ad3,0x3488f31e6449f9803f99a8b5dd232c7ad883637f1c86e6953305a2ef19c77f20,"US strikes Iran by February 28, 2026?",2026-02-27T22:49:41+00:00,2026-02-28T09:31:17+00:00,10.6933,Yes,Yes,0.1899998784,5.263156,0.9999990000002305,4.26315699999977,True,True,False,0xe63ba6f3d2d39ec801b5f0c9af13e8db10cd8aa9250fcb1efac23d735881ea83
5,67.15096609336081,HIGH,0.9222797927461139,0.33894992207333785,6,0xc9db6c957b2ba169608907443f3991b8d01b2ad3,0x3488f31e6449f9803f99a8b5dd232c7ad883637f1c86e6953305a2ef19c77f20,"US strikes Iran by February 28, 2026?",2026-02-27T22:49:39+00:00,2026-02-28T09:31:17+00:00,10.6939,Yes,Yes,0.1899998784,5.263156,0.9999990000002305,4.26315699999977,True,True,False,0x1ec66747d98bccdc139cf9324166fb9697c9ec13c3d1c5403710aec50f320cdc
5,67.15096609336081,HIGH,0.9222797927461139,0.33894992207333785,6,0xc9db6c957b2ba169608907443f3991b8d01b2ad3,0x3488f31e6449f9803f99a8b5dd232c7ad883637f1c86e6953305a2ef19c77f20,"US strikes Iran by February 28, 2026?",2026-02-27T22:49:35+00:00,2026-02-28T09:31:17+00:00,10.695,Yes,Yes,0.1899998784,5.263156,0.9999990000002305,4.26315699999977,True,True,False,0x0dd88530ce0a94f94c58e5bc64d89189e398a6ca778dc76bfb15a6e943bf0a32
5,67.15096609336081,HIGH,0.9222797927461139,0.33894992207333785,6,0xc9db6c957b2ba169608907443f3991b8d01b2ad3,0x3488f31e6449f9803f99a8b5dd232c7ad883637f1c86e6953305a2ef19c77f20,"US strikes Iran by February 28, 2026?",2026-02-27T22:49:33+00:00,2026-02-28T09:31:17+00:00,10.6956,Yes,Yes,0.1899998784,5.263156,0.9999990000002305,4.26315699999977,True,True,False,0x7c9f73084dbf46ac4e7ea4e9190b68cf9d17cf6baa3a53277fb692fce6f3d48f
5,67.15096609336081,HIGH,0.9222797927461139,0.33894992207333785,6,0xc9db6c957b2ba169608907443f3991b8d01b2ad3,0x3488f31e6449f9803f99a8b5dd232c7ad883637f1c86e6953305a2ef19c77f20,"US strikes Iran by February 28, 2026?",2026-02-27T22:49:31+00:00,2026-02-28T09:31:17+00:00,10.6961,Yes,Yes,0.1899998784,5.263156,0.9999990000002305,4.26315699999977,True,True,False,0xad595cd40d42cfb74192cbfacd66a7da6e6e75ab2381c7a42367f9035e8ac08f
5,67.15096609336081,HIGH,0.9222797927461139,0.33894992207333785,6,0xc9db6c957b2ba169608907443f3991b8d01b2ad3,0x3488f31e6449f9803f99a8b5dd232c7ad883637f1c86e6953305a2ef19c77f20,"US strikes Iran by February 28, 2026?",2026-02-27T22:49:29+00:00,2026-02-28T09:31:17+00:00,10.6967,Yes,Yes,0.1899998784,5.263156,0.9999990000002305,4.26315699999977,True,True,False,0x1a016e168f63c2f0b3b8a9a028fa053129c1808d8d41b78626e119a60ad1806b
5,67.15096609336081,HIGH,0.9222797927461139,0.33894992207333785,6,0xc9db6c957b2ba169608907443f3991b8d01b2ad3,0x3488f31e6449f9803f99a8b5dd232c7ad883637f1c86e6953305a2ef19c77f20,"US strikes Iran by February 28, 2026?",2026-02-27T22:49:25+00:00,2026-02-28T09:31:17+00:00,10.6978,Yes,Yes,0.1899998784,5.263156,0.9999990000002305,4.26315699999977,True,True,False,0x91648ec4e641cb77c77e5e8c108b18047a75b65fb2819b380db5d578516c8fc8
5,67.15096609336081,HIGH,0.9222797927461139,0.33894992207333785,6,0xc9db6c957b2ba169608907443f3991b8d01b2ad3,0x3488f31e6449f9803f99a8b5dd232c7ad883637f1c86e6953305a2ef19c77f20,"US strikes Iran by February 28, 2026?",2026-02-27T22:49:23+00:00,2026-02-28T09:31:17+00:00,10.6983,Yes,Yes,0.1899998784,5.263156,0.9999990000002305,4.26315699999977,True,True,False,0x2a16d4ad11d39f17598794d9bc3a35a475c74e7eb877dd3cdff2eae6298efafb
5,67.15096609336081,HIGH,0.9222797927461139,0.33894992207333785,6,0xc9db6c957b2ba169608907443f3991b8d01b2ad3,0x3488f31e6449f9803f99a8b5dd232c7ad883637f1c86e6953305a2ef19c77f20,"US strikes Iran by February 28, 2026?",2026-02-27T22:49:19+00:00,2026-02-28T09:31:17+00:00,10.6994,Yes,Yes,0.1899998784,5.263156,0.9999990000002305,4.26315699999977,True,True,False,0x4dfc104561f5f35433c1f472a0ee2445b245b59d492b054567c94a3d8104bea0
5,67.15096609336081,HIGH,0.9222797927461139,0.33894992207333785,6,0xc9db6c957b2ba169608907443f3991b8d01b2ad3,0x3488f31e6449f9803f99a8b5dd232c7ad883637f1c86e6953305a2ef19c77f20,"US strikes Iran by February 28, 2026?",2026-02-27T22:49:15+00:00,2026-02-28T09:31:17+00:00,10.7006,Yes,Yes,0.1899998784,5.263156,0.9999990000002305,4.26315699999977,True,True,False,0x77f6cab1cd2d7c79aafd036eadea325d9853ada554bb1dc5138cd45efee139df
5,67.15096609336081,HIGH,0.9222797927461139,0.33894992207333785,6,0xc9db6c957b2ba169608907443f3991b8d01b2ad3,0x3488f31e6449f9803f99a8b5dd232c7ad883637f1c86e6953305a2ef19c77f20,"US strikes Iran by February 28, 2026?",2026-02-27T22:49:13+00:00,2026-02-28T09:31:17+00:00,10.7011,Yes,Yes,0.1899998784,5.263156,0.9999990000002305,4.26315699999977,True,True,False,0x643a55c2808863610b8070c007c87c1f4787182188edb393c35e6933e422eaf3
5,67.15096609336081,HIGH,0.9222797927461139,0.33894992207333785,6,0xc9db6c957b2ba169608907443f3991b8d01b2ad3,0x3488f31e6449f9803f99a8b5dd232c7ad883637f1c86e6953305a2ef19c77f20,"US strikes Iran by February 28, 2026?",2026-02-27T22:49:11+00:00,2026-02-28T09:31:17+00:00,10.7017,Yes,Yes,0.1899998784,5.263156,0.9999990000002305,4.26315699999977,True,True,False,0x5abba3094dd2434fd7cbe10f74d2561d5a46b5379f4510854eb52c634c2d9ea1
5,67.15096609336081,HIGH,0.9222797927461139,0.33894992207333785,6,0xc9db6c957b2ba169608907443f3991b8d01b2ad3,0x3488f31e6449f9803f99a8b5dd232c7ad883637f1c86e6953305a2ef19c77f20,"US strikes Iran by February 28, 2026?",2026-02-27T22:49:07+00:00,2026-02-28T09:31:17+00:00,10.7028,Yes,Yes,0.1899998784,5.263156,0.9999990000002305,4.26315699999977,True,True,False,0xacfdd8d39f0426132583693c60cf95f4d1da6297274f5f97af348f7cbaf25055
5,67.15096609336081,HIGH,0.9222797927461139,0.33894992207333785,6,0xc9db6c957b2ba169608907443f3991b8d01b2ad3,0x3488f31e6449f9803f99a8b5dd232c7ad883637f1c86e6953305a2ef19c77f20,"US strikes Iran by February 28, 2026?",2026-02-27T22:49:05+00:00,2026-02-28T09:31:17+00:00,10.7033,Yes,Yes,0.1899998784,5.263156,0.9999990000002305,4.26315699999977,True,True,False,0x48d0c4fe1be1fcaf353721c826fc31f3bc35b2457a565952b384838f2a0e6582
5,67.15096609336081,HIGH,0.9222797927461139,0.33894992207333785,6,0xc9db6c957b2ba169608907443f3991b8d01b2ad3,0x3488f31e6449f9803f99a8b5dd232c7ad883637f1c86e6953305a2ef19c77f20,"US strikes Iran by February 28, 2026?",2026-02-27T22:49:01+00:00,2026-02-28T09:31:17+00:00,10.7044,Yes,Yes,0.1899998784,5.263156,0.9999990000002305,4.26315699999977,True,True,False,0xccae21151710e322ea8b3e49b6eae7dc25718826a38160f7039dca323b1b28a9
5,67.15096609336081,HIGH,0.9222797927461139,0.33894992207333785,6,0xc9db6c957b2ba169608907443f3991b8d01b2ad3,0x3488f31e6449f9803f99a8b5dd232c7ad883637f1c86e6953305a2ef19c77f20,"US strikes Iran by February 28, 2026?",2026-02-27T22:48:59+00:00,2026-02-28T09:31:17+00:00,10.705,Yes,Yes,0.1899998784,5.263156,0.9999990000002305,4.26315699999977,True,True,False,0xaf9860ba8fb2ed7144140bb73f86973f98826f03d480b884e8058e5502988c51
5,67.15096609336081,HIGH,0.9222797927461139,0.33894992207333785,6,0xc9db6c957b2ba169608907443f3991b8d01b2ad3,0x3488f31e6449f9803f99a8b5dd232c7ad883637f1c86e6953305a2ef19c77f20,"US strikes Iran by February 28, 2026?",2026-02-27T22:48:55+00:00,2026-02-28T09:31:17+00:00,10.7061,Yes,Yes,0.1899998784,5.263156,0.9999990000002305,4.26315699999977,True,True,False,0xb2e30b6d92171e05dd2ecf41e8f4c49747936866bb623d1542bcd4119e8a7549
5,67.15096609336081,HIGH,0.9222797927461139,0.33894992207333785,6,0xc9db6c957b2ba169608907443f3991b8d01b2ad3,0x3488f31e6449f9803f99a8b5dd232c7ad883637f1c86e6953305a2ef19c77f20,"US strikes Iran by February 28, 2026?",2026-02-27T22:48:53+00:00,2026-02-28T09:31:17+00:00,10.7067,Yes,Yes,0.1899998784,5.263156,0.9999990000002305,4.26315699999977,True,True,False,0x7e8bf785c610ddc523256a61713f54839405dd3e6f08d323d8507791bbbcd16e
5,67.15096609336081,HIGH,0.9222797927461139,0.33894992207333785,6,0xc9db6c957b2ba169608907443f3991b8d01b2ad3,0x3488f31e6449f9803f99a8b5dd232c7ad883637f1c86e6953305a2ef19c77f20,"US strikes Iran by February 28, 2026?",2026-02-27T22:48:49+00:00,2026-02-28T09:31:17+00:00,10.7078,Yes,Yes,0.1899998784,5.263156,0.9999990000002305,4.26315699999977,True,True,False,0x8b2f050a0470fd951afb4e3b57cc76b05d1a571a4065b1256c04483ed9a9c0ac
5,67.15096609336081,HIGH,0.9222797927461139,0.33894992207333785,6,0xc9db6c957b2ba169608907443f3991b8d01b2ad3,0x3488f31e6449f9803f99a8b5dd232c7ad883637f1c86e6953305a2ef19c77f20,"US strikes Iran by February 28, 2026?",2026-02-27T22:48:47+00:00,2026-02-28T09:31:17+00:00,10.7083,Yes,Yes,0.1899998784,5.263156,0.9999990000002305,4.26315699999977,True,True,False,0xeb661ce0d1dc8773ac9f62bc88b7230e184180df8cac2e9ba20188fa86ab0f30
5,67.15096609336081,HIGH,0.9222797927461139,0.33894992207333785,6,0xc9db6c957b2ba169608907443f3991b8d01b2ad3,0x3488f31e6449f9803f99a8b5dd232c7ad883637f1c86e6953305a2ef19c77f20,"US strikes Iran by February 28, 2026?",2026-02-27T22:48:43+00:00,2026-02-28T09:31:17+00:00,10.7094,Yes,Yes,0.1899998784,5.263156,0.9999990000002305,4.26315699999977,True,True,False,0x8c77ee5ab190b45cf3bf208cc703458bf2f7ed750ae0bfeb985b70d6e92c2042
5,67.15096609336081,HIGH,0.9222797927461139,0.33894992207333785,6,0xc9db6c957b2ba169608907443f3991b8d01b2ad3,0x3488f31e6449f9803f99a8b5dd232c7ad883637f1c86e6953305a2ef19c77f20,"US strikes Iran by February 28, 2026?",2026-02-27T22:48:41+00:00,2026-02-28T09:31:17+00:00,10.71,Yes,Yes,0.1899998784,5.263156,0.9999990000002305,4.26315699999977,True,True,False,0x4263f2a0b21e8b7e783663f6d7b10e99e46eed1c646bc1b5c2aff495b222c40a
5,67.15096609336081,HIGH,0.9222797927461139,0.33894992207333785,6,0xc9db6c957b2ba169608907443f3991b8d01b2ad3,0x3488f31e6449f9803f99a8b5dd232c7ad883637f1c86e6953305a2ef19c77f20,"US strikes Iran by February 28, 2026?",2026-02-27T22:48:39+00:00,2026-02-28T09:31:17+00:00,10.7106,Yes,Yes,0.1899998784,5.263156,0.9999990000002305,4.26315699999977,True,True,False,0x2871b307f13acb63e8d00dd4ba985a0ae44a10b0b8b2045dd29811d0860af2f5
5,67.15096609336081,HIGH,0.9222797927461139,0.33894992207333785,6,0xc9db6c957b2ba169608907443f3991b8d01b2ad3,0x3488f31e6449f9803f99a8b5dd232c7ad883637f1c86e6953305a2ef19c77f20,"US strikes Iran by February 28, 2026?",2026-02-27T22:48:35+00:00,2026-02-28T09:31:17+00:00,10.7117,Yes,Yes,0.1899998784,5.263156,0.9999990000002305,4.26315699999977,True,True,False,0xa5defbcbb2e2ecf5ba354b34f2fa0c8f81c5f7d22caf172a82580d5f79500ee2
5,67.15096609336081,HIGH,0.9222797927461139,0.33894992207333785,6,0xc9db6c957b2ba169608907443f3991b8d01b2ad3,0x3488f31e6449f9803f99a8b5dd232c7ad883637f1c86e6953305a2ef19c77f20,"US strikes Iran by February 28, 2026?",2026-02-27T22:48:33+00:00,2026-02-28T09:31:17+00:00,10.7122,Yes,Yes,0.1899998784,5.263156,0.9999990000002305,4.26315699999977,True,True,False,0xad9dd23e050aea76ff73131744b2c27cb09b3dd5774f4c768179603fa990186c
5,67.15096609336081,HIGH,0.9222797927461139,0.33894992207333785,6,0xc9db6c957b2ba169608907443f3991b8d01b2ad3,0x3488f31e6449f9803f99a8b5dd232c7ad883637f1c86e6953305a2ef19c77f20,"US strikes Iran by February 28, 2026?",2026-02-27T22:48:29+00:00,2026-02-28T09:31:17+00:00,10.7133,Yes,Yes,0.1899998784,5.263156,0.9999990000002305,4.26315699999977,True,True,False,0xd2348671151a26619e0991970b3e42c3d9279c2f1fda02756afb9c48b4bb3e89
5,67.15096609336081,HIGH,0.9222797927461139,0.33894992207333785,6,0xc9db6c957b2ba169608907443f3991b8d01b2ad3,0x3488f31e6449f9803f99a8b5dd232c7ad883637f1c86e6953305a2ef19c77f20,"US strikes Iran by February 28, 2026?",2026-02-27T22:48:27+00:00,2026-02-28T09:31:17+00:00,10.7139,Yes,Yes,0.1899998784,5.263156,0.9999990000002305,4.26315699999977,True,True,False,0xb96f60d4e4c22c93f97e5b1e9f91c87ee3c47e86e6a1e7256d702748cda7718b
5,67.15096609336081,HIGH,0.9222797927461139,0.33894992207333785,6,0xc9db6c957b2ba169608907443f3991b8d01b2ad3,0x3488f31e6449f9803f99a8b5dd232c7ad883637f1c86e6953305a2ef19c77f20,"US strikes Iran by February 28, 2026?",2026-02-27T22:48:23+00:00,2026-02-28T09:31:17+00:00,10.715,Yes,Yes,0.1899998784,5.263156,0.9999990000002305,4.26315699999977,True,True,False,0x98d58e52c366ee4edab2e5e729654171906f0b1586a8d7979308058329b3daeb
5,67.15096609336081,HIGH,0.9222797927461139,0.33894992207333785,6,0xc9db6c957b2ba169608907443f3991b8d01b2ad3,0x3488f31e6449f9803f99a8b5dd232c7ad883637f1c86e6953305a2ef19c77f20,"US strikes Iran by February 28, 2026?",2026-02-27T22:48:21+00:00,2026-02-28T09:31:17+00:00,10.7156,Yes,Yes,0.1899998784,5.263156,0.9999990000002305,4.26315699999977,True,True,False,0x7431b156e4aa665f418ff4426e4979c1358cf1ad5d22794ed07f0ab2e633c7da
5,67.15096609336081,HIGH,0.9222797927461139,0.33894992207333785,6,0xc9db6c957b2ba169608907443f3991b8d01b2ad3,0x3488f31e6449f9803f99a8b5dd232c7ad883637f1c86e6953305a2ef19c77f20,"US strikes Iran by February 28, 2026?",2026-02-27T22:48:17+00:00,2026-02-28T09:31:17+00:00,10.7167,Yes,Yes,0.1899998784,5.263156,0.9999990000002305,4.26315699999977,True,True,False,0x68b981905cf0a7775e3d7cdf2327c64f73826e122bee967ea93ddabcba285ddc
5,67.15096609336081,HIGH,0.9222797927461139,0.33894992207333785,6,0xc9db6c957b2ba169608907443f3991b8d01b2ad3,0x3488f31e6449f9803f99a8b5dd232c7ad883637f1c86e6953305a2ef19c77f20,"US strikes Iran by February 28, 2026?",2026-02-27T22:48:15+00:00,2026-02-28T09:31:17+00:00,10.7172,Yes,Yes,0.1899998784,5.263156,0.9999990000002305,4.26315699999977,True,True,False,0x359d5c688dbe468e7f02ef23ee5445e498bc08bd5e6de719c4975684046dca09
5,67.15096609336081,HIGH,0.9222797927461139,0.33894992207333785,6,0xc9db6c957b2ba169608907443f3991b8d01b2ad3,0x3488f31e6449f9803f99a8b5dd232c7ad883637f1c86e6953305a2ef19c77f20,"US strikes Iran by February 28, 2026?",2026-02-27T22:48:11+00:00,2026-02-28T09:31:17+00:00,10.7183,Yes,Yes,0.1899998784,5.263156,0.9999990000002305,4.26315699999977,True,True,False,0x676e964d4303f220b18cb1e871558cb6fc653809783ff1685107a85bce4560a8
5,67.15096609336081,HIGH,0.9222797927461139,0.33894992207333785,6,0xc9db6c957b2ba169608907443f3991b8d01b2ad3,0x3488f31e6449f9803f99a8b5dd232c7ad883637f1c86e6953305a2ef19c77f20,"US strikes Iran by February 28, 2026?",2026-02-27T22:48:09+00:00,2026-02-28T09:31:17+00:00,10.7189,Yes,Yes,0.1899998784,5.263156,0.9999990000002305,4.26315699999977,True,True,False,0x035c687dc96540ae4738b0c782435b785c35750f5950626ec3b8cc7df109b35f
5,67.15096609336081,HIGH,0.9222797927461139,0.33894992207333785,6,0xc9db6c957b2ba169608907443f3991b8d01b2ad3,0x3488f31e6449f9803f99a8b5dd232c7ad883637f1c86e6953305a2ef19c77f20,"US strikes Iran by February 28, 2026?",2026-02-27T22:48:07+00:00,2026-02-28T09:31:17+00:00,10.7194,Yes,Yes,0.1899998784,5.263156,0.9999990000002305,4.26315699999977,True,True,False,0xef8401fc1db736c5544bb832ad423c9d3fa1c685629d5a307be1ca7eac7f4704
5,67.15096609336081,HIGH,0.9222797927461139,0.33894992207333785,6,0xc9db6c957b2ba169608907443f3991b8d01b2ad3,0x3488f31e6449f9803f99a8b5dd232c7ad883637f1c86e6953305a2ef19c77f20,"US strikes Iran by February 28, 2026?",2026-02-27T22:48:03+00:00,2026-02-28T09:31:17+00:00,10.7206,Yes,Yes,0.1899998784,5.263156,0.9999990000002305,4.26315699999977,True,True,False,0x23d9a32a3cffb7ea3a5fcdcf911e6dea1b45a2ad0b65ff7c6a24468de2a57376
5,67.15096609336081,HIGH,0.9222797927461139,0.33894992207333785,6,0xc9db6c957b2ba169608907443f3991b8d01b2ad3,0x3488f31e6449f9803f99a8b5dd232c7ad883637f1c86e6953305a2ef19c77f20,"US strikes Iran by February 28, 2026?",2026-02-27T22:48:01+00:00,2026-02-28T09:31:17+00:00,10.7211,Yes,Yes,0.1899998784,5.263156,0.9999990000002305,4.26315699999977,True,True,False,0x33faa2b0fbe19437943353af5f7938174cd14aba245e91addf0d14b0f3120264
5,67.15096609336081,HIGH,0.9222797927461139,0.33894992207333785,6,0xc9db6c957b2ba169608907443f3991b8d01b2ad3,0x3488f31e6449f9803f99a8b5dd232c7ad883637f1c86e6953305a2ef19c77f20,"US strikes Iran by February 28, 2026?",2026-02-27T22:47:57+00:00,2026-02-28T09:31:17+00:00,10.7222,Yes,Yes,0.1899998784,5.263156,0.9999990000002305,4.26315699999977,True,True,False,0xb034443aaf0ec277ad5b519c64ee862000edb9b48c296db3cbd74dadab559c85
5,67.15096609336081,HIGH,0.9222797927461139,0.33894992207333785,6,0xc9db6c957b2ba169608907443f3991b8d01b2ad3,0x3488f31e6449f9803f99a8b5dd232c7ad883637f1c86e6953305a2ef19c77f20,"US strikes Iran by February 28, 2026?",2026-02-27T22:47:55+00:00,2026-02-28T09:31:17+00:00,10.7228,Yes,Yes,0.1899998784,5.263156,0.9999990000002305,4.26315699999977,True,True,False,0xc0011eff9122925b4c33f1bfb20c0f7989c436a722a46460d81a64feb00399f4
5,67.15096609336081,HIGH,0.9222797927461139,0.33894992207333785,6,0xc9db6c957b2ba169608907443f3991b8d01b2ad3,0x3488f31e6449f9803f99a8b5dd232c7ad883637f1c86e6953305a2ef19c77f20,"US strikes Iran by February 28, 2026?",2026-02-27T22:47:53+00:00,2026-02-28T09:31:17+00:00,10.7233,Yes,Yes,0.1899998784,5.263156,0.9999990000002305,4.26315699999977,True,True,False,0xbfae549604d168e8fe207fa219f789187f3f8bd9fc507d6dbacbc104ca42fc0b
5,67.15096609336081,HIGH,0.9222797927461139,0.33894992207333785,6,0xc9db6c957b2ba169608907443f3991b8d01b2ad3,0x3488f31e6449f9803f99a8b5dd232c7ad883637f1c86e6953305a2ef19c77f20,"US strikes Iran by February 28, 2026?",2026-02-27T22:47:49+00:00,2026-02-28T09:31:17+00:00,10.7244,Yes,Yes,0.1899998784,5.263156,0.9999990000002305,4.26315699999977,True,True,False,0x3be9027354977c984906eaf6c15378b279a53fbf835ca129694103f4598548d8
5,67.15096609336081,HIGH,0.9222797927461139,0.33894992207333785,6,0xc9db6c957b2ba169608907443f3991b8d01b2ad3,0x3488f31e6449f9803f99a8b5dd232c7ad883637f1c86e6953305a2ef19c77f20,"US strikes Iran by February 28, 2026?",2026-02-27T22:47:47+00:00,2026-02-28T09:31:17+00:00,10.725,Yes,Yes,0.1899998784,5.263156,0.9999990000002305,4.26315699999977,True,True,False,0xfacc667b9c75bfcf2bc746663a35f14f28dee8effb7c81cf5d6d8964e42ff351
5,67.15096609336081,HIGH,0.9222797927461139,0.33894992207333785,6,0xc9db6c957b2ba169608907443f3991b8d01b2ad3,0x3488f31e6449f9803f99a8b5dd232c7ad883637f1c86e6953305a2ef19c77f20,"US strikes Iran by February 28, 2026?",2026-02-27T22:47:43+00:00,2026-02-28T09:31:17+00:00,10.7261,Yes,Yes,0.1899998784,5.263156,0.9999990000002305,4.26315699999977,True,True,False,0xb264ede9406eba5599a0fee0f732f79684bb46221bb41f120fc166f60df1575e
5,67.15096609336081,HIGH,0.9222797927461139,0.33894992207333785,6,0xc9db6c957b2ba169608907443f3991b8d01b2ad3,0x3488f31e6449f9803f99a8b5dd232c7ad883637f1c86e6953305a2ef19c77f20,"US strikes Iran by February 28, 2026?",2026-02-27T22:47:41+00:00,2026-02-28T09:31:17+00:00,10.7267,Yes,Yes,0.1899998784,5.263156,0.9999990000002305,4.26315699999977,True,True,False,0x11f89a1775d8f7ecf3614aa3a74627c263ab19c1763cda6d1675eb88110eda46
5,67.15096609336081,HIGH,0.9222797927461139,0.33894992207333785,6,0xc9db6c957b2ba169608907443f3991b8d01b2ad3,0x3488f31e6449f9803f99a8b5dd232c7ad883637f1c86e6953305a2ef19c77f20,"US strikes Iran by February 28, 2026?",2026-02-27T22:47:37+00:00,2026-02-28T09:31:17+00:00,10.7278,Yes,Yes,0.1899998784,5.263156,0.9999990000002305,4.26315699999977,True,True,False,0xbe329ee62b850aad2f3ed869cfecaa833cea4c546f73311f25c1de08871414f2
5,67.15096609336081,HIGH,0.9222797927461139,0.33894992207333785,6,0xc9db6c957b2ba169608907443f3991b8d01b2ad3,0x3488f31e6449f9803f99a8b5dd232c7ad883637f1c86e6953305a2ef19c77f20,"US strikes Iran by February 28, 2026?",2026-02-27T22:47:35+00:00,2026-02-28T09:31:17+00:00,10.7283,Yes,Yes,0.1899998784,5.263156,0.9999990000002305,4.26315699999977,True,True,False,0x0bdf6e1c5539df246292f8ef325fd24885e45b739097dd01ddeffde27c9dc0dc
5,67.15096609336081,HIGH,0.9222797927461139,0.33894992207333785,6,0xc9db6c957b2ba169608907443f3991b8d01b2ad3,0x3488f31e6449f9803f99a8b5dd232c7ad883637f1c86e6953305a2ef19c77f20,"US strikes Iran by February 28, 2026?",2026-02-27T22:47:33+00:00,2026-02-28T09:31:17+00:00,10.7289,Yes,Yes,0.1899998784,5.263156,0.9999990000002305,4.26315699999977,True,True,False,0xe0d93962e75f6d05aa3a5dfe3bf1b87163d87aab12bbd1c9f058409a8d5eaf94
5,67.15096609336081,HIGH,0.9222797927461139,0.33894992207333785,6,0xc9db6c957b2ba169608907443f3991b8d01b2ad3,0x3488f31e6449f9803f99a8b5dd232c7ad883637f1c86e6953305a2ef19c77f20,"US strikes Iran by February 28, 2026?",2026-02-27T22:47:29+00:00,2026-02-28T09:31:17+00:00,10.73,Yes,Yes,0.1899998784,5.263156,0.9999990000002305,4.26315699999977,True,True,False,0x4651c848d71d8b22585c2a0043cab68e5176fd75c1db1475445f71506a04da39
5,67.15096609336081,HIGH,0.9222797927461139,0.33894992207333785,6,0xc9db6c957b2ba169608907443f3991b8d01b2ad3,0x3488f31e6449f9803f99a8b5dd232c7ad883637f1c86e6953305a2ef19c77f20,"US strikes Iran by February 28, 2026?",2026-02-27T22:47:27+00:00,2026-02-28T09:31:17+00:00,10.7306,Yes,Yes,0.1899998784,5.263156,0.9999990000002305,4.26315699999977,True,True,False,0xf4ac9ffc41859e8e5bfa4647124be7cec88087615203642e26db52d399fe1956
5,67.15096609336081,HIGH,0.9222797927461139,0.33894992207333785,6,0xc9db6c957b2ba169608907443f3991b8d01b2ad3,0x3488f31e6449f9803f99a8b5dd232c7ad883637f1c86e6953305a2ef19c77f20,"US strikes Iran by February 28, 2026?",2026-02-27T22:47:23+00:00,2026-02-28T09:31:17+00:00,10.7317,Yes,Yes,0.1899998784,5.263156,0.9999990000002305,4.26315699999977,True,True,False,0xc50bb7250180d0df28c49434417aba2755127163fa6c2009b70ac1fd8e550e72
5,67.15096609336081,HIGH,0.9222797927461139,0.33894992207333785,6,0xc9db6c957b2ba169608907443f3991b8d01b2ad3,0x3488f31e6449f9803f99a8b5dd232c7ad883637f1c86e6953305a2ef19c77f20,"US strikes Iran by February 28, 2026?",2026-02-27T22:47:21+00:00,2026-02-28T09:31:17+00:00,10.7322,Yes,Yes,0.1899998784,5.263156,0.9999990000002305,4.26315699999977,True,True,False,0xd7bd07f5e816b7a3e7ba1f96c16a1d8a6faea38d9a9fd0e8b1a5848c8c8c64bd
5,67.15096609336081,HIGH,0.9222797927461139,0.33894992207333785,6,0xc9db6c957b2ba169608907443f3991b8d01b2ad3,0x3488f31e6449f9803f99a8b5dd232c7ad883637f1c86e6953305a2ef19c77f20,"US strikes Iran by February 28, 2026?",2026-02-27T22:47:19+00:00,2026-02-28T09:31:17+00:00,10.7328,Yes,Yes,0.1899998784,5.263156,0.9999990000002305,4.26315699999977,True,True,False,0x49614648a279ad8695c78bb7d0ca8e337e485d6698e0e420485214554f85af6e
5,67.15096609336081,HIGH,0.9222797927461139,0.33894992207333785,6,0xc9db6c957b2ba169608907443f3991b8d01b2ad3,0x3488f31e6449f9803f99a8b5dd232c7ad883637f1c86e6953305a2ef19c77f20,"US strikes Iran by February 28, 2026?",2026-02-27T22:47:15+00:00,2026-02-28T09:31:17+00:00,10.7339,Yes,Yes,0.1899998784,5.263156,0.9999990000002305,4.26315699999977,True,True,False,0x9b4568fcc61a1debc611a5a6e13dd5ce0e6bd24efa10969ba09839a4be6f7d5a
5,67.15096609336081,HIGH,0.9222797927461139,0.33894992207333785,6,0xc9db6c957b2ba169608907443f3991b8d01b2ad3,0x3488f31e6449f9803f99a8b5dd232c7ad883637f1c86e6953305a2ef19c77f20,"US strikes Iran by February 28, 2026?",2026-02-27T22:47:13+00:00,2026-02-28T09:31:17+00:00,10.7344,Yes,Yes,0.1899998784,5.263156,0.9999990000002305,4.26315699999977,True,True,False,0xd392c4a9753bbecd3405fbd6148d3678657b30c97fd3cb6b449399434b745bbf
5,67.15096609336081,HIGH,0.9222797927461139,0.33894992207333785,6,0xc9db6c957b2ba169608907443f3991b8d01b2ad3,0x3488f31e6449f9803f99a8b5dd232c7ad883637f1c86e6953305a2ef19c77f20,"US strikes Iran by February 28, 2026?",2026-02-27T22:47:09+00:00,2026-02-28T09:31:17+00:00,10.7356,Yes,Yes,0.1899998784,5.263156,0.9999990000002305,4.26315699999977,True,True,False,0x2dca136e1b14c85ff5e461e8ceb0f94a367530a2caf4a66b7682b098413db017
5,67.15096609336081,HIGH,0.9222797927461139,0.33894992207333785,6,0xc9db6c957b2ba169608907443f3991b8d01b2ad3,0x3488f31e6449f9803f99a8b5dd232c7ad883637f1c86e6953305a2ef19c77f20,"US strikes Iran by February 28, 2026?",2026-02-27T22:47:07+00:00,2026-02-28T09:31:17+00:00,10.7361,Yes,Yes,0.1899998784,5.263156,0.9999990000002305,4.26315699999977,True,True,False,0x13f758e8d42b7223a57096e67794784abbaab19b472ffe86d0acb237b040468b
5,67.15096609336081,HIGH,0.9222797927461139,0.33894992207333785,6,0xc9db6c957b2ba169608907443f3991b8d01b2ad3,0x3488f31e6449f9803f99a8b5dd232c7ad883637f1c86e6953305a2ef19c77f20,"US strikes Iran by February 28, 2026?",2026-02-27T22:47:05+00:00,2026-02-28T09:31:17+00:00,10.7367,Yes,Yes,0.1899998784,5.263156,0.9999990000002305,4.26315699999977,True,True,False,0x7d0182524fafea51dd7cf8b1d69ff03b511e7478303096fa16e7f86898e0c6f3
5,67.15096609336081,HIGH,0.9222797927461139,0.33894992207333785,6,0xc9db6c957b2ba169608907443f3991b8d01b2ad3,0x3488f31e6449f9803f99a8b5dd232c7ad883637f1c86e6953305a2ef19c77f20,"US strikes Iran by February 28, 2026?",2026-02-27T22:47:01+00:00,2026-02-28T09:31:17+00:00,10.7378,Yes,Yes,0.1899998784,5.263156,0.9999990000002305,4.26315699999977,True,True,False,0xb51317b6c3162a2cd19c48a264b5c98f0b651c1b07621aba42de93efa21840b2
5,67.15096609336081,HIGH,0.9222797927461139,0.33894992207333785,6,0xc9db6c957b2ba169608907443f3991b8d01b2ad3,0x3488f31e6449f9803f99a8b5dd232c7ad883637f1c86e6953305a2ef19c77f20,"US strikes Iran by February 28, 2026?",2026-02-27T22:46:59+00:00,2026-02-28T09:31:17+00:00,10.7383,Yes,Yes,0.1899998784,5.263156,0.9999990000002305,4.26315699999977,True,True,False,0xf85d4ee4c81dca594f902c1c4643447e5506c2d85173837dbc5e11b7f9bb5add
5,67.15096609336081,HIGH,0.9222797927461139,0.33894992207333785,6,0xc9db6c957b2ba169608907443f3991b8d01b2ad3,0x3488f31e6449f9803f99a8b5dd232c7ad883637f1c86e6953305a2ef19c77f20,"US strikes Iran by February 28, 2026?",2026-02-27T22:46:55+00:00,2026-02-28T09:31:17+00:00,10.7394,Yes,Yes,0.1899998784,5.263156,0.9999990000002305,4.26315699999977,True,True,False,0x24f8817d53db3905291a06b7fee322f84a24229203348b1e89e91fdf543e1f61
5,67.15096609336081,HIGH,0.9222797927461139,0.33894992207333785,6,0xc9db6c957b2ba169608907443f3991b8d01b2ad3,0x3488f31e6449f9803f99a8b5dd232c7ad883637f1c86e6953305a2ef19c77f20,"US strikes Iran by February 28, 2026?",2026-02-27T22:46:53+00:00,2026-02-28T09:31:17+00:00,10.74,Yes,Yes,0.1899998784,5.263156,0.9999990000002305,4.26315699999977,True,True,False,0x5347ee1e66f835c20fe0279a7b93386745c1fdae851e845cc412795fb8c54315
5,67.15096609336081,HIGH,0.9222797927461139,0.33894992207333785,6,0xc9db6c957b2ba169608907443f3991b8d01b2ad3,0x3488f31e6449f9803f99a8b5dd232c7ad883637f1c86e6953305a2ef19c77f20,"US strikes Iran by February 28, 2026?",2026-02-27T22:46:51+00:00,2026-02-28T09:31:17+00:00,10.7406,Yes,Yes,0.1899998784,5.263156,0.9999990000002305,4.26315699999977,True,True,False,0x1f78cde0c12e844bee8a2ed29a0eec3415fc8ab4529767365f7e047743b05765
5,67.15096609336081,HIGH,0.9222797927461139,0.33894992207333785,6,0xc9db6c957b2ba169608907443f3991b8d01b2ad3,0x3488f31e6449f9803f99a8b5dd232c7ad883637f1c86e6953305a2ef19c77f20,"US strikes Iran by February 28, 2026?",2026-02-27T22:46:47+00:00,2026-02-28T09:31:17+00:00,10.7417,Yes,Yes,0.1899998784,5.263156,0.9999990000002305,4.26315699999977,True,True,False,0x608363d52137ee5eeaf65876d09a31d498b10c571e461917e8d76ac7a1320244
5,67.15096609336081,HIGH,0.9222797927461139,0.33894992207333785,6,0xc9db6c957b2ba169608907443f3991b8d01b2ad3,0x3488f31e6449f9803f99a8b5dd232c7ad883637f1c86e6953305a2ef19c77f20,"US strikes Iran by February 28, 2026?",2026-02-27T22:46:43+00:00,2026-02-28T09:31:17+00:00,10.7428,Yes,Yes,0.1899998784,5.263156,0.9999990000002305,4.26315699999977,True,True,False,0xfbdb3fc32f9e557226e6a369ba846edbbab9059d5a0e38e3cfc393b2d80ee3b1
5,67.15096609336081,HIGH,0.9222797927461139,0.33894992207333785,6,0xc9db6c957b2ba169608907443f3991b8d01b2ad3,0x3488f31e6449f9803f99a8b5dd232c7ad883637f1c86e6953305a2ef19c77f20,"US strikes Iran by February 28, 2026?",2026-02-27T22:46:41+00:00,2026-02-28T09:31:17+00:00,10.7433,Yes,Yes,0.1899998784,5.263156,0.9999990000002305,4.26315699999977,True,True,False,0x97f29c333c35306a80be5bed7572887ba6fdea7348806c2e1bded40818e4cc84
5,67.15096609336081,HIGH,0.9222797927461139,0.33894992207333785,6,0xc9db6c957b2ba169608907443f3991b8d01b2ad3,0x3488f31e6449f9803f99a8b5dd232c7ad883637f1c86e6953305a2ef19c77f20,"US strikes Iran by February 28, 2026?",2026-02-27T22:46:39+00:00,2026-02-28T09:31:17+00:00,10.7439,Yes,Yes,0.1899998784,5.263156,0.9999990000002305,4.26315699999977,True,True,False,0x8faa569ef4edaa5484711f82715bc977f06c9fdd50fde11cc5745a9a0c0788c6
5,67.15096609336081,HIGH,0.9222797927461139,0.33894992207333785,6,0xc9db6c957b2ba169608907443f3991b8d01b2ad3,0x3488f31e6449f9803f99a8b5dd232c7ad883637f1c86e6953305a2ef19c77f20,"US strikes Iran by February 28, 2026?",2026-02-27T22:46:35+00:00,2026-02-28T09:31:17+00:00,10.745,Yes,Yes,0.1899998784,5.263156,0.9999990000002305,4.26315699999977,True,True,False,0x9897d76f476bf6530c9dee32cf90805f61ac8aeed3dbc143b7f8dfe2c061b193
5,67.15096609336081,HIGH,0.9222797927461139,0.33894992207333785,6,0xc9db6c957b2ba169608907443f3991b8d01b2ad3,0x3488f31e6449f9803f99a8b5dd232c7ad883637f1c86e6953305a2ef19c77f20,"US strikes Iran by February 28, 2026?",2026-02-27T22:46:31+00:00,2026-02-28T09:31:17+00:00,10.7461,Yes,Yes,0.1899998784,5.263156,0.9999990000002305,4.26315699999977,True,True,False,0xc02d25ac422aab5748b71d8e0cb486a0eaa689f6a3321a68013123714b751f0e
5,67.15096609336081,HIGH,0.9222797927461139,0.33894992207333785,6,0xc9db6c957b2ba169608907443f3991b8d01b2ad3,0x3488f31e6449f9803f99a8b5dd232c7ad883637f1c86e6953305a2ef19c77f20,"US strikes Iran by February 28, 2026?",2026-02-27T22:46:29+00:00,2026-02-28T09:31:17+00:00,10.7467,Yes,Yes,0.1899998784,5.263156,0.9999990000002305,4.26315699999977,True,True,False,0x260552c811a0f752d503867509aa05a855de425ec8ffbd3bcb5fefc0cfdac20c
5,67.15096609336081,HIGH,0.9222797927461139,0.33894992207333785,6,0xc9db6c957b2ba169608907443f3991b8d01b2ad3,0x3488f31e6449f9803f99a8b5dd232c7ad883637f1c86e6953305a2ef19c77f20,"US strikes Iran by February 28, 2026?",2026-02-27T22:46:27+00:00,2026-02-28T09:31:17+00:00,10.7472,Yes,Yes,0.1899998784,5.263156,0.9999990000002305,4.26315699999977,True,True,False,0x009b9d8d2a0f2af9376b14b6e1117380cdaf7260922cf2a9f8e542bb45bf2535
5,67.15096609336081,HIGH,0.9222797927461139,0.33894992207333785,6,0xc9db6c957b2ba169608907443f3991b8d01b2ad3,0x3488f31e6449f9803f99a8b5dd232c7ad883637f1c86e6953305a2ef19c77f20,"US strikes Iran by February 28, 2026?",2026-02-27T22:46:23+00:00,2026-02-28T09:31:17+00:00,10.7483,Yes,Yes,0.1899998784,5.263156,0.9999990000002305,4.26315699999977,True,True,False,0x7df3d24429748f591dea5cb65107cc3255c2b82425087e26799ca3e962e29cb9
5,67.15096609336081,HIGH,0.9222797927461139,0.33894992207333785,6,0xc9db6c957b2ba169608907443f3991b8d01b2ad3,0x3488f31e6449f9803f99a8b5dd232c7ad883637f1c86e6953305a2ef19c77f20,"US strikes Iran by February 28, 2026?",2026-02-27T22:46:21+00:00,2026-02-28T09:31:17+00:00,10.7489,Yes,Yes,0.1899998784,5.263156,0.9999990000002305,4.26315699999977,True,True,False,0xc100a04452bdff30a95ce00fabae130ba085f557f5c3ffeafdcbeb7dbcceee3c
5,67.15096609336081,HIGH,0.9222797927461139,0.33894992207333785,6,0xc9db6c957b2ba169608907443f3991b8d01b2ad3,0x3488f31e6449f9803f99a8b5dd232c7ad883637f1c86e6953305a2ef19c77f20,"US strikes Iran by February 28, 2026?",2026-02-27T22:46:17+00:00,2026-02-28T09:31:17+00:00,10.75,Yes,Yes,0.1899998784,5.263156,0.9999990000002305,4.26315699999977,True,True,False,0x1acbe69ca20cf7eff19d17b6880fd11844b896f46f059fe48ddf624f68462e69
5,67.15096609336081,HIGH,0.9222797927461139,0.33894992207333785,6,0xc9db6c957b2ba169608907443f3991b8d01b2ad3,0x3488f31e6449f9803f99a8b5dd232c7ad883637f1c86e6953305a2ef19c77f20,"US strikes Iran by February 28, 2026?",2026-02-27T22:46:15+00:00,2026-02-28T09:31:17+00:00,10.7506,Yes,Yes,0.1899998784,5.263156,0.9999990000002305,4.26315699999977,True,True,False,0x480771ea4821c42f900e38cc0def5ab057504ee957a0ad4e51ee922eec0d2428
5,67.15096609336081,HIGH,0.9222797927461139,0.33894992207333785,6,0xc9db6c957b2ba169608907443f3991b8d01b2ad3,0x3488f31e6449f9803f99a8b5dd232c7ad883637f1c86e6953305a2ef19c77f20,"US strikes Iran by February 28, 2026?",2026-02-27T22:46:13+00:00,2026-02-28T09:31:17+00:00,10.7511,Yes,Yes,0.1899998784,5.263156,0.9999990000002305,4.26315699999977,True,True,False,0x1e6a5cf8bf2312d7dbde76fb1d2c48b47732f209f621e00e1c0d7ae18e826d52
5,67.15096609336081,HIGH,0.9222797927461139,0.33894992207333785,6,0xc9db6c957b2ba169608907443f3991b8d01b2ad3,0x3488f31e6449f9803f99a8b5dd232c7ad883637f1c86e6953305a2ef19c77f20,"US strikes Iran by February 28, 2026?",2026-02-27T22:46:09+00:00,2026-02-28T09:31:17+00:00,10.7522,Yes,Yes,0.1899998784,5.263156,0.9999990000002305,4.26315699999977,True,True,False,0x1ba28626c39552dbc0715445834557049befd771860a8426387ae58c1779ae42
5,67.15096609336081,HIGH,0.9222797927461139,0.33894992207333785,6,0xc9db6c957b2ba169608907443f3991b8d01b2ad3,0x3488f31e6449f9803f99a8b5dd232c7ad883637f1c86e6953305a2ef19c77f20,"US strikes Iran by February 28, 2026?",2026-02-27T22:46:05+00:00,2026-02-28T09:31:17+00:00,10.7533,Yes,Yes,0.1899998784,5.263156,0.9999990000002305,4.26315699999977,True,True,False,0x981d48f5aec9a917ff8c5b1025bd06de9aebfc36f20ecd6e7f97a29a740cdc8f
5,67.15096609336081,HIGH,0.9222797927461139,0.33894992207333785,6,0xc9db6c957b2ba169608907443f3991b8d01b2ad3,0x3488f31e6449f9803f99a8b5dd232c7ad883637f1c86e6953305a2ef19c77f20,"US strikes Iran by February 28, 2026?",2026-02-27T22:46:03+00:00,2026-02-28T09:31:17+00:00,10.7539,Yes,Yes,0.1899998784,5.263156,0.9999990000002305,4.26315699999977,True,True,False,0x562c7152c82c6b0faba916469656b2553de14e944c5dd46930d19089886e008e
5,67.15096609336081,HIGH,0.9222797927461139,0.33894992207333785,6,0xc9db6c957b2ba169608907443f3991b8d01b2ad3,0x3488f31e6449f9803f99a8b5dd232c7ad883637f1c86e6953305a2ef19c77f20,"US strikes Iran by February 28, 2026?",2026-02-27T22:46:01+00:00,2026-02-28T09:31:17+00:00,10.7544,Yes,Yes,0.1899998784,5.263156,0.9999990000002305,4.26315699999977,True,True,False,0x1c1c211428d38fe413783bbeac4e8b293d2ee4f093b33c5e47ed9331a9fd9bf4
5,67.15096609336081,HIGH,0.9222797927461139,0.33894992207333785,6,0xc9db6c957b2ba169608907443f3991b8d01b2ad3,0x3488f31e6449f9803f99a8b5dd232c7ad883637f1c86e6953305a2ef19c77f20,"US strikes Iran by February 28, 2026?",2026-02-27T22:45:57+00:00,2026-02-28T09:31:17+00:00,10.7556,Yes,Yes,0.1899998784,5.263156,0.9999990000002305,4.26315699999977,True,True,False,0xda9221b7375079ff091a5d28a9494746b19d826f2e3b5ebdb423b996c5630b28
5,67.15096609336081,HIGH,0.9222797927461139,0.33894992207333785,6,0xc9db6c957b2ba169608907443f3991b8d01b2ad3,0x3488f31e6449f9803f99a8b5dd232c7ad883637f1c86e6953305a2ef19c77f20,"US strikes Iran by February 28, 2026?",2026-02-27T22:45:55+00:00,2026-02-28T09:31:17+00:00,10.7561,Yes,Yes,0.1899998784,5.263156,0.9999990000002305,4.26315699999977,True,True,False,0x32b028d669e7194a77d4758530653fe958c94a412f2489bd95a633831be5a8ed
5,67.15096609336081,HIGH,0.9222797927461139,0.33894992207333785,6,0xc9db6c957b2ba169608907443f3991b8d01b2ad3,0x3488f31e6449f9803f99a8b5dd232c7ad883637f1c86e6953305a2ef19c77f20,"US strikes Iran by February 28, 2026?",2026-02-27T22:45:51+00:00,2026-02-28T09:31:17+00:00,10.7572,Yes,Yes,0.1899998784,5.263156,0.9999990000002305,4.26315699999977,True,True,False,0x5fc61cea31b462e86e4e97cb67b5b561fe43d0bd58ba88b62bd77b8ae8d1e3a4
5,67.15096609336081,HIGH,0.9222797927461139,0.33894992207333785,6,0xc9db6c957b2ba169608907443f3991b8d01b2ad3,0x3488f31e6449f9803f99a8b5dd232c7ad883637f1c86e6953305a2ef19c77f20,"US strikes Iran by February 28, 2026?",2026-02-27T22:45:49+00:00,2026-02-28T09:31:17+00:00,10.7578,Yes,Yes,0.1899998784,5.263156,0.9999990000002305,4.26315699999977,True,True,False,0xaa451f5bd3d629b5f5a482de708b2b4b62637f288105808fb136d1973d02fdbb
5,67.15096609336081,HIGH,0.9222797927461139,0.33894992207333785,6,0xc9db6c957b2ba169608907443f3991b8d01b2ad3,0x3488f31e6449f9803f99a8b5dd232c7ad883637f1c86e6953305a2ef19c77f20,"US strikes Iran by February 28, 2026?",2026-02-27T22:45:47+00:00,2026-02-28T09:31:17+00:00,10.7583,Yes,Yes,0.1899998784,5.263156,0.9999990000002305,4.26315699999977,True,True,False,0x536ba2007db239a426ee77e5e645e5a7c742685ef24d8d1949f09b68343ce9ec
5,67.15096609336081,HIGH,0.9222797927461139,0.33894992207333785,6,0xc9db6c957b2ba169608907443f3991b8d01b2ad3,0x3488f31e6449f9803f99a8b5dd232c7ad883637f1c86e6953305a2ef19c77f20,"US strikes Iran by February 28, 2026?",2026-02-27T22:45:43+00:00,2026-02-28T09:31:17+00:00,10.7594,Yes,Yes,0.1899998784,5.263156,0.9999990000002305,4.26315699999977,True,True,False,0x757491267204a693156996db4f2461897a2b1e6dfe5eaebc7b2ff21e1c461669
5,67.15096609336081,HIGH,0.9222797927461139,0.33894992207333785,6,0xc9db6c957b2ba169608907443f3991b8d01b2ad3,0x3488f31e6449f9803f99a8b5dd232c7ad883637f1c86e6953305a2ef19c77f20,"US strikes Iran by February 28, 2026?",2026-02-27T22:45:41+00:00,2026-02-28T09:31:17+00:00,10.76,Yes,Yes,0.1899998784,5.263156,0.9999990000002305,4.26315699999977,True,True,False,0x36f560d86b0c895feaa66da95e3797b19a262d2c8c0df9873b33c46782405463
5,67.15096609336081,HIGH,0.9222797927461139,0.33894992207333785,6,0xc9db6c957b2ba169608907443f3991b8d01b2ad3,0x3488f31e6449f9803f99a8b5dd232c7ad883637f1c86e6953305a2ef19c77f20,"US strikes Iran by February 28, 2026?",2026-02-27T22:45:37+00:00,2026-02-28T09:31:17+00:00,10.7611,Yes,Yes,0.1899998784,5.263156,0.9999990000002305,4.26315699999977,True,True,False,0x921ea6533e3058835ddb44e5836912a337a619f21750920a903ad4e142abdf43
5,67.15096609336081,HIGH,0.9222797927461139,0.33894992207333785,6,0xc9db6c957b2ba169608907443f3991b8d01b2ad3,0x3488f31e6449f9803f99a8b5dd232c7ad883637f1c86e6953305a2ef19c77f20,"US strikes Iran by February 28, 2026?",2026-02-27T22:45:35+00:00,2026-02-28T09:31:17+00:00,10.7617,Yes,Yes,0.1899998784,5.263156,0.9999990000002305,4.26315699999977,True,True,False,0xd9ae9490098c494d1fec2a994bb683ee59a747588f0482fe02381062ac5e117a
5,67.15096609336081,HIGH,0.9222797927461139,0.33894992207333785,6,0xc9db6c957b2ba169608907443f3991b8d01b2ad3,0x3488f31e6449f9803f99a8b5dd232c7ad883637f1c86e6953305a2ef19c77f20,"US strikes Iran by February 28, 2026?",2026-02-27T22:45:33+00:00,2026-02-28T09:31:17+00:00,10.7622,Yes,Yes,0.1899998784,5.263156,0.9999990000002305,4.26315699999977,True,True,False,0x0afd4e587ec746dff408d9479714bc8c29fae67ef39de9125390e3c095c809e1
5,67.15096609336081,HIGH,0.9222797927461139,0.33894992207333785,6,0xc9db6c957b2ba169608907443f3991b8d01b2ad3,0x3488f31e6449f9803f99a8b5dd232c7ad883637f1c86e6953305a2ef19c77f20,"US strikes Iran by February 28, 2026?",2026-02-27T22:45:29+00:00,2026-02-28T09:31:17+00:00,10.7633,Yes,Yes,0.1899998784,5.263156,0.9999990000002305,4.26315699999977,True,True,False,0x9ac4b3ba77caecbc230301e89532bc7290e46751a1751ba1f7c98cb0de80eef8
5,67.15096609336081,HIGH,0.9222797927461139,0.33894992207333785,6,0xc9db6c957b2ba169608907443f3991b8d01b2ad3,0x3488f31e6449f9803f99a8b5dd232c7ad883637f1c86e6953305a2ef19c77f20,"US strikes Iran by February 28, 2026?",2026-02-27T22:45:27+00:00,2026-02-28T09:31:17+00:00,10.7639,Yes,Yes,0.1899998784,5.263156,0.9999990000002305,4.26315699999977,True,True,False,0x260790e1e82ab8e31a143ee5282b968a1824d7800af9e415f1ac786123fa93a8
5,67.15096609336081,HIGH,0.9222797927461139,0.33894992207333785,6,0xc9db6c957b2ba169608907443f3991b8d01b2ad3,0x3488f31e6449f9803f99a8b5dd232c7ad883637f1c86e6953305a2ef19c77f20,"US strikes Iran by February 28, 2026?",2026-02-27T22:45:23+00:00,2026-02-28T09:31:17+00:00,10.765,Yes,Yes,0.1899998784,5.263156,0.9999990000002305,4.26315699999977,True,True,False,0x0d369cc02c604ef5832a5162181ea088bfc45ceb390596b65056079a20eb2e50
5,67.15096609336081,HIGH,0.9222797927461139,0.33894992207333785,6,0xc9db6c957b2ba169608907443f3991b8d01b2ad3,0x3488f31e6449f9803f99a8b5dd232c7ad883637f1c86e6953305a2ef19c77f20,"US strikes Iran by February 28, 2026?",2026-02-27T22:45:21+00:00,2026-02-28T09:31:17+00:00,10.7656,Yes,Yes,0.1899998784,5.263156,0.9999990000002305,4.26315699999977,True,True,False,0xee2131cfbf209fb9ce467d017332e39a72fc59c235300c335b0b499cf8705ecb
5,67.15096609336081,HIGH,0.9222797927461139,0.33894992207333785,6,0xc9db6c957b2ba169608907443f3991b8d01b2ad3,0x3488f31e6449f9803f99a8b5dd232c7ad883637f1c86e6953305a2ef19c77f20,"US strikes Iran by February 28, 2026?",2026-02-27T22:45:17+00:00,2026-02-28T09:31:17+00:00,10.7667,Yes,Yes,0.1899998784,5.263156,0.9999990000002305,4.26315699999977,True,True,False,0x29d3e9b3edfb68e6a924b6b43ef9c2a8ab1e40dcd86e5a89d8b24271bddfc2e1
5,67.15096609336081,HIGH,0.9222797927461139,0.33894992207333785,6,0xc9db6c957b2ba169608907443f3991b8d01b2ad3,0x3488f31e6449f9803f99a8b5dd232c7ad883637f1c86e6953305a2ef19c77f20,"US strikes Iran by February 28, 2026?",2026-02-27T22:45:15+00:00,2026-02-28T09:31:17+00:00,10.7672,Yes,Yes,0.1899998784,5.263156,0.9999990000002305,4.26315699999977,True,True,False,0x75bc8f747b9e4f30a4922cab9a4c038312680d56df9edf89e164f524d8807699
5,67.15096609336081,HIGH,0.9222797927461139,0.33894992207333785,6,0xc9db6c957b2ba169608907443f3991b8d01b2ad3,0x3488f31e6449f9803f99a8b5dd232c7ad883637f1c86e6953305a2ef19c77f20,"US strikes Iran by February 28, 2026?",2026-02-27T22:45:13+00:00,2026-02-28T09:31:17+00:00,10.7678,Yes,Yes,0.1899998784,5.263156,0.9999990000002305,4.26315699999977,True,True,False,0x4bf87b430608966cb1eea9e6eec76727f72eb39e1c5058bf5a81651a0cf53efe
5,67.15096609336081,HIGH,0.9222797927461139,0.33894992207333785,6,0xc9db6c957b2ba169608907443f3991b8d01b2ad3,0x3488f31e6449f9803f99a8b5dd232c7ad883637f1c86e6953305a2ef19c77f20,"US strikes Iran by February 28, 2026?",2026-02-27T22:45:09+00:00,2026-02-28T09:31:17+00:00,10.7689,Yes,Yes,0.1899998784,5.263156,0.9999990000002305,4.26315699999977,True,True,False,0xb1df1837cfab62886509f2c5302ee9323bd408a9f7f43356d290d3c0effa9e40
5,67.15096609336081,HIGH,0.9222797927461139,0.33894992207333785,6,0xc9db6c957b2ba169608907443f3991b8d01b2ad3,0x3488f31e6449f9803f99a8b5dd232c7ad883637f1c86e6953305a2ef19c77f20,"US strikes Iran by February 28, 2026?",2026-02-27T22:45:07+00:00,2026-02-28T09:31:17+00:00,10.7694,Yes,Yes,0.1899998784,5.263156,0.9999990000002305,4.26315699999977,True,True,False,0x4f3cb954889d6d1948b89b0a628f8f7f5159e31b4c49ddd0a2738a282d1cc39b
5,67.15096609336081,HIGH,0.9222797927461139,0.33894992207333785,6,0xc9db6c957b2ba169608907443f3991b8d01b2ad3,0x3488f31e6449f9803f99a8b5dd232c7ad883637f1c86e6953305a2ef19c77f20,"US strikes Iran by February 28, 2026?",2026-02-27T22:45:03+00:00,2026-02-28T09:31:17+00:00,10.7706,Yes,Yes,0.1899998784,5.263156,0.9999990000002305,4.26315699999977,True,True,False,0x3875a308530737c018641782fd3c711a28751b1484faeac60cee6a80d3301ef5
5,67.15096609336081,HIGH,0.9222797927461139,0.33894992207333785,6,0xc9db6c957b2ba169608907443f3991b8d01b2ad3,0x3488f31e6449f9803f99a8b5dd232c7ad883637f1c86e6953305a2ef19c77f20,"US strikes Iran by February 28, 2026?",2026-02-27T22:45:01+00:00,2026-02-28T09:31:17+00:00,10.7711,Yes,Yes,0.1899998784,5.263156,0.9999990000002305,4.26315699999977,True,True,False,0xc7756aec4f60a6e5986a3bd3a53c105a76ae92e3886d4ae59af94a5b2713be54
5,67.15096609336081,HIGH,0.9222797927461139,0.33894992207333785,6,0xc9db6c957b2ba169608907443f3991b8d01b2ad3,0x3488f31e6449f9803f99a8b5dd232c7ad883637f1c86e6953305a2ef19c77f20,"US strikes Iran by February 28, 2026?",2026-02-27T22:44:57+00:00,2026-02-28T09:31:17+00:00,10.7722,Yes,Yes,0.1899998784,5.263156,0.9999990000002305,4.26315699999977,True,True,False,0x945e09070dd578115fd14054e47edc9478520bcc8e0fe64052aa4252b2f1facc
5,67.15096609336081,HIGH,0.9222797927461139,0.33894992207333785,6,0xc9db6c957b2ba169608907443f3991b8d01b2ad3,0x3488f31e6449f9803f99a8b5dd232c7ad883637f1c86e6953305a2ef19c77f20,"US strikes Iran by February 28, 2026?",2026-02-27T22:44:55+00:00,2026-02-28T09:31:17+00:00,10.7728,Yes,Yes,0.1899998784,5.263156,0.9999990000002305,4.26315699999977,True,True,False,0x5edd905b2e80af3d63bda4aa33f695140d86f60ce00039eccec65bb03b9a976b
5,67.15096609336081,HIGH,0.9222797927461139,0.33894992207333785,6,0xc9db6c957b2ba169608907443f3991b8d01b2ad3,0x3488f31e6449f9803f99a8b5dd232c7ad883637f1c86e6953305a2ef19c77f20,"US strikes Iran by February 28, 2026?",2026-02-27T22:44:51+00:00,2026-02-28T09:31:17+00:00,10.7739,Yes,Yes,0.1899998784,5.263156,0.9999990000002305,4.26315699999977,True,True,False,0x7e0259e495b5bb333f9468ab163ed74539e498ccf1af8a60c0df472e1f648c59
5,67.15096609336081,HIGH,0.9222797927461139,0.33894992207333785,6,0xc9db6c957b2ba169608907443f3991b8d01b2ad3,0x3488f31e6449f9803f99a8b5dd232c7ad883637f1c86e6953305a2ef19c77f20,"US strikes Iran by February 28, 2026?",2026-02-27T22:44:49+00:00,2026-02-28T09:31:17+00:00,10.7744,Yes,Yes,0.1899998784,5.263156,0.9999990000002305,4.26315699999977,True,True,False,0xbaeef8fb6350796c1a2a49c7c9c351a29a1134df7f09fa063f279744a28bf8e5
5,67.15096609336081,HIGH,0.9222797927461139,0.33894992207333785,6,0xc9db6c957b2ba169608907443f3991b8d01b2ad3,0x3488f31e6449f9803f99a8b5dd232c7ad883637f1c86e6953305a2ef19c77f20,"US strikes Iran by February 28, 2026?",2026-02-27T22:44:47+00:00,2026-02-28T09:31:17+00:00,10.775,Yes,Yes,0.1899998784,5.263156,0.9999990000002305,4.26315699999977,True,True,False,0x22806bebe10cdf20bdc0159d7851e69475717820e7644cca6441915789350774
5,67.15096609336081,HIGH,0.9222797927461139,0.33894992207333785,6,0xc9db6c957b2ba169608907443f3991b8d01b2ad3,0x3488f31e6449f9803f99a8b5dd232c7ad883637f1c86e6953305a2ef19c77f20,"US strikes Iran by February 28, 2026?",2026-02-27T22:44:43+00:00,2026-02-28T09:31:17+00:00,10.7761,Yes,Yes,0.1899998784,5.263156,0.9999990000002305,4.26315699999977,True,True,False,0x7a0c7c9c26b0caca82c655ed98e79dbb09a3530c265af2360a6809efe5d27df6
5,67.15096609336081,HIGH,0.9222797927461139,0.33894992207333785,6,0xc9db6c957b2ba169608907443f3991b8d01b2ad3,0x3488f31e6449f9803f99a8b5dd232c7ad883637f1c86e6953305a2ef19c77f20,"US strikes Iran by February 28, 2026?",2026-02-27T22:44:41+00:00,2026-02-28T09:31:17+00:00,10.7767,Yes,Yes,0.1899998784,5.263156,0.9999990000002305,4.26315699999977,True,True,False,0x888e280144307e47a74d9258d3229c219512f0a8840c116cb6a5bc5ca96b8591
5,67.15096609336081,HIGH,0.9222797927461139,0.33894992207333785,6,0xc9db6c957b2ba169608907443f3991b8d01b2ad3,0x3488f31e6449f9803f99a8b5dd232c7ad883637f1c86e6953305a2ef19c77f20,"US strikes Iran by February 28, 2026?",2026-02-27T22:44:37+00:00,2026-02-28T09:31:17+00:00,10.7778,Yes,Yes,0.1899998784,5.263156,0.9999990000002305,4.26315699999977,True,True,False,0x8c9d25f1f352fa94c4f7d6f99aa8e3038c48b57cbcfc8766d5cda77fd7897c3e
5,67.15096609336081,HIGH,0.9222797927461139,0.33894992207333785,6,0xc9db6c957b2ba169608907443f3991b8d01b2ad3,0x3488f31e6449f9803f99a8b5dd232c7ad883637f1c86e6953305a2ef19c77f20,"US strikes Iran by February 28, 2026?",2026-02-27T22:44:35+00:00,2026-02-28T09:31:17+00:00,10.7783,Yes,Yes,0.1899998784,5.263156,0.9999990000002305,4.26315699999977,True,True,False,0x1b4aed12df39a87364d645bf0ad21668b16fb74766ce6c6db9b8178cff097d64
5,67.15096609336081,HIGH,0.9222797927461139,0.33894992207333785,6,0xc9db6c957b2ba169608907443f3991b8d01b2ad3,0x3488f31e6449f9803f99a8b5dd232c7ad883637f1c86e6953305a2ef19c77f20,"US strikes Iran by February 28, 2026?",2026-02-27T22:44:33+00:00,2026-02-28T09:31:17+00:00,10.7789,Yes,Yes,0.1899998784,5.263156,0.9999990000002305,4.26315699999977,True,True,False,0x763b79952e077e04b02fe3052e572bc48e4b700e0f3983334b86810942533bdc
5,67.15096609336081,HIGH,0.9222797927461139,0.33894992207333785,6,0xc9db6c957b2ba169608907443f3991b8d01b2ad3,0x3488f31e6449f9803f99a8b5dd232c7ad883637f1c86e6953305a2ef19c77f20,"US strikes Iran by February 28, 2026?",2026-02-27T22:44:29+00:00,2026-02-28T09:31:17+00:00,10.78,Yes,Yes,0.1899998784,5.263156,0.9999990000002305,4.26315699999977,True,True,False,0x49e4aea7c2433cced2af21e72584deed457a4676f37a570960558362696de3e9
5,67.15096609336081,HIGH,0.9222797927461139,0.33894992207333785,6,0xc9db6c957b2ba169608907443f3991b8d01b2ad3,0x3488f31e6449f9803f99a8b5dd232c7ad883637f1c86e6953305a2ef19c77f20,"US strikes Iran by February 28, 2026?",2026-02-27T22:44:27+00:00,2026-02-28T09:31:17+00:00,10.7806,Yes,Yes,0.1899998784,5.263156,0.9999990000002305,4.26315699999977,True,True,False,0x2b22889ef51ec8591d09ed72a86ce12f49fb7e8e8f5be57060e376bdd2e92b4a
5,67.15096609336081,HIGH,0.9222797927461139,0.33894992207333785,6,0xc9db6c957b2ba169608907443f3991b8d01b2ad3,0x3488f31e6449f9803f99a8b5dd232c7ad883637f1c86e6953305a2ef19c77f20,"US strikes Iran by February 28, 2026?",2026-02-27T22:44:23+00:00,2026-02-28T09:31:17+00:00,10.7817,Yes,Yes,0.1899998784,5.263156,0.9999990000002305,4.26315699999977,True,True,False,0x7719044696b7548f817d64bec9acfc5932490d7abb35d7571640659401035ef3
5,67.15096609336081,HIGH,0.9222797927461139,0.33894992207333785,6,0xc9db6c957b2ba169608907443f3991b8d01b2ad3,0x3488f31e6449f9803f99a8b5dd232c7ad883637f1c86e6953305a2ef19c77f20,"US strikes Iran by February 28, 2026?",2026-02-27T22:44:21+00:00,2026-02-28T09:31:17+00:00,10.7822,Yes,Yes,0.1899998784,5.263156,0.9999990000002305,4.26315699999977,True,True,False,0x524d38f9a757642ce251d208061644be4fbc7211849970395094057b842e5e67
5,67.15096609336081,HIGH,0.9222797927461139,0.33894992207333785,6,0xc9db6c957b2ba169608907443f3991b8d01b2ad3,0x3488f31e6449f9803f99a8b5dd232c7ad883637f1c86e6953305a2ef19c77f20,"US strikes Iran by February 28, 2026?",2026-02-27T22:44:17+00:00,2026-02-28T09:31:17+00:00,10.7833,Yes,Yes,0.1899998784,5.263156,0.9999990000002305,4.26315699999977,True,True,False,0xafbbdaadd7d213e5c32df9ab3414c3c823887fc2ed383ab96143e24b077dee80
5,67.15096609336081,HIGH,0.9222797927461139,0.33894992207333785,6,0xc9db6c957b2ba169608907443f3991b8d01b2ad3,0x3488f31e6449f9803f99a8b5dd232c7ad883637f1c86e6953305a2ef19c77f20,"US strikes Iran by February 28, 2026?",2026-02-27T22:44:15+00:00,2026-02-28T09:31:17+00:00,10.7839,Yes,Yes,0.1899998784,5.263156,0.9999990000002305,4.26315699999977,True,True,False,0xbd545cb7ea98e955219e2d968d7995beea26087cd3ed1640539d38670d2aad84
5,67.15096609336081,HIGH,0.9222797927461139,0.33894992207333785,6,0xc9db6c957b2ba169608907443f3991b8d01b2ad3,0x3488f31e6449f9803f99a8b5dd232c7ad883637f1c86e6953305a2ef19c77f20,"US strikes Iran by February 28, 2026?",2026-02-27T22:44:13+00:00,2026-02-28T09:31:17+00:00,10.7844,Yes,Yes,0.1899998784,5.263156,0.9999990000002305,4.26315699999977,True,True,False,0xdfccece8f3f9fcae95f86c52111dd482116d97011f234dd0b2f2a6540e6a01cb
5,67.15096609336081,HIGH,0.9222797927461139,0.33894992207333785,6,0xc9db6c957b2ba169608907443f3991b8d01b2ad3,0x3488f31e6449f9803f99a8b5dd232c7ad883637f1c86e6953305a2ef19c77f20,"US strikes Iran by February 28, 2026?",2026-02-27T22:44:09+00:00,2026-02-28T09:31:17+00:00,10.7856,Yes,Yes,0.1899998784,5.263156,0.9999990000002305,4.26315699999977,True,True,False,0xa137297200fe1ac15950f3edbcdf8a57a9bb286bf4714d1d95d30101ed8f8814
5,67.15096609336081,HIGH,0.9222797927461139,0.33894992207333785,6,0xc9db6c957b2ba169608907443f3991b8d01b2ad3,0x3488f31e6449f9803f99a8b5dd232c7ad883637f1c86e6953305a2ef19c77f20,"US strikes Iran by February 28, 2026?",2026-02-27T22:44:05+00:00,2026-02-28T09:31:17+00:00,10.7867,Yes,Yes,0.1899998784,5.263156,0.9999990000002305,4.26315699999977,True,True,False,0xbc266010286835ec9d02779a1f42a87b1014265022d7f85d511b54b513fc967a
5,67.15096609336081,HIGH,0.9222797927461139,0.33894992207333785,6,0xc9db6c957b2ba169608907443f3991b8d01b2ad3,0x3488f31e6449f9803f99a8b5dd232c7ad883637f1c86e6953305a2ef19c77f20,"US strikes Iran by February 28, 2026?",2026-02-27T22:44:03+00:00,2026-02-28T09:31:17+00:00,10.7872,Yes,Yes,0.1899998784,5.263156,0.9999990000002305,4.26315699999977,True,True,False,0xb449f0a5086ca7cc98a4f0dbe2845189aeaa661b16e5dc3dc53b97b01ac56374
5,67.15096609336081,HIGH,0.9222797927461139,0.33894992207333785,6,0xc9db6c957b2ba169608907443f3991b8d01b2ad3,0x3488f31e6449f9803f99a8b5dd232c7ad883637f1c86e6953305a2ef19c77f20,"US strikes Iran by February 28, 2026?",2026-02-27T22:44:01+00:00,2026-02-28T09:31:17+00:00,10.7878,Yes,Yes,0.1899998784,5.263156,0.9999990000002305,4.26315699999977,True,True,False,0xbe346636a8a96f25e1583751bc5db7aa7f556a2fb85d443acb8c69cffe2d0ff0
5,67.15096609336081,HIGH,0.9222797927461139,0.33894992207333785,6,0xc9db6c957b2ba169608907443f3991b8d01b2ad3,0x3488f31e6449f9803f99a8b5dd232c7ad883637f1c86e6953305a2ef19c77f20,"US strikes Iran by February 28, 2026?",2026-02-27T22:43:57+00:00,2026-02-28T09:31:17+00:00,10.7889,Yes,Yes,0.1899998784,5.263156,0.9999990000002305,4.26315699999977,True,True,False,0x17c8602acb060792fac2066d3b9cd44694c3f6231aae079535d4fed2bcd8b8ab
5,67.15096609336081,HIGH,0.9222797927461139,0.33894992207333785,6,0xc9db6c957b2ba169608907443f3991b8d01b2ad3,0x3488f31e6449f9803f99a8b5dd232c7ad883637f1c86e6953305a2ef19c77f20,"US strikes Iran by February 28, 2026?",2026-02-27T22:43:53+00:00,2026-02-28T09:31:17+00:00,10.79,Yes,Yes,0.1899998784,5.263156,0.9999990000002305,4.26315699999977,True,True,False,0xc32ef16665dbd083b2c1580bf83b133041faa27fe03322d8f447bc6b6eda7c48
5,67.15096609336081,HIGH,0.9222797927461139,0.33894992207333785,6,0xc9db6c957b2ba169608907443f3991b8d01b2ad3,0x3488f31e6449f9803f99a8b5dd232c7ad883637f1c86e6953305a2ef19c77f20,"US strikes Iran by February 28, 2026?",2026-02-27T22:43:51+00:00,2026-02-28T09:31:17+00:00,10.7906,Yes,Yes,0.1899998784,5.263156,0.9999990000002305,4.26315699999977,True,True,False,0xea31ffdb6d4a6f1dadbbfc0e85b9c247b871fa7e88793d5651e7312c6744fb84
5,67.15096609336081,HIGH,0.9222797927461139,0.33894992207333785,6,0xc9db6c957b2ba169608907443f3991b8d01b2ad3,0x3488f31e6449f9803f99a8b5dd232c7ad883637f1c86e6953305a2ef19c77f20,"US strikes Iran by February 28, 2026?",2026-02-27T22:43:49+00:00,2026-02-28T09:31:17+00:00,10.7911,Yes,Yes,0.1899998784,5.263156,0.9999990000002305,4.26315699999977,True,True,False,0xbf1ffa510bbe6ad277a20fa2fb61323bc336275d5e208f4f71c32f94fcc0cc8e
5,67.15096609336081,HIGH,0.9222797927461139,0.33894992207333785,6,0xc9db6c957b2ba169608907443f3991b8d01b2ad3,0x3488f31e6449f9803f99a8b5dd232c7ad883637f1c86e6953305a2ef19c77f20,"US strikes Iran by February 28, 2026?",2026-02-27T22:43:37+00:00,2026-02-28T09:31:17+00:00,10.7944,Yes,Yes,0.1899998784,5.263156,0.9999990000002305,4.26315699999977,True,True,False,0xc8807af387c72ee0007e8998ee593f3903a824788c98f7f2014016388d7c6bae
5,67.15096609336081,HIGH,0.9222797927461139,0.33894992207333785,6,0xc9db6c957b2ba169608907443f3991b8d01b2ad3,0x3488f31e6449f9803f99a8b5dd232c7ad883637f1c86e6953305a2ef19c77f20,"US strikes Iran by February 28, 2026?",2026-02-27T22:43:33+00:00,2026-02-28T09:31:17+00:00,10.7956,Yes,Yes,0.1899998784,5.263156,0.9999990000002305,4.26315699999977,True,True,False,0x732fa515052be76c4f75c04ba7c4e0b394422195fa7dd335e62bc032fd3a17d8
5,67.15096609336081,HIGH,0.9222797927461139,0.33894992207333785,6,0xc9db6c957b2ba169608907443f3991b8d01b2ad3,0x3488f31e6449f9803f99a8b5dd232c7ad883637f1c86e6953305a2ef19c77f20,"US strikes Iran by February 28, 2026?",2026-02-27T22:43:29+00:00,2026-02-28T09:31:17+00:00,10.7967,Yes,Yes,0.1899998784,5.263156,0.9999990000002305,4.26315699999977,True,True,False,0xa554301ce8d90ec794c5a5f1a136dfb1ba149c699f43cd4ca643708a69ce801c
5,67.15096609336081,HIGH,0.9222797927461139,0.33894992207333785,6,0xc9db6c957b2ba169608907443f3991b8d01b2ad3,0x3488f31e6449f9803f99a8b5dd232c7ad883637f1c86e6953305a2ef19c77f20,"US strikes Iran by February 28, 2026?",2026-02-27T22:43:27+00:00,2026-02-28T09:31:17+00:00,10.7972,Yes,Yes,0.1899998784,5.263156,0.9999990000002305,4.26315699999977,True,True,False,0x44c9b6a2866cfa24e4f3b61d4eed04988b31fdbfc16242f83ed4a7aad4649d43
5,67.15096609336081,HIGH,0.9222797927461139,0.33894992207333785,6,0xc9db6c957b2ba169608907443f3991b8d01b2ad3,0x3488f31e6449f9803f99a8b5dd232c7ad883637f1c86e6953305a2ef19c77f20,"US strikes Iran by February 28, 2026?",2026-02-27T22:43:25+00:00,2026-02-28T09:31:17+00:00,10.7978,Yes,Yes,0.1899998784,5.263156,0.9999990000002305,4.26315699999977,True,True,False,0x0088421cc219da50d85499007c7f568b2297944923a92b226211a11a69de0be1
5,67.15096609336081,HIGH,0.9222797927461139,0.33894992207333785,6,0xc9db6c957b2ba169608907443f3991b8d01b2ad3,0x3488f31e6449f9803f99a8b5dd232c7ad883637f1c86e6953305a2ef19c77f20,"US strikes Iran by February 28, 2026?",2026-02-27T23:03:03+00:00,2026-02-28T09:31:17+00:00,10.4706,Yes,Yes,0.2,5.0,1.0,4.0,True,True,False,0x4a34edd8b5cbdd41ee18c887d947d150c8379225b370cf23c021dd86d8ec303b
5,67.15096609336081,HIGH,0.9222797927461139,0.33894992207333785,6,0xc9db6c957b2ba169608907443f3991b8d01b2ad3,0x3488f31e6449f9803f99a8b5dd232c7ad883637f1c86e6953305a2ef19c77f20,"US strikes Iran by February 28, 2026?",2026-02-27T23:02:59+00:00,2026-02-28T09:31:17+00:00,10.4717,Yes,Yes,0.2,5.0,1.0,4.0,True,True,False,0x19ae53809b553c705c328c1b55ae78985920625da8b5d28545028da5f4228e4e
5,67.15096609336081,HIGH,0.9222797927461139,0.33894992207333785,6,0xc9db6c957b2ba169608907443f3991b8d01b2ad3,0x3488f31e6449f9803f99a8b5dd232c7ad883637f1c86e6953305a2ef19c77f20,"US strikes Iran by February 28, 2026?",2026-02-27T23:02:59+00:00,2026-02-28T09:31:17+00:00,10.4717,Yes,Yes,0.2,5.0,1.0,4.0,True,True,False,0x22060dbe15eca2f622572370b19680f0157450f1e51568f2a646bac6d7ecf0a6
5,67.15096609336081,HIGH,0.9222797927461139,0.33894992207333785,6,0xc9db6c957b2ba169608907443f3991b8d01b2ad3,0x3488f31e6449f9803f99a8b5dd232c7ad883637f1c86e6953305a2ef19c77f20,"US strikes Iran by February 28, 2026?",2026-02-27T23:02:57+00:00,2026-02-28T09:31:17+00:00,10.4722,Yes,Yes,0.2,5.0,1.0,4.0,True,True,False,0x5218bc0aa19ada301defa2c0fe323dc8fd26107eef638f7e04c35e9a14a067bb
5,67.15096609336081,HIGH,0.9222797927461139,0.33894992207333785,6,0xc9db6c957b2ba169608907443f3991b8d01b2ad3,0x3488f31e6449f9803f99a8b5dd232c7ad883637f1c86e6953305a2ef19c77f20,"US strikes Iran by February 28, 2026?",2026-02-27T23:02:57+00:00,2026-02-28T09:31:17+00:00,10.4722,Yes,Yes,0.2,5.0,1.0,4.0,True,True,False,0xaf3d95ed55d0f228914947e4131a9c6289bfe42e4df1c53ea658be05ffeca842
5,67.15096609336081,HIGH,0.9222797927461139,0.33894992207333785,6,0xc9db6c957b2ba169608907443f3991b8d01b2ad3,0x3488f31e6449f9803f99a8b5dd232c7ad883637f1c86e6953305a2ef19c77f20,"US strikes Iran by February 28, 2026?",2026-02-27T23:02:55+00:00,2026-02-28T09:31:17+00:00,10.4728,Yes,Yes,0.2,5.0,1.0,4.0,True,True,False,0x1e674c5e4661cf57c9fbb5451853ea64c40ee56b500ffefeaedcac4069bc4d41
5,67.15096609336081,HIGH,0.9222797927461139,0.33894992207333785,6,0xc9db6c957b2ba169608907443f3991b8d01b2ad3,0x3488f31e6449f9803f99a8b5dd232c7ad883637f1c86e6953305a2ef19c77f20,"US strikes Iran by February 28, 2026?",2026-02-27T22:54:07+00:00,2026-02-28T09:31:17+00:00,10.6194,Yes,Yes,0.2,5.0,1.0,4.0,True,True,False,0x1d8c2f89c7b823473c6a0377c615b3348d9f83dc61c193b772227bc99b3746e1
5,67.15096609336081,HIGH,0.9222797927461139,0.33894992207333785,6,0xc9db6c957b2ba169608907443f3991b8d01b2ad3,0x3488f31e6449f9803f99a8b5dd232c7ad883637f1c86e6953305a2ef19c77f20,"US strikes Iran by February 28, 2026?",2026-02-27T22:54:07+00:00,2026-02-28T09:31:17+00:00,10.6194,Yes,Yes,0.2,5.0,1.0,4.0,True,True,False,0x23f41156581414f8800c663340a921a81b61fca4ea5c6e12ed7bc74883416612
5,67.15096609336081,HIGH,0.9222797927461139,0.33894992207333785,6,0xc9db6c957b2ba169608907443f3991b8d01b2ad3,0x3488f31e6449f9803f99a8b5dd232c7ad883637f1c86e6953305a2ef19c77f20,"US strikes Iran by February 28, 2026?",2026-02-27T22:54:05+00:00,2026-02-28T09:31:17+00:00,10.62,Yes,Yes,0.2,5.0,1.0,4.0,True,True,False,0x52360a07fcae054b2eedd987964bca6b1ac34cbf8e7f060a04297b7764b8d8df
5,67.15096609336081,HIGH,0.9222797927461139,0.33894992207333785,6,0xc9db6c957b2ba169608907443f3991b8d01b2ad3,0x3488f31e6449f9803f99a8b5dd232c7ad883637f1c86e6953305a2ef19c77f20,"US strikes Iran by February 28, 2026?",2026-02-27T22:54:03+00:00,2026-02-28T09:31:17+00:00,10.6206,Yes,Yes,0.2,5.0,1.0,4.0,True,True,False,0x3380202c7bde2f0b764c45e36eb042b9d18f59b7db8e31c61ce6eeca6068f650
5,67.15096609336081,HIGH,0.9222797927461139,0.33894992207333785,6,0xc9db6c957b2ba169608907443f3991b8d01b2ad3,0x3488f31e6449f9803f99a8b5dd232c7ad883637f1c86e6953305a2ef19c77f20,"US strikes Iran by February 28, 2026?",2026-02-27T22:54:01+00:00,2026-02-28T09:31:17+00:00,10.6211,Yes,Yes,0.2,5.0,1.0,4.0,True,True,False,0x5f00a5ab44d82e6c1a422bb5e3571e7266996a83a96058ddc529b8c7372e50e1
5,67.15096609336081,HIGH,0.9222797927461139,0.33894992207333785,6,0xc9db6c957b2ba169608907443f3991b8d01b2ad3,0x3488f31e6449f9803f99a8b5dd232c7ad883637f1c86e6953305a2ef19c77f20,"US strikes Iran by February 28, 2026?",2026-02-27T22:53:57+00:00,2026-02-28T09:31:17+00:00,10.6222,Yes,Yes,0.2,5.0,1.0,4.0,True,True,False,0x4f6527437563a37a5684c36540cfbef682f34f775c8a3a9fee98d809b64c1d2a
5,67.15096609336081,HIGH,0.9222797927461139,0.33894992207333785,6,0xc9db6c957b2ba169608907443f3991b8d01b2ad3,0x3488f31e6449f9803f99a8b5dd232c7ad883637f1c86e6953305a2ef19c77f20,"US strikes Iran by February 28, 2026?",2026-02-27T22:53:55+00:00,2026-02-28T09:31:17+00:00,10.6228,Yes,Yes,0.2,5.0,1.0,4.0,True,True,False,0xe1583a5f373cd9866eebdb8346e00e879de7a20c0704439d699bece3b39ce045
5,67.15096609336081,HIGH,0.9222797927461139,0.33894992207333785,6,0xc9db6c957b2ba169608907443f3991b8d01b2ad3,0x3488f31e6449f9803f99a8b5dd232c7ad883637f1c86e6953305a2ef19c77f20,"US strikes Iran by February 28, 2026?",2026-02-27T22:53:51+00:00,2026-02-28T09:31:17+00:00,10.6239,Yes,Yes,0.2,5.0,1.0,4.0,True,True,False,0x418ec859ab8b76958ec6e2bcfd7a050971b38bf01658fdf7fbe29eb36d2d4a99
5,67.15096609336081,HIGH,0.9222797927461139,0.33894992207333785,6,0xc9db6c957b2ba169608907443f3991b8d01b2ad3,0x3488f31e6449f9803f99a8b5dd232c7ad883637f1c86e6953305a2ef19c77f20,"US strikes Iran by February 28, 2026?",2026-02-27T22:53:49+00:00,2026-02-28T09:31:17+00:00,10.6244,Yes,Yes,0.2,5.0,1.0,4.0,True,True,False,0x84bf62a65c18b36b79bd9d033ac76c25838e5ed18303ca12d83842f816af819a
5,67.15096609336081,HIGH,0.9222797927461139,0.33894992207333785,6,0xc9db6c957b2ba169608907443f3991b8d01b2ad3,0x3488f31e6449f9803f99a8b5dd232c7ad883637f1c86e6953305a2ef19c77f20,"US strikes Iran by February 28, 2026?",2026-02-27T22:53:45+00:00,2026-02-28T09:31:17+00:00,10.6256,Yes,Yes,0.2,5.0,1.0,4.0,True,True,False,0x3718c20f9942e969b20d8eb123de8e7110446c4275d12a2eed8fbeda0b25d3f9
5,67.15096609336081,HIGH,0.9222797927461139,0.33894992207333785,6,0xc9db6c957b2ba169608907443f3991b8d01b2ad3,0x3488f31e6449f9803f99a8b5dd232c7ad883637f1c86e6953305a2ef19c77f20,"US strikes Iran by February 28, 2026?",2026-02-27T22:53:43+00:00,2026-02-28T09:31:17+00:00,10.6261,Yes,Yes,0.2,5.0,1.0,4.0,True,True,False,0x804cdd383445d0cfd7ed15710b9b24e53f8de1bb051b6e165749a65abc36ac64
5,67.15096609336081,HIGH,0.9222797927461139,0.33894992207333785,6,0xc9db6c957b2ba169608907443f3991b8d01b2ad3,0x3488f31e6449f9803f99a8b5dd232c7ad883637f1c86e6953305a2ef19c77f20,"US strikes Iran by February 28, 2026?",2026-02-27T22:53:39+00:00,2026-02-28T09:31:17+00:00,10.6272,Yes,Yes,0.2,5.0,1.0,4.0,True,True,False,0x41b2044b49f13acef9ff46336834d3821a06dbae5c815073a3eb1eed55d9d88e
5,67.15096609336081,HIGH,0.9222797927461139,0.33894992207333785,6,0xc9db6c957b2ba169608907443f3991b8d01b2ad3,0x3488f31e6449f9803f99a8b5dd232c7ad883637f1c86e6953305a2ef19c77f20,"US strikes Iran by February 28, 2026?",2026-02-27T22:53:37+00:00,2026-02-28T09:31:17+00:00,10.6278,Yes,Yes,0.2,5.0,1.0,4.0,True,True,False,0x096dd0e84bf65ba0b26952d5fdd2ad61afc09d7bc20339c6e73d0daa1a1804f8
5,67.15096609336081,HIGH,0.9222797927461139,0.33894992207333785,6,0xc9db6c957b2ba169608907443f3991b8d01b2ad3,0x3488f31e6449f9803f99a8b5dd232c7ad883637f1c86e6953305a2ef19c77f20,"US strikes Iran by February 28, 2026?",2026-02-27T22:53:33+00:00,2026-02-28T09:31:17+00:00,10.6289,Yes,Yes,0.2,5.0,1.0,4.0,True,True,False,0x12d526611ab5fbee010958e0672389355d0639b1d35ba28b0353acd72326f726
5,67.15096609336081,HIGH,0.9222797927461139,0.33894992207333785,6,0xc9db6c957b2ba169608907443f3991b8d01b2ad3,0x3488f31e6449f9803f99a8b5dd232c7ad883637f1c86e6953305a2ef19c77f20,"US strikes Iran by February 28, 2026?",2026-02-27T22:53:31+00:00,2026-02-28T09:31:17+00:00,10.6294,Yes,Yes,0.2,5.0,1.0,4.0,True,True,False,0xca2cde26f8d064b975f1d48f947bee86eab7e46088ff37452cb3fd34b6e829d3
5,67.15096609336081,HIGH,0.9222797927461139,0.33894992207333785,6,0xc9db6c957b2ba169608907443f3991b8d01b2ad3,0x3488f31e6449f9803f99a8b5dd232c7ad883637f1c86e6953305a2ef19c77f20,"US strikes Iran by February 28, 2026?",2026-02-27T22:53:29+00:00,2026-02-28T09:31:17+00:00,10.63,Yes,Yes,0.2,5.0,1.0,4.0,True,True,False,0xf1a3ca4f0fca720602ee02b1b41d1cc83b0ca52e7bab45428a1e17176fe8934f
5,67.15096609336081,HIGH,0.9222797927461139,0.33894992207333785,6,0xc9db6c957b2ba169608907443f3991b8d01b2ad3,0x3488f31e6449f9803f99a8b5dd232c7ad883637f1c86e6953305a2ef19c77f20,"US strikes Iran by February 28, 2026?",2026-02-27T22:53:25+00:00,2026-02-28T09:31:17+00:00,10.6311,Yes,Yes,0.2,5.0,1.0,4.0,True,True,False,0xe1e9dc78e4b92975083ca58129b951a98c20c9225b03df53869c7b4d6a1bc792
5,67.15096609336081,HIGH,0.9222797927461139,0.33894992207333785,6,0xc9db6c957b2ba169608907443f3991b8d01b2ad3,0x3488f31e6449f9803f99a8b5dd232c7ad883637f1c86e6953305a2ef19c77f20,"US strikes Iran by February 28, 2026?",2026-02-27T22:53:23+00:00,2026-02-28T09:31:17+00:00,10.6317,Yes,Yes,0.2,5.0,1.0,4.0,True,True,False,0xd2ab2cbc93c1cfeccac94a5ec01eaa41c6d8bc8a09561f2ed48a8952effcc2ca
5,67.15096609336081,HIGH,0.9222797927461139,0.33894992207333785,6,0xc9db6c957b2ba169608907443f3991b8d01b2ad3,0x3488f31e6449f9803f99a8b5dd232c7ad883637f1c86e6953305a2ef19c77f20,"US strikes Iran by February 28, 2026?",2026-02-27T22:53:19+00:00,2026-02-28T09:31:17+00:00,10.6328,Yes,Yes,0.2,5.0,1.0,4.0,True,True,False,0xd5a127973122f7a4fb550f4f72ecaefac40200a898e33c4f16a6eeadd1f91b9a
5,67.15096609336081,HIGH,0.9222797927461139,0.33894992207333785,6,0xc9db6c957b2ba169608907443f3991b8d01b2ad3,0x3488f31e6449f9803f99a8b5dd232c7ad883637f1c86e6953305a2ef19c77f20,"US strikes Iran by February 28, 2026?",2026-02-27T22:53:17+00:00,2026-02-28T09:31:17+00:00,10.6333,Yes,Yes,0.2,5.0,1.0,4.0,True,True,False,0x15fe3ca1c66e178f9457f097f9cea19807208f8f411db31b7c3af7fbbb7b5e0a
5,67.15096609336081,HIGH,0.9222797927461139,0.33894992207333785,6,0xc9db6c957b2ba169608907443f3991b8d01b2ad3,0x3488f31e6449f9803f99a8b5dd232c7ad883637f1c86e6953305a2ef19c77f20,"US strikes Iran by February 28, 2026?",2026-02-27T22:53:13+00:00,2026-02-28T09:31:17+00:00,10.6344,Yes,Yes,0.2,5.0,1.0,4.0,True,True,False,0xe431bdcbc8dbc8974ac855f7402f61c018560d9bdfc0ab623d695f44d468535a
5,67.15096609336081,HIGH,0.9222797927461139,0.33894992207333785,6,0xc9db6c957b2ba169608907443f3991b8d01b2ad3,0x3488f31e6449f9803f99a8b5dd232c7ad883637f1c86e6953305a2ef19c77f20,"US strikes Iran by February 28, 2026?",2026-02-27T22:52:59+00:00,2026-02-28T09:31:17+00:00,10.6383,Yes,Yes,0.2,5.0,1.0,4.0,True,True,False,0x0db35120d128612f789a10f88cfd2b167938227301d95eba9f0eb2dec1b95b1a
5,67.15096609336081,HIGH,0.9222797927461139,0.33894992207333785,6,0xc9db6c957b2ba169608907443f3991b8d01b2ad3,0x3488f31e6449f9803f99a8b5dd232c7ad883637f1c86e6953305a2ef19c77f20,"US strikes Iran by February 28, 2026?",2026-02-27T22:52:57+00:00,2026-02-28T09:31:17+00:00,10.6389,Yes,Yes,0.2,5.0,1.0,4.0,True,True,False,0x1c95736eeb03138039f1e5d39cb10f59b9ec90ffb7dc2f3caf6f8456c544f73c
5,67.15096609336081,HIGH,0.9222797927461139,0.33894992207333785,6,0xc9db6c957b2ba169608907443f3991b8d01b2ad3,0x3488f31e6449f9803f99a8b5dd232c7ad883637f1c86e6953305a2ef19c77f20,"US strikes Iran by February 28, 2026?",2026-02-27T22:52:53+00:00,2026-02-28T09:31:17+00:00,10.64,Yes,Yes,0.2,5.0,1.0,4.0,True,True,False,0x1d21414fb80a104041950064ca359cad669fec1c0675ff4d99acd3bb4a6d697b
5,67.15096609336081,HIGH,0.9222797927461139,0.33894992207333785,6,0xc9db6c957b2ba169608907443f3991b8d01b2ad3,0x3488f31e6449f9803f99a8b5dd232c7ad883637f1c86e6953305a2ef19c77f20,"US strikes Iran by February 28, 2026?",2026-02-27T22:52:51+00:00,2026-02-28T09:31:17+00:00,10.6406,Yes,Yes,0.2,5.0,1.0,4.0,True,True,False,0xe3fb5e504a01d08c221d8a6003bc119b8e7d23065a40c3f84a943588b967b252
5,67.15096609336081,HIGH,0.9222797927461139,0.33894992207333785,6,0xc9db6c957b2ba169608907443f3991b8d01b2ad3,0x3488f31e6449f9803f99a8b5dd232c7ad883637f1c86e6953305a2ef19c77f20,"US strikes Iran by February 28, 2026?",2026-02-27T23:01:47+00:00,2026-02-28T09:31:17+00:00,10.4917,Yes,Yes,0.2099998677,4.761903,0.9999990000002332,3.761903999999767,True,True,False,0xb83dd98155d22baa42cad675dd6f078c2c909047dd43a1f82be9c1c5c859fe59
5,67.15096609336081,HIGH,0.9222797927461139,0.33894992207333785,6,0xc9db6c957b2ba169608907443f3991b8d01b2ad3,0x3488f31e6449f9803f99a8b5dd232c7ad883637f1c86e6953305a2ef19c77f20,"US strikes Iran by February 28, 2026?",2026-02-27T23:01:47+00:00,2026-02-28T09:31:17+00:00,10.4917,Yes,Yes,0.2099998677,4.761903,0.9999990000002332,3.761903999999767,True,True,False,0x71501c150591262dd920798d7334b49dfe95bd230bfc5762c2dc8609d6234887
5,67.15096609336081,HIGH,0.9222797927461139,0.33894992207333785,6,0xc9db6c957b2ba169608907443f3991b8d01b2ad3,0x3488f31e6449f9803f99a8b5dd232c7ad883637f1c86e6953305a2ef19c77f20,"US strikes Iran by February 28, 2026?",2026-02-27T23:01:45+00:00,2026-02-28T09:31:17+00:00,10.4922,Yes,Yes,0.2099998677,4.761903,0.9999990000002332,3.761903999999767,True,True,False,0x4a7e6e3d56a54565289578e30a344c51650ff8b2cd0f18c89176660daedcae33
5,67.15096609336081,HIGH,0.9222797927461139,0.33894992207333785,6,0xc9db6c957b2ba169608907443f3991b8d01b2ad3,0x3488f31e6449f9803f99a8b5dd232c7ad883637f1c86e6953305a2ef19c77f20,"US strikes Iran by February 28, 2026?",2026-02-27T23:01:45+00:00,2026-02-28T09:31:17+00:00,10.4922,Yes,Yes,0.2099998677,4.761903,0.9999990000002332,3.761903999999767,True,True,False,0x285e1e3bf1b0d4ab0ed81c68b505df1198856d4c2d9004276eb2f395f14b3b82
5,67.15096609336081,HIGH,0.9222797927461139,0.33894992207333785,6,0xc9db6c957b2ba169608907443f3991b8d01b2ad3,0x3488f31e6449f9803f99a8b5dd232c7ad883637f1c86e6953305a2ef19c77f20,"US strikes Iran by February 28, 2026?",2026-02-27T23:01:45+00:00,2026-02-28T09:31:17+00:00,10.4922,Yes,Yes,0.2099998677,4.761903,0.9999990000002332,3.761903999999767,True,True,False,0x12e172da1c175e8cd1d81cf1c53c5e64c689af80a263d72e0b524745439aa058
5,67.15096609336081,HIGH,0.9222797927461139,0.33894992207333785,6,0xc9db6c957b2ba169608907443f3991b8d01b2ad3,0x3488f31e6449f9803f99a8b5dd232c7ad883637f1c86e6953305a2ef19c77f20,"US strikes Iran by February 28, 2026?",2026-02-27T23:01:43+00:00,2026-02-28T09:31:17+00:00,10.4928,Yes,Yes,0.2099998677,4.761903,0.9999990000002332,3.761903999999767,True,True,False,0xa0db2e39e761f04d93d79bf33815eac3f727be8f298a09c61bfef6390aed8482
5,67.15096609336081,HIGH,0.9222797927461139,0.33894992207333785,6,0xc9db6c957b2ba169608907443f3991b8d01b2ad3,0x3488f31e6449f9803f99a8b5dd232c7ad883637f1c86e6953305a2ef19c77f20,"US strikes Iran by February 28, 2026?",2026-02-27T23:01:39+00:00,2026-02-28T09:31:17+00:00,10.4939,Yes,Yes,0.2099998677,4.761903,0.9999990000002332,3.761903999999767,True,True,False,0xd0c3d9089708aefae0cfbf4da0670cd3f32de3279ab94b6681956efd45519b96
5,67.15096609336081,HIGH,0.9222797927461139,0.33894992207333785,6,0xc9db6c957b2ba169608907443f3991b8d01b2ad3,0x3488f31e6449f9803f99a8b5dd232c7ad883637f1c86e6953305a2ef19c77f20,"US strikes Iran by February 28, 2026?",2026-02-27T22:54:27+00:00,2026-02-28T09:31:17+00:00,10.6139,Yes,Yes,0.2099998677,4.761903,0.9999990000002332,3.761903999999767,True,True,False,0x902abe3c77ac26ed8bd8aaf7df49c2f53328506de6bb24f5df6d34ac5e94a4b7
5,67.15096609336081,HIGH,0.9222797927461139,0.33894992207333785,6,0xc9db6c957b2ba169608907443f3991b8d01b2ad3,0x3488f31e6449f9803f99a8b5dd232c7ad883637f1c86e6953305a2ef19c77f20,"US strikes Iran by February 28, 2026?",2026-02-27T22:54:25+00:00,2026-02-28T09:31:17+00:00,10.6144,Yes,Yes,0.2099998677,4.761903,0.9999990000002332,3.761903999999767,True,True,False,0x295a72466b61b9154438dce253fca48e8cc7cd52bbff595f8d5130f1f4270934
5,67.15096609336081,HIGH,0.9222797927461139,0.33894992207333785,6,0xc9db6c957b2ba169608907443f3991b8d01b2ad3,0x3488f31e6449f9803f99a8b5dd232c7ad883637f1c86e6953305a2ef19c77f20,"US strikes Iran by February 28, 2026?",2026-02-27T22:54:25+00:00,2026-02-28T09:31:17+00:00,10.6144,Yes,Yes,0.2099998677,4.761903,0.9999990000002332,3.761903999999767,True,True,False,0x91703e269693b0d66ebca32915cf101caf606d7a89bab7ec31cb90cb264b9712
5,67.15096609336081,HIGH,0.9222797927461139,0.33894992207333785,6,0xc9db6c957b2ba169608907443f3991b8d01b2ad3,0x3488f31e6449f9803f99a8b5dd232c7ad883637f1c86e6953305a2ef19c77f20,"US strikes Iran by February 28, 2026?",2026-02-27T22:54:23+00:00,2026-02-28T09:31:17+00:00,10.615,Yes,Yes,0.2099998677,4.761903,0.9999990000002332,3.761903999999767,True,True,False,0x68c14a90d9d353f92fa8869a7045bc80b9caf32d9423fb60dfb73fc054b607e0
5,67.15096609336081,HIGH,0.9222797927461139,0.33894992207333785,6,0xc9db6c957b2ba169608907443f3991b8d01b2ad3,0x3488f31e6449f9803f99a8b5dd232c7ad883637f1c86e6953305a2ef19c77f20,"US strikes Iran by February 28, 2026?",2026-02-27T22:54:23+00:00,2026-02-28T09:31:17+00:00,10.615,Yes,Yes,0.2099998677,4.761903,0.9999990000002332,3.761903999999767,True,True,False,0x6c93c2c43f6764b9845c341fb10121a7ce5d783c0b1c00f99803b60b7a67f038
5,67.15096609336081,HIGH,0.9222797927461139,0.33894992207333785,6,0xc9db6c957b2ba169608907443f3991b8d01b2ad3,0x3488f31e6449f9803f99a8b5dd232c7ad883637f1c86e6953305a2ef19c77f20,"US strikes Iran by February 28, 2026?",2026-02-27T22:54:21+00:00,2026-02-28T09:31:17+00:00,10.6156,Yes,Yes,0.2099998677,4.761903,0.9999990000002332,3.761903999999767,True,True,False,0x5d4c977660fe7d1b9b756792d1eb76e728a1112636c45a40559b21baf5d42eb1
5,67.15096609336081,HIGH,0.9222797927461139,0.33894992207333785,6,0xc9db6c957b2ba169608907443f3991b8d01b2ad3,0x3488f31e6449f9803f99a8b5dd232c7ad883637f1c86e6953305a2ef19c77f20,"US strikes Iran by February 28, 2026?",2026-02-27T22:54:21+00:00,2026-02-28T09:31:17+00:00,10.6156,Yes,Yes,0.2099998677,4.761903,0.9999990000002332,3.761903999999767,True,True,False,0x7e80ae5a394521b56ac4fa1c1f5e8d7d327d705575e980177522eacec0885c4e
5,67.15096609336081,HIGH,0.9222797927461139,0.33894992207333785,6,0xc9db6c957b2ba169608907443f3991b8d01b2ad3,0x3488f31e6449f9803f99a8b5dd232c7ad883637f1c86e6953305a2ef19c77f20,"US strikes Iran by February 28, 2026?",2026-02-27T22:54:21+00:00,2026-02-28T09:31:17+00:00,10.6156,Yes,Yes,0.2099998677,4.761903,0.9999990000002332,3.761903999999767,True,True,False,0x715011cdc4498956302b028a06c943fe843deade788d9380b57e5b760077ac45
5,67.15096609336081,HIGH,0.9222797927461139,0.33894992207333785,6,0xc9db6c957b2ba169608907443f3991b8d01b2ad3,0x3488f31e6449f9803f99a8b5dd232c7ad883637f1c86e6953305a2ef19c77f20,"US strikes Iran by February 28, 2026?",2026-02-27T22:54:19+00:00,2026-02-28T09:31:17+00:00,10.6161,Yes,Yes,0.2099998677,4.761903,0.9999990000002332,3.761903999999767,True,True,False,0x665a8b1da32181c455e380e741ef4465430dec1e07937e7cc3d8846ee4accf42
5,67.15096609336081,HIGH,0.9222797927461139,0.33894992207333785,6,0xc9db6c957b2ba169608907443f3991b8d01b2ad3,0x3488f31e6449f9803f99a8b5dd232c7ad883637f1c86e6953305a2ef19c77f20,"US strikes Iran by February 28, 2026?",2026-02-27T22:54:19+00:00,2026-02-28T09:31:17+00:00,10.6161,Yes,Yes,0.2099998677,4.761903,0.9999990000002332,3.761903999999767,True,True,False,0x08ba3ffeab1a6f99a85bb8e656b9930fc7f4787f8f7737618b03e25323f94d79
5,67.15096609336081,HIGH,0.9222797927461139,0.33894992207333785,6,0xc9db6c957b2ba169608907443f3991b8d01b2ad3,0x3488f31e6449f9803f99a8b5dd232c7ad883637f1c86e6953305a2ef19c77f20,"US strikes Iran by February 28, 2026?",2026-02-27T22:54:17+00:00,2026-02-28T09:31:17+00:00,10.6167,Yes,Yes,0.2099998677,4.761903,0.9999990000002332,3.761903999999767,True,True,False,0x66f82a625b0e4b5863fb9be67cb3aa256e63abaa0b16c5c491d6e38aad42b6ac
5,67.15096609336081,HIGH,0.9222797927461139,0.33894992207333785,6,0xc9db6c957b2ba169608907443f3991b8d01b2ad3,0x3488f31e6449f9803f99a8b5dd232c7ad883637f1c86e6953305a2ef19c77f20,"US strikes Iran by February 28, 2026?",2026-02-27T22:54:17+00:00,2026-02-28T09:31:17+00:00,10.6167,Yes,Yes,0.2099998677,4.761903,0.9999990000002332,3.761903999999767,True,True,False,0x82a12a5e8e3df871f1f56a95bc11dcd7e6952e4c76af2c1404f271753f312ca9
5,67.15096609336081,HIGH,0.9222797927461139,0.33894992207333785,6,0xc9db6c957b2ba169608907443f3991b8d01b2ad3,0x3488f31e6449f9803f99a8b5dd232c7ad883637f1c86e6953305a2ef19c77f20,"US strikes Iran by February 28, 2026?",2026-02-27T22:54:15+00:00,2026-02-28T09:31:17+00:00,10.6172,Yes,Yes,0.2099998677,4.761903,0.9999990000002332,3.761903999999767,True,True,False,0x6204e0cf905993eb8a49640f205c21fd0ce434788474c8d278e62e4e7e999da4
5,67.15096609336081,HIGH,0.9222797927461139,0.33894992207333785,6,0xc9db6c957b2ba169608907443f3991b8d01b2ad3,0x3488f31e6449f9803f99a8b5dd232c7ad883637f1c86e6953305a2ef19c77f20,"US strikes Iran by February 28, 2026?",2026-02-27T22:54:15+00:00,2026-02-28T09:31:17+00:00,10.6172,Yes,Yes,0.2099998677,4.761903,0.9999990000002332,3.761903999999767,True,True,False,0xf0819a47953ebc8da2429f84efaf6ee789d2650ff34d20725f0f7aee0953f748
5,67.15096609336081,HIGH,0.9222797927461139,0.33894992207333785,6,0xc9db6c957b2ba169608907443f3991b8d01b2ad3,0x3488f31e6449f9803f99a8b5dd232c7ad883637f1c86e6953305a2ef19c77f20,"US strikes Iran by February 28, 2026?",2026-02-27T22:54:15+00:00,2026-02-28T09:31:17+00:00,10.6172,Yes,Yes,0.2099998677,4.761903,0.9999990000002332,3.761903999999767,True,True,False,0x900e0623e7d429716abe2dd4db08e4acde78dc050fea22be28bc28c29bbc809b
5,67.15096609336081,HIGH,0.9222797927461139,0.33894992207333785,6,0xc9db6c957b2ba169608907443f3991b8d01b2ad3,0x3488f31e6449f9803f99a8b5dd232c7ad883637f1c86e6953305a2ef19c77f20,"US strikes Iran by February 28, 2026?",2026-02-27T22:54:15+00:00,2026-02-28T09:31:17+00:00,10.6172,Yes,Yes,0.2099998677,4.761903,0.9999990000002332,3.761903999999767,True,True,False,0x9e5352872154de642c52d3fe2babed6ec90be21264fa858e585ff404ba2f242a
5,67.15096609336081,HIGH,0.9222797927461139,0.33894992207333785,6,0xc9db6c957b2ba169608907443f3991b8d01b2ad3,0x3488f31e6449f9803f99a8b5dd232c7ad883637f1c86e6953305a2ef19c77f20,"US strikes Iran by February 28, 2026?",2026-02-27T22:54:15+00:00,2026-02-28T09:31:17+00:00,10.6172,Yes,Yes,0.2099998677,4.761903,0.9999990000002332,3.761903999999767,True,True,False,0x70214a4bf394b070a4d0f26d8f6aa9409d934dac2aa43048eab3c394356a116a
5,67.15096609336081,HIGH,0.9222797927461139,0.33894992207333785,6,0xc9db6c957b2ba169608907443f3991b8d01b2ad3,0x3488f31e6449f9803f99a8b5dd232c7ad883637f1c86e6953305a2ef19c77f20,"US strikes Iran by February 28, 2026?",2026-02-27T22:54:13+00:00,2026-02-28T09:31:17+00:00,10.6178,Yes,Yes,0.2099998677,4.761903,0.9999990000002332,3.761903999999767,True,True,False,0x9cd3c68bc4601a6f83de4c19c32b7cdca96d6ebe9659a922ebfe49356a569b2e
5,67.15096609336081,HIGH,0.9222797927461139,0.33894992207333785,6,0xc9db6c957b2ba169608907443f3991b8d01b2ad3,0x3488f31e6449f9803f99a8b5dd232c7ad883637f1c86e6953305a2ef19c77f20,"US strikes Iran by February 28, 2026?",2026-02-27T22:54:13+00:00,2026-02-28T09:31:17+00:00,10.6178,Yes,Yes,0.2099998677,4.761903,0.9999990000002332,3.761903999999767,True,True,False,0x93b7f1d13bba17141eeae8b3bbd5c669e1f0ce74ca905a830b866e94963b5bef
5,67.15096609336081,HIGH,0.9222797927461139,0.33894992207333785,6,0xc9db6c957b2ba169608907443f3991b8d01b2ad3,0x3488f31e6449f9803f99a8b5dd232c7ad883637f1c86e6953305a2ef19c77f20,"US strikes Iran by February 28, 2026?",2026-02-27T22:54:11+00:00,2026-02-28T09:31:17+00:00,10.6183,Yes,Yes,0.2099998677,4.761903,0.9999990000002332,3.761903999999767,True,True,False,0xc834f31ca3a3fa1a2ce9dee02812f630f9c9d32f1e4e06d5918d5e1d46919bfe
5,67.15096609336081,HIGH,0.9222797927461139,0.33894992207333785,6,0xc9db6c957b2ba169608907443f3991b8d01b2ad3,0x3488f31e6449f9803f99a8b5dd232c7ad883637f1c86e6953305a2ef19c77f20,"US strikes Iran by February 28, 2026?",2026-02-27T22:54:11+00:00,2026-02-28T09:31:17+00:00,10.6183,Yes,Yes,0.2099998677,4.761903,0.9999990000002332,3.761903999999767,True,True,False,0x6c731189b5ed04fcac070fe2906ad6bbdf43d0ba904c159258d44daa725c528d
5,67.15096609336081,HIGH,0.9222797927461139,0.33894992207333785,6,0xc9db6c957b2ba169608907443f3991b8d01b2ad3,0x3488f31e6449f9803f99a8b5dd232c7ad883637f1c86e6953305a2ef19c77f20,"US strikes Iran by February 28, 2026?",2026-02-27T22:54:11+00:00,2026-02-28T09:31:17+00:00,10.6183,Yes,Yes,0.2099998677,4.761903,0.9999990000002332,3.761903999999767,True,True,False,0xf4a4e119b3b3b2ce5b8cdf3fd9f5da2f9b1b9b0df4a147b17f8a0ccde3fb0eab
5,67.15096609336081,HIGH,0.9222797927461139,0.33894992207333785,6,0xc9db6c957b2ba169608907443f3991b8d01b2ad3,0x3488f31e6449f9803f99a8b5dd232c7ad883637f1c86e6953305a2ef19c77f20,"US strikes Iran by February 28, 2026?",2026-02-27T22:54:09+00:00,2026-02-28T09:31:17+00:00,10.6189,Yes,Yes,0.2099998677,4.761903,0.9999990000002332,3.761903999999767,True,True,False,0xd990cbb2b72aff91bacf0d7a85597b47d35331724bcb537c7bd91b4ae03881ac
5,67.15096609336081,HIGH,0.9222797927461139,0.33894992207333785,6,0xc9db6c957b2ba169608907443f3991b8d01b2ad3,0x3488f31e6449f9803f99a8b5dd232c7ad883637f1c86e6953305a2ef19c77f20,"US strikes Iran by February 28, 2026?",2026-02-27T22:54:09+00:00,2026-02-28T09:31:17+00:00,10.6189,Yes,Yes,0.2099998677,4.761903,0.9999990000002332,3.761903999999767,True,True,False,0x2b252437c9292040ce0008ffe6740f614c527fcad1b83e485a58f2a0c7f8cf09
5,67.15096609336081,HIGH,0.9222797927461139,0.33894992207333785,6,0xc9db6c957b2ba169608907443f3991b8d01b2ad3,0x3488f31e6449f9803f99a8b5dd232c7ad883637f1c86e6953305a2ef19c77f20,"US strikes Iran by February 28, 2026?",2026-02-27T22:54:09+00:00,2026-02-28T09:31:17+00:00,10.6189,Yes,Yes,0.2099998677,4.761903,0.9999990000002332,3.761903999999767,True,True,False,0x3532687f8500d5fcb571978d1c541ac1c653444d2a23597f732dc320f573cdfa
5,67.15096609336081,HIGH,0.9222797927461139,0.33894992207333785,6,0xc9db6c957b2ba169608907443f3991b8d01b2ad3,0x3488f31e6449f9803f99a8b5dd232c7ad883637f1c86e6953305a2ef19c77f20,"US strikes Iran by February 28, 2026?",2026-02-27T22:54:09+00:00,2026-02-28T09:31:17+00:00,10.6189,Yes,Yes,0.2099998677,4.761903,0.9999990000002332,3.761903999999767,True,True,False,0x7bad408a5c3742e7d7eaac2a445380fdddf779c74cce4d2f2b74d83ff6a7d9e6
5,67.15096609336081,HIGH,0.9222797927461139,0.33894992207333785,6,0xc9db6c957b2ba169608907443f3991b8d01b2ad3,0xd4bbf7f6707c67beb736135ad32a41f6db41f8ae52d3ac4919650de9eeb94ed8,Khamenei out as Supreme Leader of Iran by February 28?,2026-02-28T18:10:25+00:00,2026-03-04T01:05:25+00:00,78.9167,Yes,Yes,0.4719997659,2.118643,0.9999990000256737,1.1186439999743265,False,False,False,0x601f77a2c1b3f0fd9a9e6391fb1b283c8cefeeba83bdbbdc3f603cc3a32d6605
5,67.15096609336081,HIGH,0.9222797927461139,0.33894992207333785,6,0xc9db6c957b2ba169608907443f3991b8d01b2ad3,0xd4bbf7f6707c67beb736135ad32a41f6db41f8ae52d3ac4919650de9eeb94ed8,Khamenei out as Supreme Leader of Iran by February 28?,2026-02-28T18:10:29+00:00,2026-03-04T01:05:25+00:00,78.9156,Yes,Yes,0.4849999078,2.061854,0.9999989998970612,1.0618550001029388,False,False,False,0x409ebf765b1a4ce9aefa4675180ab4ead29f8b644206aff44023f162ba596101
5,67.15096609336081,HIGH,0.9222797927461139,0.33894992207333785,6,0xc9db6c957b2ba169608907443f3991b8d01b2ad3,0xd4bbf7f6707c67beb736135ad32a41f6db41f8ae52d3ac4919650de9eeb94ed8,Khamenei out as Supreme Leader of Iran by February 28?,2026-02-28T18:10:35+00:00,2026-03-04T01:05:25+00:00,78.9139,Yes,Yes,0.4979997819,2.008031,0.9999990000484389,1.0080319999515612,False,False,False,0x7b7532265f20a7359c5baad38ff928ac0b7f880b3589640d9898a15e00a860f4
5,67.15096609336081,HIGH,0.9222797927461139,0.33894992207333785,6,0xc9db6c957b2ba169608907443f3991b8d01b2ad3,0xd4bbf7f6707c67beb736135ad32a41f6db41f8ae52d3ac4919650de9eeb94ed8,Khamenei out as Supreme Leader of Iran by February 28?,2026-02-28T18:10:33+00:00,2026-03-04T01:05:25+00:00,78.9144,Yes,Yes,0.499000004,2.004008,1.0000000000160318,1.004007999983968,False,False,False,0x7f7eef9a06bb01177f0391fe05104b3a672b559ba302af204b4644ab6bb95372
6,64.80190100388445,HIGH,0.8556701030927835,0.2723402324200074,6,0xdde1a0257ddcc19522df5128049ce5619944f1d7,0x3488f31e6449f9803f99a8b5dd232c7ad883637f1c86e6953305a2ef19c77f20,"US strikes Iran by February 28, 2026?",2026-02-27T10:00:37+00:00,2026-02-28T09:31:17+00:00,23.5111,Yes,Yes,0.08,1314.24,105.1392,1209.1008000000002,True,True,False,0x02fbb55784c1d2b7b7b3177a30b7571cfedd04045376a34430ace3668a5d94ec
6,64.80190100388445,HIGH,0.8556701030927835,0.2723402324200074,6,0xdde1a0257ddcc19522df5128049ce5619944f1d7,0xd4bbf7f6707c67beb736135ad32a41f6db41f8ae52d3ac4919650de9eeb94ed8,Khamenei out as Supreme Leader of Iran by February 28?,2026-02-28T13:07:57+00:00,2026-03-04T01:05:25+00:00,83.9578,Yes,Yes,0.059,1121.84,66.18856,1055.65144,True,False,False,0xd2a3a5aec344596a277b3ab323e7889f1988c8300433855edd2beb735120c814
6,64.80190100388445,HIGH,0.8556701030927835,0.2723402324200074,6,0xdde1a0257ddcc19522df5128049ce5619944f1d7,0xd4bbf7f6707c67beb736135ad32a41f6db41f8ae52d3ac4919650de9eeb94ed8,Khamenei out as Supreme Leader of Iran by February 28?,2026-02-28T10:28:55+00:00,2026-03-04T01:05:25+00:00,86.6083,Yes,Yes,0.14971818,500.0,74.85909000000001,425.14090999999996,True,False,False,0xefba339c58292534f9bc4e45cbbe2242dc1c3cbe9049157bcd7520368449651a
6,64.80190100388445,HIGH,0.8556701030927835,0.2723402324200074,6,0xdde1a0257ddcc19522df5128049ce5619944f1d7,0xd4bbf7f6707c67beb736135ad32a41f6db41f8ae52d3ac4919650de9eeb94ed8,Khamenei out as Supreme Leader of Iran by February 28?,2026-02-28T10:25:15+00:00,2026-03-04T01:05:25+00:00,86.6694,Yes,Yes,0.18,350.0,63.0,287.0,True,False,False,0x46a3fe483f95e02b593a5a582d76468fbc973ae1429e0c13daebbed06babe1f4
6,64.80190100388445,HIGH,0.8556701030927835,0.2723402324200074,6,0xdde1a0257ddcc19522df5128049ce5619944f1d7,0x3488f31e6449f9803f99a8b5dd232c7ad883637f1c86e6953305a2ef19c77f20,"US strikes Iran by February 28, 2026?",2026-02-27T09:34:53+00:00,2026-02-28T09:31:17+00:00,23.94,Yes,Yes,0.07,265.95,18.616500000000002,247.3335,True,True,False,0xd2a322af3e7f2f6dab436baab4aec279b765c5cdca982248802c14275966ef3f
6,64.80190100388445,HIGH,0.8556701030927835,0.2723402324200074,6,0xdde1a0257ddcc19522df5128049ce5619944f1d7,0x3488f31e6449f9803f99a8b5dd232c7ad883637f1c86e6953305a2ef19c77f20,"US strikes Iran by February 28, 2026?",2026-02-27T09:34:21+00:00,2026-02-28T09:31:17+00:00,23.9489,Yes,Yes,0.07,249.99,17.4993,232.4907,True,True,False,0x1e826a2fdcc68b5618e33d57634b63b0b1c1aa34b2ea91a5f6ece2d8d38242db
6,64.80190100388445,HIGH,0.8556701030927835,0.2723402324200074,6,0xdde1a0257ddcc19522df5128049ce5619944f1d7,0x3488f31e6449f9803f99a8b5dd232c7ad883637f1c86e6953305a2ef19c77f20,"US strikes Iran by February 28, 2026?",2026-02-27T20:14:19+00:00,2026-02-28T09:31:17+00:00,13.2828,Yes,Yes,0.17,270.88,46.049600000000005,224.8304,True,True,False,0x987aa8930e16a12688a54fd86bf510abdf6fbc153d3e90a37604faebbe3b2996
6,64.80190100388445,HIGH,0.8556701030927835,0.2723402324200074,6,0xdde1a0257ddcc19522df5128049ce5619944f1d7,0x3488f31e6449f9803f99a8b5dd232c7ad883637f1c86e6953305a2ef19c77f20,"US strikes Iran by February 28, 2026?",2026-02-27T09:39:51+00:00,2026-02-28T09:31:17+00:00,23.8572,Yes,Yes,0.07,201.25,14.087500000000002,187.1625,True,True,False,0x98e10fd60a7bebd1ff47d1318eca3a19d8112d6bc17813b4956d287f7946d517
6,64.80190100388445,HIGH,0.8556701030927835,0.2723402324200074,6,0xdde1a0257ddcc19522df5128049ce5619944f1d7,0x3488f31e6449f9803f99a8b5dd232c7ad883637f1c86e6953305a2ef19c77f20,"US strikes Iran by February 28, 2026?",2026-02-27T20:20:19+00:00,2026-02-28T09:31:17+00:00,13.1828,Yes,Yes,0.17,198.05,33.6685,164.3815,True,True,False,0xb9b6cfff10682b72a4bf1797b325682344869363848d6ee6aa367976b2a0fcfa
6,64.80190100388445,HIGH,0.8556701030927835,0.2723402324200074,6,0xdde1a0257ddcc19522df5128049ce5619944f1d7,0x3488f31e6449f9803f99a8b5dd232c7ad883637f1c86e6953305a2ef19c77f20,"US strikes Iran by February 28, 2026?",2026-02-27T09:31:53+00:00,2026-02-28T09:31:17+00:00,23.99,Yes,Yes,0.07,164.33,11.503100000000002,152.8269,True,True,False,0x2d9588f94ca2e14a49ec83e1f30f390a345be17319729882e9012786d8b99f0f
6,64.80190100388445,HIGH,0.8556701030927835,0.2723402324200074,6,0xdde1a0257ddcc19522df5128049ce5619944f1d7,0x3488f31e6449f9803f99a8b5dd232c7ad883637f1c86e6953305a2ef19c77f20,"US strikes Iran by February 28, 2026?",2026-02-27T20:02:41+00:00,2026-02-28T09:31:17+00:00,13.4767,Yes,Yes,0.17,132.95,22.601499999999998,110.34849999999999,True,True,False,0x2f6fc4722544ef7311bca9411ff059e3322f002696da04ad36fde5c38a051f2f
6,64.80190100388445,HIGH,0.8556701030927835,0.2723402324200074,6,0xdde1a0257ddcc19522df5128049ce5619944f1d7,0x3488f31e6449f9803f99a8b5dd232c7ad883637f1c86e6953305a2ef19c77f20,"US strikes Iran by February 28, 2026?",2026-02-27T20:21:41+00:00,2026-02-28T09:31:17+00:00,13.16,Yes,Yes,0.17,75.0,12.750000000000002,62.25,True,True,False,0x08f02fcfce636f301f639957cb708172e44847cc0dbf9bc4db007114082ebe0f
6,64.80190100388445,HIGH,0.8556701030927835,0.2723402324200074,6,0xdde1a0257ddcc19522df5128049ce5619944f1d7,0x3488f31e6449f9803f99a8b5dd232c7ad883637f1c86e6953305a2ef19c77f20,"US strikes Iran by February 28, 2026?",2026-02-27T20:22:19+00:00,2026-02-28T09:31:17+00:00,13.1494,Yes,Yes,0.17,62.5,10.625,51.875,True,True,False,0xb072183a1c03702e202fe0c3e7f00dbf40b74d7062b8cee0ef906ce5b0f03234
6,64.80190100388445,HIGH,0.8556701030927835,0.2723402324200074,6,0xdde1a0257ddcc19522df5128049ce5619944f1d7,0x3488f31e6449f9803f99a8b5dd232c7ad883637f1c86e6953305a2ef19c77f20,"US strikes Iran by February 28, 2026?",2026-02-27T20:24:41+00:00,2026-02-28T09:31:17+00:00,13.11,Yes,Yes,0.17,59.86,10.176200000000001,49.6838,True,True,False,0x43ab96d39a6407e3060438b15f2c4d7984f787a11d1641a39179be533316eab5
6,64.80190100388445,HIGH,0.8556701030927835,0.2723402324200074,6,0xdde1a0257ddcc19522df5128049ce5619944f1d7,0x3488f31e6449f9803f99a8b5dd232c7ad883637f1c86e6953305a2ef19c77f20,"US strikes Iran by February 28, 2026?",2026-02-27T20:25:59+00:00,2026-02-28T09:31:17+00:00,13.0883,Yes,Yes,0.17,56.27,9.565900000000001,46.7041,True,True,False,0x2b5ac234419ae4f9b1484a31e984c33b6213fad35231f132ecee3af65f4eaf7d
6,64.80190100388445,HIGH,0.8556701030927835,0.2723402324200074,6,0xdde1a0257ddcc19522df5128049ce5619944f1d7,0xd4bbf7f6707c67beb736135ad32a41f6db41f8ae52d3ac4919650de9eeb94ed8,Khamenei out as Supreme Leader of Iran by February 28?,2026-02-28T10:25:33+00:00,2026-03-04T01:05:25+00:00,86.6644,Yes,Yes,0.179,55.21,9.88259,45.32741,True,False,False,0xced949329619c6efbdf3a5f77934aa2533834af1328500a71c9d41a5d3585980
6,64.80190100388445,HIGH,0.8556701030927835,0.2723402324200074,6,0xdde1a0257ddcc19522df5128049ce5619944f1d7,0x3488f31e6449f9803f99a8b5dd232c7ad883637f1c86e6953305a2ef19c77f20,"US strikes Iran by February 28, 2026?",2026-02-27T20:17:41+00:00,2026-02-28T09:31:17+00:00,13.2267,Yes,Yes,0.17,48.86,8.3062,40.553799999999995,True,True,False,0x61af6f485f266dfd07dadf13333721d72dc7503141b281b1843f828fbdd4dd9b
6,64.80190100388445,HIGH,0.8556701030927835,0.2723402324200074,6,0xdde1a0257ddcc19522df5128049ce5619944f1d7,0x3488f31e6449f9803f99a8b5dd232c7ad883637f1c86e6953305a2ef19c77f20,"US strikes Iran by February 28, 2026?",2026-02-27T20:33:01+00:00,2026-02-28T09:31:17+00:00,12.9711,Yes,Yes,0.17,35.0,5.95,29.049999999999997,True,True,False,0xa890ce3a64a77fa4ae2ac580bb21b6e84ab5c77a1a7798d84515d9afa8c118bc
7,64.30952380952381,HIGH,0.8833333333333333,0.3000034626605572,7,0x8f42ae0a01c0383c7ca8bd060b86a645ee74b88f,0xd4bbf7f6707c67beb736135ad32a41f6db41f8ae52d3ac4919650de9eeb94ed8,Khamenei out as Supreme Leader of Iran by February 28?,2026-02-28T13:22:01+00:00,2026-03-04T01:05:25+00:00,83.7233,Yes,Yes,0.0803419146,39534.75,3176.2975082323496,36358.45249176765,True,False,False,0x12c4ccd9f226bdf7d558c0f58af346397435a633bd0686c72387bef46eadab1b
7,64.30952380952381,HIGH,0.8833333333333333,0.3000034626605572,7,0x8f42ae0a01c0383c7ca8bd060b86a645ee74b88f,0x3488f31e6449f9803f99a8b5dd232c7ad883637f1c86e6953305a2ef19c77f20,"US strikes Iran by February 28, 2026?",2026-02-27T17:39:49+00:00,2026-02-28T09:31:17+00:00,15.8578,Yes,Yes,0.1548446462,26000.0,4025.9608012,21974.0391988,True,True,False,0x51a4db3afdbac0d4edb0154c327f83bb135963529671d4099515864a7dffed78
7,64.30952380952381,HIGH,0.8833333333333333,0.3000034626605572,7,0x8f42ae0a01c0383c7ca8bd060b86a645ee74b88f,0x3488f31e6449f9803f99a8b5dd232c7ad883637f1c86e6953305a2ef19c77f20,"US strikes Iran by February 28, 2026?",2026-02-25T06:29:50+00:00,2026-02-28T09:31:17+00:00,75.0242,Yes,Yes,0.11,21399.39,2353.9329,19045.4571,True,False,False,0x8064ccb5e39dd72d3a95d4a7e15bb25fa2aedabb9f1ef7c7e4cbeaa15f04d421
7,64.30952380952381,HIGH,0.8833333333333333,0.3000034626605572,7,0x8f42ae0a01c0383c7ca8bd060b86a645ee74b88f,0xd4bbf7f6707c67beb736135ad32a41f6db41f8ae52d3ac4919650de9eeb94ed8,Khamenei out as Supreme Leader of Iran by February 28?,2026-02-28T09:43:49+00:00,2026-03-04T01:05:25+00:00,87.36,Yes,Yes,0.071257925,20000.0,1425.1585,18574.8415,True,False,False,0xbd8fbf6fbc5a5ebc49e4c019eeb440df9280fdef1b288b9270fb426369654d1a
7,64.30952380952381,HIGH,0.8833333333333333,0.3000034626605572,7,0x8f42ae0a01c0383c7ca8bd060b86a645ee74b88f,0xd4bbf7f6707c67beb736135ad32a41f6db41f8ae52d3ac4919650de9eeb94ed8,Khamenei out as Supreme Leader of Iran by February 28?,2026-02-28T09:53:53+00:00,2026-03-04T01:05:25+00:00,87.1922,Yes,Yes,0.1542025682,19267.78,2971.141159512596,16296.638840487403,True,False,False,0xecd3b2491b9062e264196eb10fa7f5a07fbd3e65675cba0fb6a6c7677a2d3fa2
7,64.30952380952381,HIGH,0.8833333333333333,0.3000034626605572,7,0x8f42ae0a01c0383c7ca8bd060b86a645ee74b88f,0x4c5701bcde0b8fb7d7f48c8e9d20245a6caa58c61a77f981fad98f2bfa0b1bc7,US x Iran ceasefire by April 7?,2026-04-06T18:11:15+00:00,2026-04-11T00:28:39+00:00,102.29,Yes,Yes,0.023,16100.62,370.31426,15730.30574,True,False,False,0xdd18eb30a3d16aaf4fefbbe7f9312d788f129820d70065d3cd1f87090e0ab845
7,64.30952380952381,HIGH,0.8833333333333333,0.3000034626605572,7,0x8f42ae0a01c0383c7ca8bd060b86a645ee74b88f,0xd4bbf7f6707c67beb736135ad32a41f6db41f8ae52d3ac4919650de9eeb94ed8,Khamenei out as Supreme Leader of Iran by February 28?,2026-02-28T18:07:59+00:00,2026-03-04T01:05:25+00:00,78.9572,Yes,Yes,0.3472992855,19352.19,6721.001759860244,12631.188240139754,False,False,False,0x06b4798f1720445103e0b97994842152aa97b9c7a810a60ba0e98546d20cf048
7,64.30952380952381,HIGH,0.8833333333333333,0.3000034626605572,7,0x8f42ae0a01c0383c7ca8bd060b86a645ee74b88f,0x3488f31e6449f9803f99a8b5dd232c7ad883637f1c86e6953305a2ef19c77f20,"US strikes Iran by February 28, 2026?",2026-02-03T17:07:52+00:00,2026-02-28T09:31:17+00:00,592.3903,Yes,Yes,0.22,10133.9,2229.458,7904.442,True,False,False,0x8bd81fd7b2a053f6bcaa6ce28661ef8ec284b7518069cfbf8fb5ec6439a24d74
7,64.30952380952381,HIGH,0.8833333333333333,0.3000034626605572,7,0x8f42ae0a01c0383c7ca8bd060b86a645ee74b88f,0xd4bbf7f6707c67beb736135ad32a41f6db41f8ae52d3ac4919650de9eeb94ed8,Khamenei out as Supreme Leader of Iran by February 28?,2026-02-28T13:33:01+00:00,2026-03-04T01:05:25+00:00,83.54,Yes,Yes,0.240451965,8317.669597,1999.9999988194081,6317.669598180592,True,False,False,0xd17df1de783a965f161d9e22c73cfed204e42f18778f28b55162048f53107e29
7,64.30952380952381,HIGH,0.8833333333333333,0.3000034626605572,7,0x8f42ae0a01c0383c7ca8bd060b86a645ee74b88f,0xd4bbf7f6707c67beb736135ad32a41f6db41f8ae52d3ac4919650de9eeb94ed8,Khamenei out as Supreme Leader of Iran by February 28?,2026-02-28T10:00:59+00:00,2026-03-04T01:05:25+00:00,87.0739,Yes,Yes,0.1587273477,6010.88,954.091039742976,5056.788960257024,True,False,False,0x07edb7a9d7fa6c48417accc59ab09f291eb7457ede504e48ee6268d9cb2ee716
7,64.30952380952381,HIGH,0.8833333333333333,0.3000034626605572,7,0x8f42ae0a01c0383c7ca8bd060b86a645ee74b88f,0xd4bbf7f6707c67beb736135ad32a41f6db41f8ae52d3ac4919650de9eeb94ed8,Khamenei out as Supreme Leader of Iran by February 28?,2026-02-28T13:33:11+00:00,2026-03-04T01:05:25+00:00,83.5372,Yes,Yes,0.2485545876,5032.37,1250.818650000612,3781.551349999388,True,False,False,0xe591212b7aadacf0fbeecc155b6ed0e12d1d1091cc5c3dffcd1ae04f38650586
7,64.30952380952381,HIGH,0.8833333333333333,0.3000034626605572,7,0x8f42ae0a01c0383c7ca8bd060b86a645ee74b88f,0xd4bbf7f6707c67beb736135ad32a41f6db41f8ae52d3ac4919650de9eeb94ed8,Khamenei out as Supreme Leader of Iran by February 28?,2026-02-28T09:53:59+00:00,2026-03-04T01:05:25+00:00,87.1906,Yes,Yes,0.1611256622,4441.83,715.692800129826,3726.137199870174,True,False,False,0x3c251d4abfd12213c16a3e685875b390fc963a050a8f77033111f31d9fcf1ced
7,64.30952380952381,HIGH,0.8833333333333333,0.3000034626605572,7,0x8f42ae0a01c0383c7ca8bd060b86a645ee74b88f,0xd4bbf7f6707c67beb736135ad32a41f6db41f8ae52d3ac4919650de9eeb94ed8,Khamenei out as Supreme Leader of Iran by February 28?,2026-02-28T18:49:55+00:00,2026-03-04T01:05:25+00:00,78.2583,Yes,Yes,0.47,4000.0,1880.0,2120.0,False,False,False,0x2c4263435c5bebc69c0ce2f8336dd3b0a58a1f714e17e61a92d3beff91a8d922
8,63.69839421331608,HIGH,0.8992805755395683,0.3159507048667922,4,0xb22326c1770aa89dfb2b372137e570a360433772,0x4c5701bcde0b8fb7d7f48c8e9d20245a6caa58c61a77f981fad98f2bfa0b1bc7,US x Iran ceasefire by April 7?,2026-04-07T20:05:13+00:00,2026-04-11T00:28:39+00:00,76.3906,Yes,Yes,0.1099999521,18.181817,1.9999989990909657,16.181818000909033,True,False,False,0x047a64b5d47969d9028761bb3faa4fbd424ecd31669997cdced995a997f6b866
8,63.69839421331608,HIGH,0.8992805755395683,0.3159507048667922,4,0xb22326c1770aa89dfb2b372137e570a360433772,0x4c5701bcde0b8fb7d7f48c8e9d20245a6caa58c61a77f981fad98f2bfa0b1bc7,US x Iran ceasefire by April 7?,2026-04-07T20:05:11+00:00,2026-04-11T00:28:39+00:00,76.3911,Yes,Yes,0.1099999521,18.181817,1.9999989990909657,16.181818000909033,True,False,False,0x5523de26e31b705f8b6545f43c4d594b600064b1b716a00320f2d983136e6a0e
8,63.69839421331608,HIGH,0.8992805755395683,0.3159507048667922,4,0xb22326c1770aa89dfb2b372137e570a360433772,0x4c5701bcde0b8fb7d7f48c8e9d20245a6caa58c61a77f981fad98f2bfa0b1bc7,US x Iran ceasefire by April 7?,2026-04-07T19:53:25+00:00,2026-04-11T00:28:39+00:00,76.5872,Yes,Yes,0.1399999426,14.285713,1.9999990000000738,12.285713999999926,True,False,False,0x04634020aa5177f865abf3f288539ffa1c5edd4ae9278d7d78d060d67173a5f5
8,63.69839421331608,HIGH,0.8992805755395683,0.3159507048667922,4,0xb22326c1770aa89dfb2b372137e570a360433772,0x4c5701bcde0b8fb7d7f48c8e9d20245a6caa58c61a77f981fad98f2bfa0b1bc7,US x Iran ceasefire by April 7?,2026-04-07T19:53:17+00:00,2026-04-11T00:28:39+00:00,76.5894,Yes,Yes,0.1399999426,14.285713,1.9999990000000738,12.285713999999926,True,False,False,0xf1217fdddb064bcf7c8d7f91f5c581e46ae69ed70f5ba47b1992ec37207e9b24
8,63.69839421331608,HIGH,0.8992805755395683,0.3159507048667922,4,0xb22326c1770aa89dfb2b372137e570a360433772,0x4c5701bcde0b8fb7d7f48c8e9d20245a6caa58c61a77f981fad98f2bfa0b1bc7,US x Iran ceasefire by April 7?,2026-04-07T19:53:15+00:00,2026-04-11T00:28:39+00:00,76.59,Yes,Yes,0.1399999426,14.285713,1.9999990000000738,12.285713999999926,True,False,False,0xd597e602b1a30d8e96917e8cb17879aa64d79302eec0ac0d4831b8cfa28eacab
8,63.69839421331608,HIGH,0.8992805755395683,0.3159507048667922,4,0xb22326c1770aa89dfb2b372137e570a360433772,0x4c5701bcde0b8fb7d7f48c8e9d20245a6caa58c61a77f981fad98f2bfa0b1bc7,US x Iran ceasefire by April 7?,2026-04-07T19:53:11+00:00,2026-04-11T00:28:39+00:00,76.5911,Yes,Yes,0.1399999426,14.285713,1.9999990000000738,12.285713999999926,True,False,False,0xc254ba08efbcb72215144bfa48c8aade1da0f5f90fd074658a1a9fb29f6ad609
8,63.69839421331608,HIGH,0.8992805755395683,0.3159507048667922,4,0xb22326c1770aa89dfb2b372137e570a360433772,0x4c5701bcde0b8fb7d7f48c8e9d20245a6caa58c61a77f981fad98f2bfa0b1bc7,US x Iran ceasefire by April 7?,2026-04-07T19:53:11+00:00,2026-04-11T00:28:39+00:00,76.5911,Yes,Yes,0.1399999426,14.285713,1.9999990000000738,12.285713999999926,True,False,False,0x972c5ff18b2315ca1e5cc48dd65806169edf9272ef2b4a156cfbb9d6e65079ac
8,63.69839421331608,HIGH,0.8992805755395683,0.3159507048667922,4,0xb22326c1770aa89dfb2b372137e570a360433772,0x4c5701bcde0b8fb7d7f48c8e9d20245a6caa58c61a77f981fad98f2bfa0b1bc7,US x Iran ceasefire by April 7?,2026-04-07T19:53:11+00:00,2026-04-11T00:28:39+00:00,76.5911,Yes,Yes,0.1399999426,14.285713,1.9999990000000738,12.285713999999926,True,False,False,0x759753c39a80e33b2e982b736ca1585d2f1a5eab7cfa695e193e04fc2181f0ba
8,63.69839421331608,HIGH,0.8992805755395683,0.3159507048667922,4,0xb22326c1770aa89dfb2b372137e570a360433772,0x4c5701bcde0b8fb7d7f48c8e9d20245a6caa58c61a77f981fad98f2bfa0b1bc7,US x Iran ceasefire by April 7?,2026-04-07T19:53:11+00:00,2026-04-11T00:28:39+00:00,76.5911,Yes,Yes,0.1399999426,14.285713,1.9999990000000738,12.285713999999926,True,False,False,0xc368541d68440bfec3cc465e6e2c47b9f2dd0972ca55cf041612301a28957218
8,63.69839421331608,HIGH,0.8992805755395683,0.3159507048667922,4,0xb22326c1770aa89dfb2b372137e570a360433772,0x4c5701bcde0b8fb7d7f48c8e9d20245a6caa58c61a77f981fad98f2bfa0b1bc7,US x Iran ceasefire by April 7?,2026-04-07T19:51:17+00:00,2026-04-11T00:28:39+00:00,76.6228,Yes,Yes,0.1399999426,14.285713,1.9999990000000738,12.285713999999926,True,False,False,0x32cd71a076c1a64492be1cc08eba33115a55f1f0919b9d7b0d16d95672830513
8,63.69839421331608,HIGH,0.8992805755395683,0.3159507048667922,4,0xb22326c1770aa89dfb2b372137e570a360433772,0x3488f31e6449f9803f99a8b5dd232c7ad883637f1c86e6953305a2ef19c77f20,"US strikes Iran by February 28, 2026?",2026-02-27T18:21:15+00:00,2026-02-28T09:31:17+00:00,15.1672,Yes,Yes,0.14999994,13.333332,1.99999900000008,11.33333299999992,True,True,False,0xf75293cad3a2ae168a156fc9d119ee990b8f4ffcff1a16a350ae38d2ffb76ded
8,63.69839421331608,HIGH,0.8992805755395683,0.3159507048667922,4,0xb22326c1770aa89dfb2b372137e570a360433772,0x3488f31e6449f9803f99a8b5dd232c7ad883637f1c86e6953305a2ef19c77f20,"US strikes Iran by February 28, 2026?",2026-02-27T18:21:15+00:00,2026-02-28T09:31:17+00:00,15.1672,Yes,Yes,0.14999994,13.333332,1.99999900000008,11.33333299999992,True,True,False,0xd566671f1965249e17894823b0d5aa974087b1a780750c2ddc8d4b2ef0096e5e
8,63.69839421331608,HIGH,0.8992805755395683,0.3159507048667922,4,0xb22326c1770aa89dfb2b372137e570a360433772,0x3488f31e6449f9803f99a8b5dd232c7ad883637f1c86e6953305a2ef19c77f20,"US strikes Iran by February 28, 2026?",2026-02-24T18:01:38+00:00,2026-02-28T09:31:17+00:00,87.4942,Yes,Yes,0.14999994,13.333332,1.99999900000008,11.33333299999992,True,False,False,0x83b41e988536f312c2bd593f24843ed5769d73c52a07d0f758e004e1a42c2a60
8,63.69839421331608,HIGH,0.8992805755395683,0.3159507048667922,4,0xb22326c1770aa89dfb2b372137e570a360433772,0x4c5701bcde0b8fb7d7f48c8e9d20245a6caa58c61a77f981fad98f2bfa0b1bc7,US x Iran ceasefire by April 7?,2026-04-07T21:25:09+00:00,2026-04-11T00:28:39+00:00,75.0583,Yes,Yes,0.1789999322,11.173183,1.9999989994581924,9.173184000541807,True,False,False,0x281a7ee74bcf363753125d9cd237499aedc8ec68847c04705a7cc3eaed1ea2e1
8,63.69839421331608,HIGH,0.8992805755395683,0.3159507048667922,4,0xb22326c1770aa89dfb2b372137e570a360433772,0x4c5701bcde0b8fb7d7f48c8e9d20245a6caa58c61a77f981fad98f2bfa0b1bc7,US x Iran ceasefire by April 7?,2026-04-07T21:25:39+00:00,2026-04-11T00:28:39+00:00,75.05,Yes,Yes,0.179999928,11.11111,1.99999900000008,9.111110999999921,True,False,False,0x439e80ab73e899517fc26fa013f010ee3474713aebc4e112c2bfaa095a7d8a03
8,63.69839421331608,HIGH,0.8992805755395683,0.3159507048667922,4,0xb22326c1770aa89dfb2b372137e570a360433772,0x4c5701bcde0b8fb7d7f48c8e9d20245a6caa58c61a77f981fad98f2bfa0b1bc7,US x Iran ceasefire by April 7?,2026-04-07T21:25:35+00:00,2026-04-11T00:28:39+00:00,75.0511,Yes,Yes,0.179999928,11.11111,1.99999900000008,9.111110999999921,True,False,False,0x9ce531791cdbcaf2db155ca94b6e5c72895173de68caa3c6cd465bc489adc227
8,63.69839421331608,HIGH,0.8992805755395683,0.3159507048667922,4,0xb22326c1770aa89dfb2b372137e570a360433772,0x4c5701bcde0b8fb7d7f48c8e9d20245a6caa58c61a77f981fad98f2bfa0b1bc7,US x Iran ceasefire by April 7?,2026-04-07T21:25:33+00:00,2026-04-11T00:28:39+00:00,75.0517,Yes,Yes,0.179999928,11.11111,1.99999900000008,9.111110999999921,True,False,False,0x6320760eb3ea8927a06474de2555e6d283283bf818b9f11cc180f7038b589fca
8,63.69839421331608,HIGH,0.8992805755395683,0.3159507048667922,4,0xb22326c1770aa89dfb2b372137e570a360433772,0x4c5701bcde0b8fb7d7f48c8e9d20245a6caa58c61a77f981fad98f2bfa0b1bc7,US x Iran ceasefire by April 7?,2026-04-07T21:25:33+00:00,2026-04-11T00:28:39+00:00,75.0517,Yes,Yes,0.179999928,11.11111,1.99999900000008,9.111110999999921,True,False,False,0xcd1f402c5c92a8020134e3e3a78e73ead3a3f12eb14c40935925d9c55ce1feb1
8,63.69839421331608,HIGH,0.8992805755395683,0.3159507048667922,4,0xb22326c1770aa89dfb2b372137e570a360433772,0x4c5701bcde0b8fb7d7f48c8e9d20245a6caa58c61a77f981fad98f2bfa0b1bc7,US x Iran ceasefire by April 7?,2026-04-07T21:25:31+00:00,2026-04-11T00:28:39+00:00,75.0522,Yes,Yes,0.179999928,11.11111,1.99999900000008,9.111110999999921,True,False,False,0xf102b98ceabd06097f1838ca86dd3777fac9d95d1725d15fd0793f5fec1efc63
8,63.69839421331608,HIGH,0.8992805755395683,0.3159507048667922,4,0xb22326c1770aa89dfb2b372137e570a360433772,0x4c5701bcde0b8fb7d7f48c8e9d20245a6caa58c61a77f981fad98f2bfa0b1bc7,US x Iran ceasefire by April 7?,2026-04-07T21:25:21+00:00,2026-04-11T00:28:39+00:00,75.055,Yes,Yes,0.179999928,11.11111,1.99999900000008,9.111110999999921,True,False,False,0x6783e00d57f020ef190d95b1e309457483665b2580e59c8f77077c489eb0b138
8,63.69839421331608,HIGH,0.8992805755395683,0.3159507048667922,4,0xb22326c1770aa89dfb2b372137e570a360433772,0x4c5701bcde0b8fb7d7f48c8e9d20245a6caa58c61a77f981fad98f2bfa0b1bc7,US x Iran ceasefire by April 7?,2026-04-07T21:25:09+00:00,2026-04-11T00:28:39+00:00,75.0583,Yes,Yes,0.179999928,11.11111,1.99999900000008,9.111110999999921,True,False,False,0xd826f6d54043111f53b4095d653829f3f5da184a594fa6ddd70f88c717e9ceac
8,63.69839421331608,HIGH,0.8992805755395683,0.3159507048667922,4,0xb22326c1770aa89dfb2b372137e570a360433772,0x3488f31e6449f9803f99a8b5dd232c7ad883637f1c86e6953305a2ef19c77f20,"US strikes Iran by February 28, 2026?",2026-02-27T22:43:21+00:00,2026-02-28T09:31:17+00:00,10.7989,Yes,Yes,0.179999928,11.11111,1.99999900000008,9.111110999999921,True,True,False,0x378dd57ad828093f69a8dd9e4ec0a2e65b1a9298afb49b1c0f4b06092d861300
8,63.69839421331608,HIGH,0.8992805755395683,0.3159507048667922,4,0xb22326c1770aa89dfb2b372137e570a360433772,0x3488f31e6449f9803f99a8b5dd232c7ad883637f1c86e6953305a2ef19c77f20,"US strikes Iran by February 28, 2026?",2026-02-27T22:43:21+00:00,2026-02-28T09:31:17+00:00,10.7989,Yes,Yes,0.179999928,11.11111,1.99999900000008,9.111110999999921,True,True,False,0xeb31ff97525e09e818b5ab183b402a9893a155f9402daa95715e9298d5d5cdbf
8,63.69839421331608,HIGH,0.8992805755395683,0.3159507048667922,4,0xb22326c1770aa89dfb2b372137e570a360433772,0x3488f31e6449f9803f99a8b5dd232c7ad883637f1c86e6953305a2ef19c77f20,"US strikes Iran by February 28, 2026?",2026-02-27T22:43:19+00:00,2026-02-28T09:31:17+00:00,10.7994,Yes,Yes,0.179999928,11.11111,1.99999900000008,9.111110999999921,True,True,False,0x51e1cba39ce69b3c73b68f6e67d73ac903a0f825100e60b49b1d1b9bc80e55e7
8,63.69839421331608,HIGH,0.8992805755395683,0.3159507048667922,4,0xb22326c1770aa89dfb2b372137e570a360433772,0x3488f31e6449f9803f99a8b5dd232c7ad883637f1c86e6953305a2ef19c77f20,"US strikes Iran by February 28, 2026?",2026-02-27T22:43:19+00:00,2026-02-28T09:31:17+00:00,10.7994,Yes,Yes,0.179999928,11.11111,1.99999900000008,9.111110999999921,True,True,False,0x9f9672959c28a5961d7a0b78caf4066bceac4fe11b7bd4e82fd9f459e9195c52
8,63.69839421331608,HIGH,0.8992805755395683,0.3159507048667922,4,0xb22326c1770aa89dfb2b372137e570a360433772,0x3488f31e6449f9803f99a8b5dd232c7ad883637f1c86e6953305a2ef19c77f20,"US strikes Iran by February 28, 2026?",2026-02-27T22:43:19+00:00,2026-02-28T09:31:17+00:00,10.7994,Yes,Yes,0.179999928,11.11111,1.99999900000008,9.111110999999921,True,True,False,0xac2a62edf8507adcaf65a926d6255a537f5615db503607473805f9a62918422b
8,63.69839421331608,HIGH,0.8992805755395683,0.3159507048667922,4,0xb22326c1770aa89dfb2b372137e570a360433772,0x3488f31e6449f9803f99a8b5dd232c7ad883637f1c86e6953305a2ef19c77f20,"US strikes Iran by February 28, 2026?",2026-02-27T22:43:19+00:00,2026-02-28T09:31:17+00:00,10.7994,Yes,Yes,0.179999928,11.11111,1.99999900000008,9.111110999999921,True,True,False,0x941f5261b449a542a58e35bc4176fb144517c66db5a1af98d3384779e076bbb0
8,63.69839421331608,HIGH,0.8992805755395683,0.3159507048667922,4,0xb22326c1770aa89dfb2b372137e570a360433772,0x3488f31e6449f9803f99a8b5dd232c7ad883637f1c86e6953305a2ef19c77f20,"US strikes Iran by February 28, 2026?",2026-02-27T22:43:19+00:00,2026-02-28T09:31:17+00:00,10.7994,Yes,Yes,0.179999928,11.11111,1.99999900000008,9.111110999999921,True,True,False,0x73450fee7b9fabd6e26edc5fafc1c95969cb5f1d3784f3d0342687b7f68a727e
8,63.69839421331608,HIGH,0.8992805755395683,0.3159507048667922,4,0xb22326c1770aa89dfb2b372137e570a360433772,0x3488f31e6449f9803f99a8b5dd232c7ad883637f1c86e6953305a2ef19c77f20,"US strikes Iran by February 28, 2026?",2026-02-27T22:43:19+00:00,2026-02-28T09:31:17+00:00,10.7994,Yes,Yes,0.179999928,11.11111,1.99999900000008,9.111110999999921,True,True,False,0xb48b76238b8428c23448ae76c51a0b7bb77b8852dd958f7797678be6709aaf69
8,63.69839421331608,HIGH,0.8992805755395683,0.3159507048667922,4,0xb22326c1770aa89dfb2b372137e570a360433772,0x3488f31e6449f9803f99a8b5dd232c7ad883637f1c86e6953305a2ef19c77f20,"US strikes Iran by February 28, 2026?",2026-02-27T22:43:19+00:00,2026-02-28T09:31:17+00:00,10.7994,Yes,Yes,0.179999928,11.11111,1.99999900000008,9.111110999999921,True,True,False,0x4af8b3d929c5c53d6174a76271f7c7f13c8f9a56cc1d4fedac1f3d4792a2ad08
8,63.69839421331608,HIGH,0.8992805755395683,0.3159507048667922,4,0xb22326c1770aa89dfb2b372137e570a360433772,0x3488f31e6449f9803f99a8b5dd232c7ad883637f1c86e6953305a2ef19c77f20,"US strikes Iran by February 28, 2026?",2026-02-27T22:43:19+00:00,2026-02-28T09:31:17+00:00,10.7994,Yes,Yes,0.179999928,11.11111,1.99999900000008,9.111110999999921,True,True,False,0xa04e008d2bc76df9679a3245a4444ae250843014f37522b85c25aa4920966145
8,63.69839421331608,HIGH,0.8992805755395683,0.3159507048667922,4,0xb22326c1770aa89dfb2b372137e570a360433772,0x3488f31e6449f9803f99a8b5dd232c7ad883637f1c86e6953305a2ef19c77f20,"US strikes Iran by February 28, 2026?",2026-02-27T22:43:17+00:00,2026-02-28T09:31:17+00:00,10.8,Yes,Yes,0.179999928,11.11111,1.99999900000008,9.111110999999921,True,True,False,0x1990cda65823283ed140daa9bb881d434c074aede694b310b5d14e6b0fc3f979
8,63.69839421331608,HIGH,0.8992805755395683,0.3159507048667922,4,0xb22326c1770aa89dfb2b372137e570a360433772,0x3488f31e6449f9803f99a8b5dd232c7ad883637f1c86e6953305a2ef19c77f20,"US strikes Iran by February 28, 2026?",2026-02-27T22:43:17+00:00,2026-02-28T09:31:17+00:00,10.8,Yes,Yes,0.179999928,11.11111,1.99999900000008,9.111110999999921,True,True,False,0xe4d30757a7c3683f21cf80c9c9e520d6afba2c5bc0e4edbd913df4bbb2429bf6
8,63.69839421331608,HIGH,0.8992805755395683,0.3159507048667922,4,0xb22326c1770aa89dfb2b372137e570a360433772,0x3488f31e6449f9803f99a8b5dd232c7ad883637f1c86e6953305a2ef19c77f20,"US strikes Iran by February 28, 2026?",2026-02-27T22:43:17+00:00,2026-02-28T09:31:17+00:00,10.8,Yes,Yes,0.179999928,11.11111,1.99999900000008,9.111110999999921,True,True,False,0x669cb109325def9bc8c1ab25cc3c4d3cc2135252f60b089deede2278c5323ea4
8,63.69839421331608,HIGH,0.8992805755395683,0.3159507048667922,4,0xb22326c1770aa89dfb2b372137e570a360433772,0x3488f31e6449f9803f99a8b5dd232c7ad883637f1c86e6953305a2ef19c77f20,"US strikes Iran by February 28, 2026?",2026-02-27T22:43:17+00:00,2026-02-28T09:31:17+00:00,10.8,Yes,Yes,0.179999928,11.11111,1.99999900000008,9.111110999999921,True,True,False,0x9926e2409b73bff09470cabdf26da8e29456d6dd4a9e12e44c548b52e816c289
8,63.69839421331608,HIGH,0.8992805755395683,0.3159507048667922,4,0xb22326c1770aa89dfb2b372137e570a360433772,0x3488f31e6449f9803f99a8b5dd232c7ad883637f1c86e6953305a2ef19c77f20,"US strikes Iran by February 28, 2026?",2026-02-27T22:43:15+00:00,2026-02-28T09:31:17+00:00,10.8006,Yes,Yes,0.179999928,11.11111,1.99999900000008,9.111110999999921,True,True,False,0x88fbbd47df0237276497e7068328212038038ec4aa73cf284092e3c130606d7f
8,63.69839421331608,HIGH,0.8992805755395683,0.3159507048667922,4,0xb22326c1770aa89dfb2b372137e570a360433772,0x3488f31e6449f9803f99a8b5dd232c7ad883637f1c86e6953305a2ef19c77f20,"US strikes Iran by February 28, 2026?",2026-02-27T22:43:15+00:00,2026-02-28T09:31:17+00:00,10.8006,Yes,Yes,0.179999928,11.11111,1.99999900000008,9.111110999999921,True,True,False,0x979a12ef7636a7c1aff625fb71fd1c6258d74eec38d8609c19af7074617f8718
8,63.69839421331608,HIGH,0.8992805755395683,0.3159507048667922,4,0xb22326c1770aa89dfb2b372137e570a360433772,0x3488f31e6449f9803f99a8b5dd232c7ad883637f1c86e6953305a2ef19c77f20,"US strikes Iran by February 28, 2026?",2026-02-27T22:43:15+00:00,2026-02-28T09:31:17+00:00,10.8006,Yes,Yes,0.179999928,11.11111,1.99999900000008,9.111110999999921,True,True,False,0x5a57bab077260ffc1a40717487a4a8c2bdc385960fe2f24c5525c5b3cf4c3c33
8,63.69839421331608,HIGH,0.8992805755395683,0.3159507048667922,4,0xb22326c1770aa89dfb2b372137e570a360433772,0x3488f31e6449f9803f99a8b5dd232c7ad883637f1c86e6953305a2ef19c77f20,"US strikes Iran by February 28, 2026?",2026-02-27T22:43:15+00:00,2026-02-28T09:31:17+00:00,10.8006,Yes,Yes,0.179999928,11.11111,1.99999900000008,9.111110999999921,True,True,False,0x25cdb46b324a54fe1842e9938c7536f9985b7904153cbf866282e3a2194b038d
8,63.69839421331608,HIGH,0.8992805755395683,0.3159507048667922,4,0xb22326c1770aa89dfb2b372137e570a360433772,0x3488f31e6449f9803f99a8b5dd232c7ad883637f1c86e6953305a2ef19c77f20,"US strikes Iran by February 28, 2026?",2026-02-27T22:43:15+00:00,2026-02-28T09:31:17+00:00,10.8006,Yes,Yes,0.179999928,11.11111,1.99999900000008,9.111110999999921,True,True,False,0xec6cb8072cc2c25799dcff34b746a9ce801d99e9e5d6e95c101cb5fa790f1466
8,63.69839421331608,HIGH,0.8992805755395683,0.3159507048667922,4,0xb22326c1770aa89dfb2b372137e570a360433772,0x3488f31e6449f9803f99a8b5dd232c7ad883637f1c86e6953305a2ef19c77f20,"US strikes Iran by February 28, 2026?",2026-02-27T22:43:13+00:00,2026-02-28T09:31:17+00:00,10.8011,Yes,Yes,0.179999928,11.11111,1.99999900000008,9.111110999999921,True,True,False,0x34f96906e0e7ed1e054b85e813512864faace9b370545524a16145015bd180f0
8,63.69839421331608,HIGH,0.8992805755395683,0.3159507048667922,4,0xb22326c1770aa89dfb2b372137e570a360433772,0x3488f31e6449f9803f99a8b5dd232c7ad883637f1c86e6953305a2ef19c77f20,"US strikes Iran by February 28, 2026?",2026-02-27T22:43:13+00:00,2026-02-28T09:31:17+00:00,10.8011,Yes,Yes,0.179999928,11.11111,1.99999900000008,9.111110999999921,True,True,False,0x66f3e1fec369c181d64945d92aed263d0edc1b1dc0fef3ef3a5d5c7428bfa555
8,63.69839421331608,HIGH,0.8992805755395683,0.3159507048667922,4,0xb22326c1770aa89dfb2b372137e570a360433772,0x3488f31e6449f9803f99a8b5dd232c7ad883637f1c86e6953305a2ef19c77f20,"US strikes Iran by February 28, 2026?",2026-02-27T22:43:13+00:00,2026-02-28T09:31:17+00:00,10.8011,Yes,Yes,0.179999928,11.11111,1.99999900000008,9.111110999999921,True,True,False,0x755e587c8792f78771298280e77b589fc9e6194248d7d19bf332ce67f6a6b84c
8,63.69839421331608,HIGH,0.8992805755395683,0.3159507048667922,4,0xb22326c1770aa89dfb2b372137e570a360433772,0x3488f31e6449f9803f99a8b5dd232c7ad883637f1c86e6953305a2ef19c77f20,"US strikes Iran by February 28, 2026?",2026-02-27T22:43:13+00:00,2026-02-28T09:31:17+00:00,10.8011,Yes,Yes,0.179999928,11.11111,1.99999900000008,9.111110999999921,True,True,False,0xcffb161dfc843009ba733d7dc9a699f0d5d85c26fc951543a3bf4928fb909fbb
8,63.69839421331608,HIGH,0.8992805755395683,0.3159507048667922,4,0xb22326c1770aa89dfb2b372137e570a360433772,0x3488f31e6449f9803f99a8b5dd232c7ad883637f1c86e6953305a2ef19c77f20,"US strikes Iran by February 28, 2026?",2026-02-27T22:43:13+00:00,2026-02-28T09:31:17+00:00,10.8011,Yes,Yes,0.179999928,11.11111,1.99999900000008,9.111110999999921,True,True,False,0xd2a79f8e4fcf83b96ccd35d7810ffa56404762bc1b1358276239e8279c14bacb
8,63.69839421331608,HIGH,0.8992805755395683,0.3159507048667922,4,0xb22326c1770aa89dfb2b372137e570a360433772,0x3488f31e6449f9803f99a8b5dd232c7ad883637f1c86e6953305a2ef19c77f20,"US strikes Iran by February 28, 2026?",2026-02-27T22:43:13+00:00,2026-02-28T09:31:17+00:00,10.8011,Yes,Yes,0.179999928,11.11111,1.99999900000008,9.111110999999921,True,True,False,0x01d8d607f3af74d5cbc67e6d43c3882842fbfcdf8a62a0bfa9600fd716bdda90
8,63.69839421331608,HIGH,0.8992805755395683,0.3159507048667922,4,0xb22326c1770aa89dfb2b372137e570a360433772,0x3488f31e6449f9803f99a8b5dd232c7ad883637f1c86e6953305a2ef19c77f20,"US strikes Iran by February 28, 2026?",2026-02-27T22:43:11+00:00,2026-02-28T09:31:17+00:00,10.8017,Yes,Yes,0.179999928,11.11111,1.99999900000008,9.111110999999921,True,True,False,0x4412c5d4c1261866dd33cbe531a34100b7b3f8e7787701235189b31cdeefa916
8,63.69839421331608,HIGH,0.8992805755395683,0.3159507048667922,4,0xb22326c1770aa89dfb2b372137e570a360433772,0x3488f31e6449f9803f99a8b5dd232c7ad883637f1c86e6953305a2ef19c77f20,"US strikes Iran by February 28, 2026?",2026-02-27T22:43:11+00:00,2026-02-28T09:31:17+00:00,10.8017,Yes,Yes,0.179999928,11.11111,1.99999900000008,9.111110999999921,True,True,False,0x6c0bafbc99ea9029f4d4196974226f7b682433c781bf1906381e3d9c2d243247
8,63.69839421331608,HIGH,0.8992805755395683,0.3159507048667922,4,0xb22326c1770aa89dfb2b372137e570a360433772,0x3488f31e6449f9803f99a8b5dd232c7ad883637f1c86e6953305a2ef19c77f20,"US strikes Iran by February 28, 2026?",2026-02-27T22:43:11+00:00,2026-02-28T09:31:17+00:00,10.8017,Yes,Yes,0.179999928,11.11111,1.99999900000008,9.111110999999921,True,True,False,0x968f9e1feab17aa4d1c7dab9b9fec16533ef9592e024944ee98460491596d650
8,63.69839421331608,HIGH,0.8992805755395683,0.3159507048667922,4,0xb22326c1770aa89dfb2b372137e570a360433772,0x3488f31e6449f9803f99a8b5dd232c7ad883637f1c86e6953305a2ef19c77f20,"US strikes Iran by February 28, 2026?",2026-02-27T22:43:11+00:00,2026-02-28T09:31:17+00:00,10.8017,Yes,Yes,0.179999928,11.11111,1.99999900000008,9.111110999999921,True,True,False,0x697ff6abc6bc9501ec0daad05282a73e50d8a318a122c224773cc62d517d906e
8,63.69839421331608,HIGH,0.8992805755395683,0.3159507048667922,4,0xb22326c1770aa89dfb2b372137e570a360433772,0x3488f31e6449f9803f99a8b5dd232c7ad883637f1c86e6953305a2ef19c77f20,"US strikes Iran by February 28, 2026?",2026-02-27T22:43:11+00:00,2026-02-28T09:31:17+00:00,10.8017,Yes,Yes,0.179999928,11.11111,1.99999900000008,9.111110999999921,True,True,False,0x23589c85629e3ae7cff62b4c406b2647ca682032e5c5dd32aaee8140cc1681f8
8,63.69839421331608,HIGH,0.8992805755395683,0.3159507048667922,4,0xb22326c1770aa89dfb2b372137e570a360433772,0x3488f31e6449f9803f99a8b5dd232c7ad883637f1c86e6953305a2ef19c77f20,"US strikes Iran by February 28, 2026?",2026-02-27T22:43:11+00:00,2026-02-28T09:31:17+00:00,10.8017,Yes,Yes,0.179999928,11.11111,1.99999900000008,9.111110999999921,True,True,False,0xc27afa74692f4db91597082be6e29cd44eab11d1114a6c2309de49765dbdf672
8,63.69839421331608,HIGH,0.8992805755395683,0.3159507048667922,4,0xb22326c1770aa89dfb2b372137e570a360433772,0x3488f31e6449f9803f99a8b5dd232c7ad883637f1c86e6953305a2ef19c77f20,"US strikes Iran by February 28, 2026?",2026-02-27T22:43:11+00:00,2026-02-28T09:31:17+00:00,10.8017,Yes,Yes,0.179999928,11.11111,1.99999900000008,9.111110999999921,True,True,False,0xd1c6d8da5305e94f1b022337d3662714482c829b8c6325feddc7a42069d552a2
8,63.69839421331608,HIGH,0.8992805755395683,0.3159507048667922,4,0xb22326c1770aa89dfb2b372137e570a360433772,0x3488f31e6449f9803f99a8b5dd232c7ad883637f1c86e6953305a2ef19c77f20,"US strikes Iran by February 28, 2026?",2026-02-27T22:43:11+00:00,2026-02-28T09:31:17+00:00,10.8017,Yes,Yes,0.179999928,11.11111,1.99999900000008,9.111110999999921,True,True,False,0x3e740ec9c4212dd110e539b2ba543fa21d9470780117f70473292a43da857743
8,63.69839421331608,HIGH,0.8992805755395683,0.3159507048667922,4,0xb22326c1770aa89dfb2b372137e570a360433772,0x3488f31e6449f9803f99a8b5dd232c7ad883637f1c86e6953305a2ef19c77f20,"US strikes Iran by February 28, 2026?",2026-02-27T22:43:11+00:00,2026-02-28T09:31:17+00:00,10.8017,Yes,Yes,0.179999928,11.11111,1.99999900000008,9.111110999999921,True,True,False,0x93f6ad31fc10b14e2dbcdca86be0fb464b96bbcd579d98b7f1d023385d4ba372
8,63.69839421331608,HIGH,0.8992805755395683,0.3159507048667922,4,0xb22326c1770aa89dfb2b372137e570a360433772,0x3488f31e6449f9803f99a8b5dd232c7ad883637f1c86e6953305a2ef19c77f20,"US strikes Iran by February 28, 2026?",2026-02-27T22:43:09+00:00,2026-02-28T09:31:17+00:00,10.8022,Yes,Yes,0.179999928,11.11111,1.99999900000008,9.111110999999921,True,True,False,0x3f59ca6c306a3a565124c1c5a8b1e9645f889c3f9f564970c6cdb3a56cb2059b
8,63.69839421331608,HIGH,0.8992805755395683,0.3159507048667922,4,0xb22326c1770aa89dfb2b372137e570a360433772,0x3488f31e6449f9803f99a8b5dd232c7ad883637f1c86e6953305a2ef19c77f20,"US strikes Iran by February 28, 2026?",2026-02-27T22:43:09+00:00,2026-02-28T09:31:17+00:00,10.8022,Yes,Yes,0.179999928,11.11111,1.99999900000008,9.111110999999921,True,True,False,0x311320afb875b45c71fd7ad79875f7ce87742737ad9310a0631c21ffc40a9d96
8,63.69839421331608,HIGH,0.8992805755395683,0.3159507048667922,4,0xb22326c1770aa89dfb2b372137e570a360433772,0x3488f31e6449f9803f99a8b5dd232c7ad883637f1c86e6953305a2ef19c77f20,"US strikes Iran by February 28, 2026?",2026-02-27T22:43:09+00:00,2026-02-28T09:31:17+00:00,10.8022,Yes,Yes,0.179999928,11.11111,1.99999900000008,9.111110999999921,True,True,False,0x774e7f902a99b101cfb86cfb0059106c17ceb73e844988c2741bfcd57002fa1e
8,63.69839421331608,HIGH,0.8992805755395683,0.3159507048667922,4,0xb22326c1770aa89dfb2b372137e570a360433772,0x3488f31e6449f9803f99a8b5dd232c7ad883637f1c86e6953305a2ef19c77f20,"US strikes Iran by February 28, 2026?",2026-02-27T22:43:09+00:00,2026-02-28T09:31:17+00:00,10.8022,Yes,Yes,0.179999928,11.11111,1.99999900000008,9.111110999999921,True,True,False,0x879defab6826bc9d9bba3245522c8ba8be187ca26d38354bb8cb78df00d29674
8,63.69839421331608,HIGH,0.8992805755395683,0.3159507048667922,4,0xb22326c1770aa89dfb2b372137e570a360433772,0x3488f31e6449f9803f99a8b5dd232c7ad883637f1c86e6953305a2ef19c77f20,"US strikes Iran by February 28, 2026?",2026-02-27T22:43:09+00:00,2026-02-28T09:31:17+00:00,10.8022,Yes,Yes,0.179999928,11.11111,1.99999900000008,9.111110999999921,True,True,False,0x91680f46e1e73c030028f151035601a31d3705d1c27eec79546e376453c147ac
8,63.69839421331608,HIGH,0.8992805755395683,0.3159507048667922,4,0xb22326c1770aa89dfb2b372137e570a360433772,0x3488f31e6449f9803f99a8b5dd232c7ad883637f1c86e6953305a2ef19c77f20,"US strikes Iran by February 28, 2026?",2026-02-27T22:43:09+00:00,2026-02-28T09:31:17+00:00,10.8022,Yes,Yes,0.179999928,11.11111,1.99999900000008,9.111110999999921,True,True,False,0x7e95abf11bf592861ed3f9c6b069d17f4dcb2dfe2e3684b3ed59eb99277c3f9f
8,63.69839421331608,HIGH,0.8992805755395683,0.3159507048667922,4,0xb22326c1770aa89dfb2b372137e570a360433772,0x3488f31e6449f9803f99a8b5dd232c7ad883637f1c86e6953305a2ef19c77f20,"US strikes Iran by February 28, 2026?",2026-02-27T22:43:09+00:00,2026-02-28T09:31:17+00:00,10.8022,Yes,Yes,0.179999928,11.11111,1.99999900000008,9.111110999999921,True,True,False,0xe451938f90654c037839bf3e0fd9b1a57ee627131b7cef6db6f4db6a63c9c5ba
8,63.69839421331608,HIGH,0.8992805755395683,0.3159507048667922,4,0xb22326c1770aa89dfb2b372137e570a360433772,0x3488f31e6449f9803f99a8b5dd232c7ad883637f1c86e6953305a2ef19c77f20,"US strikes Iran by February 28, 2026?",2026-02-27T22:43:09+00:00,2026-02-28T09:31:17+00:00,10.8022,Yes,Yes,0.179999928,11.11111,1.99999900000008,9.111110999999921,True,True,False,0x0cece8528a5f6596b51c600f92c9dcc39467d6d6704bc982d0e28ac3a140a195
8,63.69839421331608,HIGH,0.8992805755395683,0.3159507048667922,4,0xb22326c1770aa89dfb2b372137e570a360433772,0x3488f31e6449f9803f99a8b5dd232c7ad883637f1c86e6953305a2ef19c77f20,"US strikes Iran by February 28, 2026?",2026-02-27T22:43:09+00:00,2026-02-28T09:31:17+00:00,10.8022,Yes,Yes,0.179999928,11.11111,1.99999900000008,9.111110999999921,True,True,False,0x2a31a8b2608c0d7aca3193e9e3a8561b70d066399bd769aa7c47ef9b9832a1a8
8,63.69839421331608,HIGH,0.8992805755395683,0.3159507048667922,4,0xb22326c1770aa89dfb2b372137e570a360433772,0x3488f31e6449f9803f99a8b5dd232c7ad883637f1c86e6953305a2ef19c77f20,"US strikes Iran by February 28, 2026?",2026-02-27T22:43:09+00:00,2026-02-28T09:31:17+00:00,10.8022,Yes,Yes,0.179999928,11.11111,1.99999900000008,9.111110999999921,True,True,False,0x75381568591d420f8a14cac85305def1e0274285a208acb95504b7a8ba4e21ad
8,63.69839421331608,HIGH,0.8992805755395683,0.3159507048667922,4,0xb22326c1770aa89dfb2b372137e570a360433772,0x3488f31e6449f9803f99a8b5dd232c7ad883637f1c86e6953305a2ef19c77f20,"US strikes Iran by February 28, 2026?",2026-02-27T22:43:09+00:00,2026-02-28T09:31:17+00:00,10.8022,Yes,Yes,0.179999928,11.11111,1.99999900000008,9.111110999999921,True,True,False,0xb4185a229ec432d04867db393c370673b0d6583c88e43a506bbea5e59629957d
8,63.69839421331608,HIGH,0.8992805755395683,0.3159507048667922,4,0xb22326c1770aa89dfb2b372137e570a360433772,0x3488f31e6449f9803f99a8b5dd232c7ad883637f1c86e6953305a2ef19c77f20,"US strikes Iran by February 28, 2026?",2026-02-27T22:43:07+00:00,2026-02-28T09:31:17+00:00,10.8028,Yes,Yes,0.179999928,11.11111,1.99999900000008,9.111110999999921,True,True,False,0x51facea3fedd35ba491b5407e8206c0feb3399cce2fdfb2609921c672a76db91
8,63.69839421331608,HIGH,0.8992805755395683,0.3159507048667922,4,0xb22326c1770aa89dfb2b372137e570a360433772,0x3488f31e6449f9803f99a8b5dd232c7ad883637f1c86e6953305a2ef19c77f20,"US strikes Iran by February 28, 2026?",2026-02-27T22:43:07+00:00,2026-02-28T09:31:17+00:00,10.8028,Yes,Yes,0.179999928,11.11111,1.99999900000008,9.111110999999921,True,True,False,0x82644c304f9d94cedbf41a0b97233f83abee3e1057994ad7afad65aa81791a82
8,63.69839421331608,HIGH,0.8992805755395683,0.3159507048667922,4,0xb22326c1770aa89dfb2b372137e570a360433772,0x3488f31e6449f9803f99a8b5dd232c7ad883637f1c86e6953305a2ef19c77f20,"US strikes Iran by February 28, 2026?",2026-02-27T22:43:07+00:00,2026-02-28T09:31:17+00:00,10.8028,Yes,Yes,0.179999928,11.11111,1.99999900000008,9.111110999999921,True,True,False,0xacab30ad18d11cb2ddc8e198fecc2b8a8769a3412a749829a5a999c22ca484dd
8,63.69839421331608,HIGH,0.8992805755395683,0.3159507048667922,4,0xb22326c1770aa89dfb2b372137e570a360433772,0x3488f31e6449f9803f99a8b5dd232c7ad883637f1c86e6953305a2ef19c77f20,"US strikes Iran by February 28, 2026?",2026-02-27T22:43:07+00:00,2026-02-28T09:31:17+00:00,10.8028,Yes,Yes,0.179999928,11.11111,1.99999900000008,9.111110999999921,True,True,False,0x14dfced9ae733b3e198d8a0b7086f19dc165b7d4916d0aa56a7bb36150f3a3af
8,63.69839421331608,HIGH,0.8992805755395683,0.3159507048667922,4,0xb22326c1770aa89dfb2b372137e570a360433772,0x3488f31e6449f9803f99a8b5dd232c7ad883637f1c86e6953305a2ef19c77f20,"US strikes Iran by February 28, 2026?",2026-02-27T22:43:05+00:00,2026-02-28T09:31:17+00:00,10.8033,Yes,Yes,0.179999928,11.11111,1.99999900000008,9.111110999999921,True,True,False,0x8918bce4a7f6781766664fe3e4f25f0de67465b995c7c0eff326dd9d8814e75f
8,63.69839421331608,HIGH,0.8992805755395683,0.3159507048667922,4,0xb22326c1770aa89dfb2b372137e570a360433772,0x3488f31e6449f9803f99a8b5dd232c7ad883637f1c86e6953305a2ef19c77f20,"US strikes Iran by February 28, 2026?",2026-02-27T22:43:05+00:00,2026-02-28T09:31:17+00:00,10.8033,Yes,Yes,0.179999928,11.11111,1.99999900000008,9.111110999999921,True,True,False,0x12a182ac3e933354e2d86a9c67e89c9548a8ca0118bf26661642b94b3e9b9443
8,63.69839421331608,HIGH,0.8992805755395683,0.3159507048667922,4,0xb22326c1770aa89dfb2b372137e570a360433772,0x3488f31e6449f9803f99a8b5dd232c7ad883637f1c86e6953305a2ef19c77f20,"US strikes Iran by February 28, 2026?",2026-02-27T22:43:03+00:00,2026-02-28T09:31:17+00:00,10.8039,Yes,Yes,0.179999928,11.11111,1.99999900000008,9.111110999999921,True,True,False,0x9c11c783497c7e1c7475dc1fd9807501bd35978bac8c5573d09b344b084b8363
8,63.69839421331608,HIGH,0.8992805755395683,0.3159507048667922,4,0xb22326c1770aa89dfb2b372137e570a360433772,0x3488f31e6449f9803f99a8b5dd232c7ad883637f1c86e6953305a2ef19c77f20,"US strikes Iran by February 28, 2026?",2026-02-27T22:43:03+00:00,2026-02-28T09:31:17+00:00,10.8039,Yes,Yes,0.179999928,11.11111,1.99999900000008,9.111110999999921,True,True,False,0x71eb1d4b7a4d24aeab52e92e67ab640b21116c08cc8110f1cb8089218dd9ef6a
8,63.69839421331608,HIGH,0.8992805755395683,0.3159507048667922,4,0xb22326c1770aa89dfb2b372137e570a360433772,0x3488f31e6449f9803f99a8b5dd232c7ad883637f1c86e6953305a2ef19c77f20,"US strikes Iran by February 28, 2026?",2026-02-27T22:43:03+00:00,2026-02-28T09:31:17+00:00,10.8039,Yes,Yes,0.179999928,11.11111,1.99999900000008,9.111110999999921,True,True,False,0x552b84df6e8ef294767cda78b3a1c17967fa5cecc96e6ed38a59a7cfbb980804
8,63.69839421331608,HIGH,0.8992805755395683,0.3159507048667922,4,0xb22326c1770aa89dfb2b372137e570a360433772,0x3488f31e6449f9803f99a8b5dd232c7ad883637f1c86e6953305a2ef19c77f20,"US strikes Iran by February 28, 2026?",2026-02-27T22:43:03+00:00,2026-02-28T09:31:17+00:00,10.8039,Yes,Yes,0.179999928,11.11111,1.99999900000008,9.111110999999921,True,True,False,0x802a9ffeff20159ed959e0a06814c5698bd0b60bd8fb1d88a4e136d3c1279e76
8,63.69839421331608,HIGH,0.8992805755395683,0.3159507048667922,4,0xb22326c1770aa89dfb2b372137e570a360433772,0x3488f31e6449f9803f99a8b5dd232c7ad883637f1c86e6953305a2ef19c77f20,"US strikes Iran by February 28, 2026?",2026-02-27T22:42:13+00:00,2026-02-28T09:31:17+00:00,10.8178,Yes,Yes,0.179999928,11.11111,1.99999900000008,9.111110999999921,True,True,False,0xe33ee961cd61bbcbf59f563578908249d9cf84522faddf0281608f0ff49884fc
8,63.69839421331608,HIGH,0.8992805755395683,0.3159507048667922,4,0xb22326c1770aa89dfb2b372137e570a360433772,0x3488f31e6449f9803f99a8b5dd232c7ad883637f1c86e6953305a2ef19c77f20,"US strikes Iran by February 28, 2026?",2026-02-27T18:07:17+00:00,2026-02-28T09:31:17+00:00,15.4,Yes,Yes,0.179999928,11.11111,1.99999900000008,9.111110999999921,True,True,False,0x64329db5ab3a27ba89c254021361df4b7f251a019a31c2335b4711b34ccfc495
8,63.69839421331608,HIGH,0.8992805755395683,0.3159507048667922,4,0xb22326c1770aa89dfb2b372137e570a360433772,0x3488f31e6449f9803f99a8b5dd232c7ad883637f1c86e6953305a2ef19c77f20,"US strikes Iran by February 28, 2026?",2026-02-27T18:01:01+00:00,2026-02-28T09:31:17+00:00,15.5044,Yes,Yes,0.179999928,11.11111,1.99999900000008,9.111110999999921,True,True,False,0x06339aaa669c45976c62a29bbed94bd738e66c14345d1ba2ab9e871f58ba861f
8,63.69839421331608,HIGH,0.8992805755395683,0.3159507048667922,4,0xb22326c1770aa89dfb2b372137e570a360433772,0x4c5701bcde0b8fb7d7f48c8e9d20245a6caa58c61a77f981fad98f2bfa0b1bc7,US x Iran ceasefire by April 7?,2026-04-07T21:23:49+00:00,2026-04-11T00:28:39+00:00,75.0806,Yes,Yes,0.1899999373,10.526314,1.9999990000001122,8.526314999999887,True,False,False,0xd05cb40aebbc6a0314f24c3ef5722840ebdac1f09441b3f52af4efa862158dc4
8,63.69839421331608,HIGH,0.8992805755395683,0.3159507048667922,4,0xb22326c1770aa89dfb2b372137e570a360433772,0x4c5701bcde0b8fb7d7f48c8e9d20245a6caa58c61a77f981fad98f2bfa0b1bc7,US x Iran ceasefire by April 7?,2026-04-07T21:23:49+00:00,2026-04-11T00:28:39+00:00,75.0806,Yes,Yes,0.1899999373,10.526314,1.9999990000001122,8.526314999999887,True,False,False,0x3add594fb402cf176af5854253fef1fc3e88deae543105b7d46f3e78b96ba27b
8,63.69839421331608,HIGH,0.8992805755395683,0.3159507048667922,4,0xb22326c1770aa89dfb2b372137e570a360433772,0x4c5701bcde0b8fb7d7f48c8e9d20245a6caa58c61a77f981fad98f2bfa0b1bc7,US x Iran ceasefire by April 7?,2026-04-07T21:23:49+00:00,2026-04-11T00:28:39+00:00,75.0806,Yes,Yes,0.1899999373,10.526314,1.9999990000001122,8.526314999999887,True,False,False,0x975a67ff2c70f05e60fecadd58ccd6cb4be30cb888fb9629ee38e6288f11f645
8,63.69839421331608,HIGH,0.8992805755395683,0.3159507048667922,4,0xb22326c1770aa89dfb2b372137e570a360433772,0x4c5701bcde0b8fb7d7f48c8e9d20245a6caa58c61a77f981fad98f2bfa0b1bc7,US x Iran ceasefire by April 7?,2026-04-07T21:23:49+00:00,2026-04-11T00:28:39+00:00,75.0806,Yes,Yes,0.1899999373,10.526314,1.9999990000001122,8.526314999999887,True,False,False,0x3f25102050fa6f87549e97d11dc04921d33ffdaa06b9887b01666d0470e9cc60
8,63.69839421331608,HIGH,0.8992805755395683,0.3159507048667922,4,0xb22326c1770aa89dfb2b372137e570a360433772,0x4c5701bcde0b8fb7d7f48c8e9d20245a6caa58c61a77f981fad98f2bfa0b1bc7,US x Iran ceasefire by April 7?,2026-04-07T21:23:49+00:00,2026-04-11T00:28:39+00:00,75.0806,Yes,Yes,0.1899999373,10.526314,1.9999990000001122,8.526314999999887,True,False,False,0xfd8996bb665a9fb367effe53e600bd21deffceacf7f48bcbf97900032ac96454
8,63.69839421331608,HIGH,0.8992805755395683,0.3159507048667922,4,0xb22326c1770aa89dfb2b372137e570a360433772,0x4c5701bcde0b8fb7d7f48c8e9d20245a6caa58c61a77f981fad98f2bfa0b1bc7,US x Iran ceasefire by April 7?,2026-04-07T21:23:49+00:00,2026-04-11T00:28:39+00:00,75.0806,Yes,Yes,0.1899999373,10.526314,1.9999990000001122,8.526314999999887,True,False,False,0xc21c1738e95a4130b114943e2a1191a21ddeb4ddb8d751fc4a7fc343ea8e0c42
8,63.69839421331608,HIGH,0.8992805755395683,0.3159507048667922,4,0xb22326c1770aa89dfb2b372137e570a360433772,0x4c5701bcde0b8fb7d7f48c8e9d20245a6caa58c61a77f981fad98f2bfa0b1bc7,US x Iran ceasefire by April 7?,2026-04-07T21:23:49+00:00,2026-04-11T00:28:39+00:00,75.0806,Yes,Yes,0.1899999373,10.526314,1.9999990000001122,8.526314999999887,True,False,False,0xdf3ef19e512efa91b0a00175b3cc4eae1e73881a7270f82b61d2092c31d349a8
8,63.69839421331608,HIGH,0.8992805755395683,0.3159507048667922,4,0xb22326c1770aa89dfb2b372137e570a360433772,0x4c5701bcde0b8fb7d7f48c8e9d20245a6caa58c61a77f981fad98f2bfa0b1bc7,US x Iran ceasefire by April 7?,2026-04-07T21:23:49+00:00,2026-04-11T00:28:39+00:00,75.0806,Yes,Yes,0.1899999373,10.526314,1.9999990000001122,8.526314999999887,True,False,False,0x72a95253c312c6082cae03f98dabb4fa6fcbd3b24a217571da2b9ee1a86877df
8,63.69839421331608,HIGH,0.8992805755395683,0.3159507048667922,4,0xb22326c1770aa89dfb2b372137e570a360433772,0x3488f31e6449f9803f99a8b5dd232c7ad883637f1c86e6953305a2ef19c77f20,"US strikes Iran by February 28, 2026?",2026-02-27T22:43:31+00:00,2026-02-28T09:31:17+00:00,10.7961,Yes,Yes,0.1899999373,10.526314,1.9999990000001122,8.526314999999887,True,True,False,0x4ceda9cd9571b8c25347b8c062b828837d00190273fdce802bc2b1fe5df4e685
8,63.69839421331608,HIGH,0.8992805755395683,0.3159507048667922,4,0xb22326c1770aa89dfb2b372137e570a360433772,0x3488f31e6449f9803f99a8b5dd232c7ad883637f1c86e6953305a2ef19c77f20,"US strikes Iran by February 28, 2026?",2026-02-27T22:43:29+00:00,2026-02-28T09:31:17+00:00,10.7967,Yes,Yes,0.1899999373,10.526314,1.9999990000001122,8.526314999999887,True,True,False,0x9e289c23dc08713599312626acd8e5e48a27d27db5ec4156233497108582a443
8,63.69839421331608,HIGH,0.8992805755395683,0.3159507048667922,4,0xb22326c1770aa89dfb2b372137e570a360433772,0x3488f31e6449f9803f99a8b5dd232c7ad883637f1c86e6953305a2ef19c77f20,"US strikes Iran by February 28, 2026?",2026-02-27T22:43:29+00:00,2026-02-28T09:31:17+00:00,10.7967,Yes,Yes,0.1899999373,10.526314,1.9999990000001122,8.526314999999887,True,True,False,0x9ebe443e1d02b0aeecf800b37c0058167b7628fd463504771f3a70cb8ce1b4d3
8,63.69839421331608,HIGH,0.8992805755395683,0.3159507048667922,4,0xb22326c1770aa89dfb2b372137e570a360433772,0x3488f31e6449f9803f99a8b5dd232c7ad883637f1c86e6953305a2ef19c77f20,"US strikes Iran by February 28, 2026?",2026-02-27T22:43:29+00:00,2026-02-28T09:31:17+00:00,10.7967,Yes,Yes,0.1899999373,10.526314,1.9999990000001122,8.526314999999887,True,True,False,0xc6002f85603d085859fbe4668e4a5ca8bc1fc5c3fb307c20853827c292cae1a1
8,63.69839421331608,HIGH,0.8992805755395683,0.3159507048667922,4,0xb22326c1770aa89dfb2b372137e570a360433772,0x3488f31e6449f9803f99a8b5dd232c7ad883637f1c86e6953305a2ef19c77f20,"US strikes Iran by February 28, 2026?",2026-02-27T22:43:29+00:00,2026-02-28T09:31:17+00:00,10.7967,Yes,Yes,0.1899999373,10.526314,1.9999990000001122,8.526314999999887,True,True,False,0x5258dc39bbfe18255a06f7b1770bfbe1872be5eb921706641a05c52ad276e816
8,63.69839421331608,HIGH,0.8992805755395683,0.3159507048667922,4,0xb22326c1770aa89dfb2b372137e570a360433772,0x3488f31e6449f9803f99a8b5dd232c7ad883637f1c86e6953305a2ef19c77f20,"US strikes Iran by February 28, 2026?",2026-02-27T22:43:29+00:00,2026-02-28T09:31:17+00:00,10.7967,Yes,Yes,0.1899999373,10.526314,1.9999990000001122,8.526314999999887,True,True,False,0x47e2c34e2c758f40344df08d51f9f24af72290c5c4e743d5a42b3e9b1f55ebf2
8,63.69839421331608,HIGH,0.8992805755395683,0.3159507048667922,4,0xb22326c1770aa89dfb2b372137e570a360433772,0x3488f31e6449f9803f99a8b5dd232c7ad883637f1c86e6953305a2ef19c77f20,"US strikes Iran by February 28, 2026?",2026-02-27T22:43:29+00:00,2026-02-28T09:31:17+00:00,10.7967,Yes,Yes,0.1899999373,10.526314,1.9999990000001122,8.526314999999887,True,True,False,0x7f9f39d33d942e46e693e3ba3722d8fd29bed507e2fe0592e863bb22538af8d7
8,63.69839421331608,HIGH,0.8992805755395683,0.3159507048667922,4,0xb22326c1770aa89dfb2b372137e570a360433772,0x3488f31e6449f9803f99a8b5dd232c7ad883637f1c86e6953305a2ef19c77f20,"US strikes Iran by February 28, 2026?",2026-02-27T22:43:29+00:00,2026-02-28T09:31:17+00:00,10.7967,Yes,Yes,0.1899999373,10.526314,1.9999990000001122,8.526314999999887,True,True,False,0x7fca7f8e62ad1e8ccea8d036b763522686067f0315d03672d8b64460467deed1
8,63.69839421331608,HIGH,0.8992805755395683,0.3159507048667922,4,0xb22326c1770aa89dfb2b372137e570a360433772,0x3488f31e6449f9803f99a8b5dd232c7ad883637f1c86e6953305a2ef19c77f20,"US strikes Iran by February 28, 2026?",2026-02-27T22:43:29+00:00,2026-02-28T09:31:17+00:00,10.7967,Yes,Yes,0.1899999373,10.526314,1.9999990000001122,8.526314999999887,True,True,False,0x3ec17f51e6725b11f5e8155958ff178f03d325bfb9606af7071cf761ce8b056c
8,63.69839421331608,HIGH,0.8992805755395683,0.3159507048667922,4,0xb22326c1770aa89dfb2b372137e570a360433772,0x3488f31e6449f9803f99a8b5dd232c7ad883637f1c86e6953305a2ef19c77f20,"US strikes Iran by February 28, 2026?",2026-02-27T22:43:29+00:00,2026-02-28T09:31:17+00:00,10.7967,Yes,Yes,0.1899999373,10.526314,1.9999990000001122,8.526314999999887,True,True,False,0xedb3e75219a89a18185dfcb326275fbc8cb45cc193e0456c10b3098960ab5cc8
8,63.69839421331608,HIGH,0.8992805755395683,0.3159507048667922,4,0xb22326c1770aa89dfb2b372137e570a360433772,0x3488f31e6449f9803f99a8b5dd232c7ad883637f1c86e6953305a2ef19c77f20,"US strikes Iran by February 28, 2026?",2026-02-27T22:43:29+00:00,2026-02-28T09:31:17+00:00,10.7967,Yes,Yes,0.1899999373,10.526314,1.9999990000001122,8.526314999999887,True,True,False,0x072ae7058a956f00e9848fd1dd4d25d457791799e2c26b5485f176b152e20fd7
8,63.69839421331608,HIGH,0.8992805755395683,0.3159507048667922,4,0xb22326c1770aa89dfb2b372137e570a360433772,0x3488f31e6449f9803f99a8b5dd232c7ad883637f1c86e6953305a2ef19c77f20,"US strikes Iran by February 28, 2026?",2026-02-27T22:43:29+00:00,2026-02-28T09:31:17+00:00,10.7967,Yes,Yes,0.1899999373,10.526314,1.9999990000001122,8.526314999999887,True,True,False,0x459d90abdfee72718edc5fdc52f7b843ca3ce96ed47710e812593272ed226fa6
8,63.69839421331608,HIGH,0.8992805755395683,0.3159507048667922,4,0xb22326c1770aa89dfb2b372137e570a360433772,0x3488f31e6449f9803f99a8b5dd232c7ad883637f1c86e6953305a2ef19c77f20,"US strikes Iran by February 28, 2026?",2026-02-27T22:43:29+00:00,2026-02-28T09:31:17+00:00,10.7967,Yes,Yes,0.1899999373,10.526314,1.9999990000001122,8.526314999999887,True,True,False,0x20c67d8056b4c378c4bf4a27c6c3fb8a96e334ca7a88a27269109ca75b0c8b14
8,63.69839421331608,HIGH,0.8992805755395683,0.3159507048667922,4,0xb22326c1770aa89dfb2b372137e570a360433772,0x3488f31e6449f9803f99a8b5dd232c7ad883637f1c86e6953305a2ef19c77f20,"US strikes Iran by February 28, 2026?",2026-02-27T22:43:29+00:00,2026-02-28T09:31:17+00:00,10.7967,Yes,Yes,0.1899999373,10.526314,1.9999990000001122,8.526314999999887,True,True,False,0x907a4cdfe7ca28d7e35929385daff8b05abf260590dcd3da117355331e4b5f9b
8,63.69839421331608,HIGH,0.8992805755395683,0.3159507048667922,4,0xb22326c1770aa89dfb2b372137e570a360433772,0x3488f31e6449f9803f99a8b5dd232c7ad883637f1c86e6953305a2ef19c77f20,"US strikes Iran by February 28, 2026?",2026-02-27T22:43:29+00:00,2026-02-28T09:31:17+00:00,10.7967,Yes,Yes,0.1899999373,10.526314,1.9999990000001122,8.526314999999887,True,True,False,0xcc7fbc2cfd9099a7a2f94da34026b1223c93110c8c923f4a749ff4b6d4ddbf26
8,63.69839421331608,HIGH,0.8992805755395683,0.3159507048667922,4,0xb22326c1770aa89dfb2b372137e570a360433772,0x3488f31e6449f9803f99a8b5dd232c7ad883637f1c86e6953305a2ef19c77f20,"US strikes Iran by February 28, 2026?",2026-02-27T22:43:27+00:00,2026-02-28T09:31:17+00:00,10.7972,Yes,Yes,0.1899999373,10.526314,1.9999990000001122,8.526314999999887,True,True,False,0x4de6f170622247f50edecb98b8dffe56f6595b971862b57653b6ae5f85a30873
8,63.69839421331608,HIGH,0.8992805755395683,0.3159507048667922,4,0xb22326c1770aa89dfb2b372137e570a360433772,0x3488f31e6449f9803f99a8b5dd232c7ad883637f1c86e6953305a2ef19c77f20,"US strikes Iran by February 28, 2026?",2026-02-27T22:43:27+00:00,2026-02-28T09:31:17+00:00,10.7972,Yes,Yes,0.1899999373,10.526314,1.9999990000001122,8.526314999999887,True,True,False,0x50ae8d3914b8bc67411963076db4346f5da925ba7e349a0a5078162aee5541e3
8,63.69839421331608,HIGH,0.8992805755395683,0.3159507048667922,4,0xb22326c1770aa89dfb2b372137e570a360433772,0x3488f31e6449f9803f99a8b5dd232c7ad883637f1c86e6953305a2ef19c77f20,"US strikes Iran by February 28, 2026?",2026-02-27T22:43:27+00:00,2026-02-28T09:31:17+00:00,10.7972,Yes,Yes,0.1899999373,10.526314,1.9999990000001122,8.526314999999887,True,True,False,0x70bc433ff0359228d4b7accab4c2232ede28c84418d9bcb1993dfa356547c3ef
8,63.69839421331608,HIGH,0.8992805755395683,0.3159507048667922,4,0xb22326c1770aa89dfb2b372137e570a360433772,0x3488f31e6449f9803f99a8b5dd232c7ad883637f1c86e6953305a2ef19c77f20,"US strikes Iran by February 28, 2026?",2026-02-27T22:43:27+00:00,2026-02-28T09:31:17+00:00,10.7972,Yes,Yes,0.1899999373,10.526314,1.9999990000001122,8.526314999999887,True,True,False,0x40d070c8c18d4490490520b508098213c5d95c8e34f87ce4b785796c21dfb692
8,63.69839421331608,HIGH,0.8992805755395683,0.3159507048667922,4,0xb22326c1770aa89dfb2b372137e570a360433772,0x3488f31e6449f9803f99a8b5dd232c7ad883637f1c86e6953305a2ef19c77f20,"US strikes Iran by February 28, 2026?",2026-02-27T22:43:27+00:00,2026-02-28T09:31:17+00:00,10.7972,Yes,Yes,0.1899999373,10.526314,1.9999990000001122,8.526314999999887,True,True,False,0x110cb15dbd245092f5fd460c42e71ae62b3ccb12ecc32f7aacec7bd01844c446
8,63.69839421331608,HIGH,0.8992805755395683,0.3159507048667922,4,0xb22326c1770aa89dfb2b372137e570a360433772,0x3488f31e6449f9803f99a8b5dd232c7ad883637f1c86e6953305a2ef19c77f20,"US strikes Iran by February 28, 2026?",2026-02-27T22:43:25+00:00,2026-02-28T09:31:17+00:00,10.7978,Yes,Yes,0.1899999373,10.526314,1.9999990000001122,8.526314999999887,True,True,False,0x4896f26f2789555d07f7bfef0a670add335e636119aad83308de2f3f7538dfb0
8,63.69839421331608,HIGH,0.8992805755395683,0.3159507048667922,4,0xb22326c1770aa89dfb2b372137e570a360433772,0x3488f31e6449f9803f99a8b5dd232c7ad883637f1c86e6953305a2ef19c77f20,"US strikes Iran by February 28, 2026?",2026-02-27T22:43:23+00:00,2026-02-28T09:31:17+00:00,10.7983,Yes,Yes,0.1899999373,10.526314,1.9999990000001122,8.526314999999887,True,True,False,0x9349558a525b53535098496f09b4d13cd2aabb36b985c8fffa419d07caa6965a
8,63.69839421331608,HIGH,0.8992805755395683,0.3159507048667922,4,0xb22326c1770aa89dfb2b372137e570a360433772,0x3488f31e6449f9803f99a8b5dd232c7ad883637f1c86e6953305a2ef19c77f20,"US strikes Iran by February 28, 2026?",2026-02-27T22:43:23+00:00,2026-02-28T09:31:17+00:00,10.7983,Yes,Yes,0.1899999373,10.526314,1.9999990000001122,8.526314999999887,True,True,False,0x221a310ba6327128ac6ad47e9f2029432283da574a446470f502aeb6e1d44d23
8,63.69839421331608,HIGH,0.8992805755395683,0.3159507048667922,4,0xb22326c1770aa89dfb2b372137e570a360433772,0x3488f31e6449f9803f99a8b5dd232c7ad883637f1c86e6953305a2ef19c77f20,"US strikes Iran by February 28, 2026?",2026-02-27T22:43:23+00:00,2026-02-28T09:31:17+00:00,10.7983,Yes,Yes,0.1899999373,10.526314,1.9999990000001122,8.526314999999887,True,True,False,0x52e965a98d08c177f5bd7f02f9c9adf5f84cae6c8b2b318e57f0260248d2d594
8,63.69839421331608,HIGH,0.8992805755395683,0.3159507048667922,4,0xb22326c1770aa89dfb2b372137e570a360433772,0x4c5701bcde0b8fb7d7f48c8e9d20245a6caa58c61a77f981fad98f2bfa0b1bc7,US x Iran ceasefire by April 7?,2026-04-07T21:13:43+00:00,2026-04-11T00:28:39+00:00,75.2489,Yes,Yes,0.229999916,8.695651,1.999998999565316,6.695652000434683,True,False,False,0xca90c16fcbbe0f08a62df00a4952fc54c87ffbffc8f60a4c973c38dc051dea7a
8,63.69839421331608,HIGH,0.8992805755395683,0.3159507048667922,4,0xb22326c1770aa89dfb2b372137e570a360433772,0x4c5701bcde0b8fb7d7f48c8e9d20245a6caa58c61a77f981fad98f2bfa0b1bc7,US x Iran ceasefire by April 7?,2026-04-07T21:13:41+00:00,2026-04-11T00:28:39+00:00,75.2494,Yes,Yes,0.229999916,8.695651,1.999998999565316,6.695652000434683,True,False,False,0xbd51bfe0188c34f0da0c49ab187ee322f982fdab8422f899c0532e09805fd17d
8,63.69839421331608,HIGH,0.8992805755395683,0.3159507048667922,4,0xb22326c1770aa89dfb2b372137e570a360433772,0x4c5701bcde0b8fb7d7f48c8e9d20245a6caa58c61a77f981fad98f2bfa0b1bc7,US x Iran ceasefire by April 7?,2026-04-07T20:55:49+00:00,2026-04-11T00:28:39+00:00,75.5472,Yes,Yes,0.25,8.0,2.0,6.0,True,False,False,0x3d49367ae22c2e6cbd64af95d577832fe0a84322ddae2fb320c421c488697184
8,63.69839421331608,HIGH,0.8992805755395683,0.3159507048667922,4,0xb22326c1770aa89dfb2b372137e570a360433772,0x3488f31e6449f9803f99a8b5dd232c7ad883637f1c86e6953305a2ef19c77f20,"US strikes Iran by February 28, 2026?",2026-02-19T15:05:06+00:00,2026-02-28T09:31:17+00:00,210.4364,Yes,Yes,0.25,8.0,2.0,6.0,True,False,False,0xce23e2d403d7c601b163c7ac9b90d962e10daa77a058a597a3110d012bed143a
8,63.69839421331608,HIGH,0.8992805755395683,0.3159507048667922,4,0xb22326c1770aa89dfb2b372137e570a360433772,0x3488f31e6449f9803f99a8b5dd232c7ad883637f1c86e6953305a2ef19c77f20,"US strikes Iran by February 28, 2026?",2026-02-19T21:36:00+00:00,2026-02-28T09:31:17+00:00,203.9214,Yes,Yes,0.2699999163,7.407406,1.9999990000001175,5.407406999999882,False,False,False,0x754fc4f66df336df33bed94931f39feffb8b8dd92a68b417be10916fb1b411a6
8,63.69839421331608,HIGH,0.8992805755395683,0.3159507048667922,4,0xb22326c1770aa89dfb2b372137e570a360433772,0xd4bbf7f6707c67beb736135ad32a41f6db41f8ae52d3ac4919650de9eeb94ed8,Khamenei out as Supreme Leader of Iran by February 28?,2026-02-28T14:55:59+00:00,2026-03-04T01:05:25+00:00,82.1572,Yes,Yes,0.2981010062,6.709132,1.9999989999286185,4.709133000071382,False,False,False,0xbb2c1be5007ac6889f758c24d671da211e87e05087481f29a8d41d0f87cc3b1a
8,63.69839421331608,HIGH,0.8992805755395683,0.3159507048667922,4,0xb22326c1770aa89dfb2b372137e570a360433772,0xd4bbf7f6707c67beb736135ad32a41f6db41f8ae52d3ac4919650de9eeb94ed8,Khamenei out as Supreme Leader of Iran by February 28?,2026-02-28T14:55:59+00:00,2026-03-04T01:05:25+00:00,82.1572,Yes,Yes,0.299999925,6.666665,1.999999000000125,4.666665999999875,False,False,False,0xbf1617223814c0507e39440730d5704d029a27c51e8da2ef29e8bc4f85f300f3
8,63.69839421331608,HIGH,0.8992805755395683,0.3159507048667922,4,0xb22326c1770aa89dfb2b372137e570a360433772,0xd4bbf7f6707c67beb736135ad32a41f6db41f8ae52d3ac4919650de9eeb94ed8,Khamenei out as Supreme Leader of Iran by February 28?,2026-02-28T14:56:01+00:00,2026-03-04T01:05:25+00:00,82.1567,Yes,Yes,0.3299998927,6.060605,1.9999989996970835,4.060606000302916,False,False,False,0xc420995e31acf86d8b0e36ff6c413210c24f4bc0a81d9998d022e5a2a058e740
8,63.69839421331608,HIGH,0.8992805755395683,0.3159507048667922,4,0xb22326c1770aa89dfb2b372137e570a360433772,0xd4bbf7f6707c67beb736135ad32a41f6db41f8ae52d3ac4919650de9eeb94ed8,Khamenei out as Supreme Leader of Iran by February 28?,2026-02-28T14:53:33+00:00,2026-03-04T01:05:25+00:00,82.1978,Yes,Yes,0.34999993,5.714284,1.9999990000001202,3.7142849999998795,False,False,False,0x2ae73a0557887e0eaf46242c0fad5eb44aac92b83859d911d287db3533fbb5d4
9,63.602158944805865,HIGH,0.9310344827586207,0.3477046120858446,9,0x86ce8bf4ea6334796156e558642f83f4df0d8af5,0x4c5701bcde0b8fb7d7f48c8e9d20245a6caa58c61a77f981fad98f2bfa0b1bc7,US x Iran ceasefire by April 7?,2026-04-07T19:51:23+00:00,2026-04-11T00:28:39+00:00,76.6211,Yes,Yes,0.1399998824,7.142856,0.9999990000001344,6.142856999999866,True,False,False,0x787a7bd46c71a5a587bbb0deddac202753691a32f99324aeb1db073f41a4700b
9,63.602158944805865,HIGH,0.9310344827586207,0.3477046120858446,9,0x86ce8bf4ea6334796156e558642f83f4df0d8af5,0x4c5701bcde0b8fb7d7f48c8e9d20245a6caa58c61a77f981fad98f2bfa0b1bc7,US x Iran ceasefire by April 7?,2026-04-07T19:51:35+00:00,2026-04-11T00:28:39+00:00,76.6178,Yes,Yes,0.1479998905,6.756755,0.9999990001353276,5.756755999864673,True,False,False,0x51ac40577d5a26d3abd9a59c516de9ec3d5fb39bdf8ccf5f9d8fb0dbe8572401
9,63.602158944805865,HIGH,0.9310344827586207,0.3477046120858446,9,0x86ce8bf4ea6334796156e558642f83f4df0d8af5,0x3488f31e6449f9803f99a8b5dd232c7ad883637f1c86e6953305a2ef19c77f20,"US strikes Iran by February 28, 2026?",2026-02-27T18:21:21+00:00,2026-02-28T09:31:17+00:00,15.1656,Yes,Yes,0.1499998875,6.666665,0.9999990000001876,5.666665999999812,True,True,False,0x3c801e8da9a7bdb245ee36728fd5d03b4e89f84cba7ed57fd58e93dda69cd8f5
9,63.602158944805865,HIGH,0.9310344827586207,0.3477046120858446,9,0x86ce8bf4ea6334796156e558642f83f4df0d8af5,0x3488f31e6449f9803f99a8b5dd232c7ad883637f1c86e6953305a2ef19c77f20,"US strikes Iran by February 28, 2026?",2026-02-27T18:21:13+00:00,2026-02-28T09:31:17+00:00,15.1678,Yes,Yes,0.1499998875,6.666665,0.9999990000001876,5.666665999999812,True,True,False,0xb1d35fc8c567b729c3dc7914fd4b201db22ce036685c7e984e07e4777802a3ac
9,63.602158944805865,HIGH,0.9310344827586207,0.3477046120858446,9,0x86ce8bf4ea6334796156e558642f83f4df0d8af5,0x3488f31e6449f9803f99a8b5dd232c7ad883637f1c86e6953305a2ef19c77f20,"US strikes Iran by February 28, 2026?",2026-02-27T22:43:19+00:00,2026-02-28T09:31:17+00:00,10.7994,Yes,Yes,0.1799998704,5.555554,0.9999990000002016,4.555554999999798,True,True,False,0x76c5e29396570453dba8d3c71a92552c667b16a298a7aa365286387b60b543d0
9,63.602158944805865,HIGH,0.9310344827586207,0.3477046120858446,9,0x86ce8bf4ea6334796156e558642f83f4df0d8af5,0x3488f31e6449f9803f99a8b5dd232c7ad883637f1c86e6953305a2ef19c77f20,"US strikes Iran by February 28, 2026?",2026-02-27T22:43:17+00:00,2026-02-28T09:31:17+00:00,10.8,Yes,Yes,0.1799998704,5.555554,0.9999990000002016,4.555554999999798,True,True,False,0xb44c2bcacc6d16837c38010a2de7b7195265af7b2a51457137f498d431463423
9,63.602158944805865,HIGH,0.9310344827586207,0.3477046120858446,9,0x86ce8bf4ea6334796156e558642f83f4df0d8af5,0x3488f31e6449f9803f99a8b5dd232c7ad883637f1c86e6953305a2ef19c77f20,"US strikes Iran by February 28, 2026?",2026-02-27T22:43:13+00:00,2026-02-28T09:31:17+00:00,10.8011,Yes,Yes,0.1799998704,5.555554,0.9999990000002016,4.555554999999798,True,True,False,0xa11269160743ad3230faefa7209b25110aecc1db1c8eb511b52b855a953ec8e6
9,63.602158944805865,HIGH,0.9310344827586207,0.3477046120858446,9,0x86ce8bf4ea6334796156e558642f83f4df0d8af5,0x3488f31e6449f9803f99a8b5dd232c7ad883637f1c86e6953305a2ef19c77f20,"US strikes Iran by February 28, 2026?",2026-02-27T22:42:15+00:00,2026-02-28T09:31:17+00:00,10.8172,Yes,Yes,0.1799998704,5.555554,0.9999990000002016,4.555554999999798,True,True,False,0xd1ba30670fe952e0979adb05e8ece3f731aa5a65ec8013b82d43304da200f20c
9,63.602158944805865,HIGH,0.9310344827586207,0.3477046120858446,9,0x86ce8bf4ea6334796156e558642f83f4df0d8af5,0x3488f31e6449f9803f99a8b5dd232c7ad883637f1c86e6953305a2ef19c77f20,"US strikes Iran by February 28, 2026?",2026-02-27T18:07:33+00:00,2026-02-28T09:31:17+00:00,15.3956,Yes,Yes,0.1799998704,5.555554,0.9999990000002016,4.555554999999798,True,True,False,0xf6e3ca41af44fb0f16ccf3cdbeba74563d0cec720ce7b12f1c9ac4794de1f0ea
9,63.602158944805865,HIGH,0.9310344827586207,0.3477046120858446,9,0x86ce8bf4ea6334796156e558642f83f4df0d8af5,0x3488f31e6449f9803f99a8b5dd232c7ad883637f1c86e6953305a2ef19c77f20,"US strikes Iran by February 28, 2026?",2026-02-27T18:01:01+00:00,2026-02-28T09:31:17+00:00,15.5044,Yes,Yes,0.1799998704,5.555554,0.9999990000002016,4.555554999999798,True,True,False,0x4d8e06368de72d8d330a1e9153ecd856f6079220f500ac885c07d2ad28422ee4
9,63.602158944805865,HIGH,0.9310344827586207,0.3477046120858446,9,0x86ce8bf4ea6334796156e558642f83f4df0d8af5,0x3488f31e6449f9803f99a8b5dd232c7ad883637f1c86e6953305a2ef19c77f20,"US strikes Iran by February 28, 2026?",2026-02-27T22:43:33+00:00,2026-02-28T09:31:17+00:00,10.7956,Yes,Yes,0.1899998784,5.263156,0.9999990000002305,4.26315699999977,True,True,False,0xaf9ab43323e88847b5b69693bb2be045dcb5ca27e96a05d322cd7872b91b75dd
9,63.602158944805865,HIGH,0.9310344827586207,0.3477046120858446,9,0x86ce8bf4ea6334796156e558642f83f4df0d8af5,0x3488f31e6449f9803f99a8b5dd232c7ad883637f1c86e6953305a2ef19c77f20,"US strikes Iran by February 28, 2026?",2026-02-27T22:43:29+00:00,2026-02-28T09:31:17+00:00,10.7967,Yes,Yes,0.1899998784,5.263156,0.9999990000002305,4.26315699999977,True,True,False,0xfb36498b34e2dd53b66c5527d085121c893480b2dd2c7564a762cfc119f9d01a
9,63.602158944805865,HIGH,0.9310344827586207,0.3477046120858446,9,0x86ce8bf4ea6334796156e558642f83f4df0d8af5,0x3488f31e6449f9803f99a8b5dd232c7ad883637f1c86e6953305a2ef19c77f20,"US strikes Iran by February 28, 2026?",2026-02-27T22:43:25+00:00,2026-02-28T09:31:17+00:00,10.7978,Yes,Yes,0.1899998784,5.263156,0.9999990000002305,4.26315699999977,True,True,False,0x373cf6ccf7018611aa7b3cbac2e9d02c4ddfe2045f802c547a77f4de160f9159
9,63.602158944805865,HIGH,0.9310344827586207,0.3477046120858446,9,0x86ce8bf4ea6334796156e558642f83f4df0d8af5,0x3488f31e6449f9803f99a8b5dd232c7ad883637f1c86e6953305a2ef19c77f20,"US strikes Iran by February 28, 2026?",2026-02-27T22:43:23+00:00,2026-02-28T09:31:17+00:00,10.7983,Yes,Yes,0.1899998784,5.263156,0.9999990000002305,4.26315699999977,True,True,False,0xc31c41f35825de7802a8f9a59a22b5d4e27f6fc6a4519f238cff3d75691fd912
9,63.602158944805865,HIGH,0.9310344827586207,0.3477046120858446,9,0x86ce8bf4ea6334796156e558642f83f4df0d8af5,0xd4bbf7f6707c67beb736135ad32a41f6db41f8ae52d3ac4919650de9eeb94ed8,Khamenei out as Supreme Leader of Iran by February 28?,2026-02-28T18:10:29+00:00,2026-03-04T01:05:25+00:00,78.9156,Yes,Yes,0.4759998267,2.100839,0.9999989999246014,1.1008400000753986,False,False,False,0x440fad9d15e5ffa3ec751148537ddfd4827b63e24575f14b9807ac06ce115ff7
9,63.602158944805865,HIGH,0.9310344827586207,0.3477046120858446,9,0x86ce8bf4ea6334796156e558642f83f4df0d8af5,0xd4bbf7f6707c67beb736135ad32a41f6db41f8ae52d3ac4919650de9eeb94ed8,Khamenei out as Supreme Leader of Iran by February 28?,2026-02-28T18:10:35+00:00,2026-03-04T01:05:25+00:00,78.9139,Yes,Yes,0.4979997819,2.008031,0.9999990000484389,1.0080319999515612,False,False,False,0x60adb32bfbbf154217ff2a39864da6c508af0b2126b9d94068c02f135cb814de
9,63.602158944805865,HIGH,0.9310344827586207,0.3477046120858446,9,0x86ce8bf4ea6334796156e558642f83f4df0d8af5,0xd4bbf7f6707c67beb736135ad32a41f6db41f8ae52d3ac4919650de9eeb94ed8,Khamenei out as Supreme Leader of Iran by February 28?,2026-02-28T18:10:39+00:00,2026-03-04T01:05:25+00:00,78.9128,Yes,Yes,0.499000004,2.004008,1.0000000000160318,1.004007999983968,False,False,False,0x42bb3f125ee4c4b8cf748029022be41a8f6682e3f614b63f3018bfac32962d7f
9,63.602158944805865,HIGH,0.9310344827586207,0.3477046120858446,9,0x86ce8bf4ea6334796156e558642f83f4df0d8af5,0xd4bbf7f6707c67beb736135ad32a41f6db41f8ae52d3ac4919650de9eeb94ed8,Khamenei out as Supreme Leader of Iran by February 28?,2026-02-28T18:10:31+00:00,2026-03-04T01:05:25+00:00,78.915,Yes,Yes,0.499000004,2.004008,1.0000000000160318,1.004007999983968,False,False,False,0x2e42b5683590ae6d4b5b206e278eed5df5d5e2f63929be70a579c3fbd6c87314
10,63.52912316669074,HIGH,0.676923076923077,0.09359320625030088,7,0xbb39ba863319281427a482c8714ffdf69cb7ee8a,0x4c5701bcde0b8fb7d7f48c8e9d20245a6caa58c61a77f981fad98f2bfa0b1bc7,US x Iran ceasefire by April 7?,2026-04-07T21:15:37+00:00,2026-04-11T00:28:39+00:00,75.2172,Yes,Yes,0.2199977201,13158.27,2894.7894004602267,10263.480599539775,True,False,False,0x361c5491dd9614207971a7df5df19019d9ad621d385ce0edadfde8df7d1918ac
10,63.52912316669074,HIGH,0.676923076923077,0.09359320625030088,7,0xbb39ba863319281427a482c8714ffdf69cb7ee8a,0x3488f31e6449f9803f99a8b5dd232c7ad883637f1c86e6953305a2ef19c77f20,"US strikes Iran by February 28, 2026?",2026-01-22T22:51:44+00:00,2026-02-28T09:31:17+00:00,874.6592,Yes,Yes,0.44,9498.0,4179.12,5318.88,False,False,False,0xd103a81ccddf28d6c2f0cdaf813901396735ea3dcb26c9047fe8ea1b8c24b31f
10,63.52912316669074,HIGH,0.676923076923077,0.09359320625030088,7,0xbb39ba863319281427a482c8714ffdf69cb7ee8a,0x3488f31e6449f9803f99a8b5dd232c7ad883637f1c86e6953305a2ef19c77f20,"US strikes Iran by February 28, 2026?",2026-02-25T09:06:54+00:00,2026-02-28T09:31:17+00:00,72.4064,Yes,Yes,0.11,5000.0,550.0,4450.0,True,False,False,0x9a824a6313294595688e885aaa6321b73d6a56059114d9d0fee54b990dfffcdd
10,63.52912316669074,HIGH,0.676923076923077,0.09359320625030088,7,0xbb39ba863319281427a482c8714ffdf69cb7ee8a,0x3488f31e6449f9803f99a8b5dd232c7ad883637f1c86e6953305a2ef19c77f20,"US strikes Iran by February 28, 2026?",2026-02-25T09:23:16+00:00,2026-02-28T09:31:17+00:00,72.1336,Yes,Yes,0.11,4444.44,488.88839999999993,3955.5516,True,False,False,0xf5ee7cabc81d4574535b2463851bf1aa08b8184bfa268aaf72848617b898f63f
10,63.52912316669074,HIGH,0.676923076923077,0.09359320625030088,7,0xbb39ba863319281427a482c8714ffdf69cb7ee8a,0x3488f31e6449f9803f99a8b5dd232c7ad883637f1c86e6953305a2ef19c77f20,"US strikes Iran by February 28, 2026?",2026-02-25T10:36:48+00:00,2026-02-28T09:31:17+00:00,70.9081,Yes,Yes,0.12,4000.0,480.0,3520.0,True,False,False,0x54a5967be15dae1c64015f325b7ff86d44810424bf89fcca6ffaac5a4556d411
10,63.52912316669074,HIGH,0.676923076923077,0.09359320625030088,7,0xbb39ba863319281427a482c8714ffdf69cb7ee8a,0x3488f31e6449f9803f99a8b5dd232c7ad883637f1c86e6953305a2ef19c77f20,"US strikes Iran by February 28, 2026?",2026-02-26T18:51:42+00:00,2026-02-28T09:31:17+00:00,38.6597,Yes,Yes,0.1,3600.24,360.024,3240.216,True,False,False,0x25540bb081e926f0ddcd02d202507155ba99054510c539f94f45a65fa350d6a5
10,63.52912316669074,HIGH,0.676923076923077,0.09359320625030088,7,0xbb39ba863319281427a482c8714ffdf69cb7ee8a,0xd4bbf7f6707c67beb736135ad32a41f6db41f8ae52d3ac4919650de9eeb94ed8,Khamenei out as Supreme Leader of Iran by February 28?,2026-02-28T14:34:53+00:00,2026-03-04T01:05:25+00:00,82.5089,Yes,Yes,0.39,5000.07,1950.0273,3050.0427,False,False,False,0xe4a0cc059f8250a3240ab4611e744e65369738406f3d9a807cf54a14293fb506
10,63.52912316669074,HIGH,0.676923076923077,0.09359320625030088,7,0xbb39ba863319281427a482c8714ffdf69cb7ee8a,0x3488f31e6449f9803f99a8b5dd232c7ad883637f1c86e6953305a2ef19c77f20,"US strikes Iran by February 28, 2026?",2026-02-25T08:36:14+00:00,2026-02-28T09:31:17+00:00,72.9175,Yes,Yes,0.11,3000.0,330.0,2670.0,True,False,False,0x1f09ce6b0382e717c7e6892a6e36bd4dccd17bb30b35238f415d1226644cefa5
10,63.52912316669074,HIGH,0.676923076923077,0.09359320625030088,7,0xbb39ba863319281427a482c8714ffdf69cb7ee8a,0x3488f31e6449f9803f99a8b5dd232c7ad883637f1c86e6953305a2ef19c77f20,"US strikes Iran by February 28, 2026?",2026-02-26T10:28:38+00:00,2026-02-28T09:31:17+00:00,47.0442,Yes,Yes,0.09,2813.0,253.17,2559.83,True,False,False,0xfd8423193d2f46a464ff4e639088c89685bd89c0b77e261176fbd98769d2755f
10,63.52912316669074,HIGH,0.676923076923077,0.09359320625030088,7,0xbb39ba863319281427a482c8714ffdf69cb7ee8a,0x3488f31e6449f9803f99a8b5dd232c7ad883637f1c86e6953305a2ef19c77f20,"US strikes Iran by February 28, 2026?",2026-02-25T09:27:08+00:00,2026-02-28T09:31:17+00:00,72.0692,Yes,Yes,0.11,2500.0,275.0,2225.0,True,False,False,0x50a7a865864eaf159e0922652f3aecffd2c27c147a1855a145f8a2d2b17218b7
10,63.52912316669074,HIGH,0.676923076923077,0.09359320625030088,7,0xbb39ba863319281427a482c8714ffdf69cb7ee8a,0x3488f31e6449f9803f99a8b5dd232c7ad883637f1c86e6953305a2ef19c77f20,"US strikes Iran by February 28, 2026?",2026-02-25T10:47:10+00:00,2026-02-28T09:31:17+00:00,70.7353,Yes,Yes,0.12,2500.0,300.0,2200.0,True,False,False,0x82f02142262efc081ae12a686be78284c8f130aa019c0dd9770dd30ce505c17f
10,63.52912316669074,HIGH,0.676923076923077,0.09359320625030088,7,0xbb39ba863319281427a482c8714ffdf69cb7ee8a,0x3488f31e6449f9803f99a8b5dd232c7ad883637f1c86e6953305a2ef19c77f20,"US strikes Iran by February 28, 2026?",2026-02-26T21:10:38+00:00,2026-02-28T09:31:17+00:00,36.3442,Yes,Yes,0.08,2243.94,179.51520000000002,2064.4248000000002,True,False,False,0x62effef6d72c1d56bb9291d218b06d5065466d3eb791c64907c61df76c18472e
10,63.52912316669074,HIGH,0.676923076923077,0.09359320625030088,7,0xbb39ba863319281427a482c8714ffdf69cb7ee8a,0xd4bbf7f6707c67beb736135ad32a41f6db41f8ae52d3ac4919650de9eeb94ed8,Khamenei out as Supreme Leader of Iran by February 28?,2026-02-28T14:48:59+00:00,2026-03-04T01:05:25+00:00,82.2739,Yes,Yes,0.3984804558,3394.11,1352.4864998353382,2041.623500164662,False,False,False,0xa076b0edf1ef91522b86dafa44e1c3a4f743b195dc008c8e8e6ccd07718d8b3b
10,63.52912316669074,HIGH,0.676923076923077,0.09359320625030088,7,0xbb39ba863319281427a482c8714ffdf69cb7ee8a,0x3488f31e6449f9803f99a8b5dd232c7ad883637f1c86e6953305a2ef19c77f20,"US strikes Iran by February 28, 2026?",2026-02-24T15:37:30+00:00,2026-02-28T09:31:17+00:00,89.8964,Yes,Yes,0.15,2401.0,360.15,2040.85,True,False,False,0xdc0092239d3dcd8b12b56ce342dbf6182681089f18541623ba4eaa7c6ed2541f
10,63.52912316669074,HIGH,0.676923076923077,0.09359320625030088,7,0xbb39ba863319281427a482c8714ffdf69cb7ee8a,0x3488f31e6449f9803f99a8b5dd232c7ad883637f1c86e6953305a2ef19c77f20,"US strikes Iran by February 28, 2026?",2026-02-26T18:37:28+00:00,2026-02-28T09:31:17+00:00,38.8969,Yes,Yes,0.13,2222.0,288.86,1933.14,True,False,False,0xacc4ba4aa8f4dc5654bb35451ff8e7a363e781a925118b860458fb31f190644d
10,63.52912316669074,HIGH,0.676923076923077,0.09359320625030088,7,0xbb39ba863319281427a482c8714ffdf69cb7ee8a,0x3488f31e6449f9803f99a8b5dd232c7ad883637f1c86e6953305a2ef19c77f20,"US strikes Iran by February 28, 2026?",2026-02-26T18:03:34+00:00,2026-02-28T09:31:17+00:00,39.4619,Yes,Yes,0.14,2085.36,291.95040000000006,1793.4096000000002,True,False,False,0xbedfeac429393bbb20ea3b7c70affae8ec2c9099c5d992328be72b3954630ebc
10,63.52912316669074,HIGH,0.676923076923077,0.09359320625030088,7,0xbb39ba863319281427a482c8714ffdf69cb7ee8a,0xd4bbf7f6707c67beb736135ad32a41f6db41f8ae52d3ac4919650de9eeb94ed8,Khamenei out as Supreme Leader of Iran by February 28?,2026-02-28T16:31:23+00:00,2026-03-04T01:05:25+00:00,80.5672,Yes,Yes,0.462,2518.29,1163.44998,1354.84002,False,False,False,0x47ee6061e364476efa772dfa07a4dd09bca3ba7dc2ed764db9509d6737b0d7ac
10,63.52912316669074,HIGH,0.676923076923077,0.09359320625030088,7,0xbb39ba863319281427a482c8714ffdf69cb7ee8a,0x43ec78527bd98a0588dd9455685b2cc82f5743140cb3a154603dc03c02b57de5,US government shutdown Saturday?,2026-01-29T11:53:24+00:00,2026-02-04T00:35:28+00:00,132.7011,Yes,Yes,0.48,1944.24,933.2352,1011.0048,False,False,False,0xec12b42bf02efddfb5c434b732c54f4bf021b57f11b79b1453b56a862d35cbe7
10,63.52912316669074,HIGH,0.676923076923077,0.09359320625030088,7,0xbb39ba863319281427a482c8714ffdf69cb7ee8a,0x3488f31e6449f9803f99a8b5dd232c7ad883637f1c86e6953305a2ef19c77f20,"US strikes Iran by February 28, 2026?",2026-02-18T15:01:30+00:00,2026-02-28T09:31:17+00:00,234.4964,Yes,Yes,0.31,1301.04,403.32239999999996,897.7176,False,False,False,0x27f65169e04086cc7cbf628b2f92377c97d16fba900c4c76309ab126b74d856d
10,63.52912316669074,HIGH,0.676923076923077,0.09359320625030088,7,0xbb39ba863319281427a482c8714ffdf69cb7ee8a,0x3488f31e6449f9803f99a8b5dd232c7ad883637f1c86e6953305a2ef19c77f20,"US strikes Iran by February 28, 2026?",2026-02-25T08:38:36+00:00,2026-02-28T09:31:17+00:00,72.8781,Yes,Yes,0.11,1000.0,110.0,890.0,True,False,False,0xe259bb931cf7d59755fe1975dd8f6a16703bb52322d3ba2344a38b2283506d9c
10,63.52912316669074,HIGH,0.676923076923077,0.09359320625030088,7,0xbb39ba863319281427a482c8714ffdf69cb7ee8a,0x3488f31e6449f9803f99a8b5dd232c7ad883637f1c86e6953305a2ef19c77f20,"US strikes Iran by February 28, 2026?",2026-02-26T18:30:22+00:00,2026-02-28T09:31:17+00:00,39.0153,Yes,Yes,0.16,1000.0,160.0,840.0,True,False,False,0x3e2ae9cefea05f21f579f5699fed158eed02ae98bba8f1f90845c71e1bf30034
10,63.52912316669074,HIGH,0.676923076923077,0.09359320625030088,7,0xbb39ba863319281427a482c8714ffdf69cb7ee8a,0x43ec78527bd98a0588dd9455685b2cc82f5743140cb3a154603dc03c02b57de5,US government shutdown Saturday?,2026-01-08T18:26:16+00:00,2026-02-04T00:35:28+00:00,630.1533,Yes,Yes,0.26,1132.02,294.3252,837.6948,False,False,False,0x023b64b8aa412fb6fda90d473affd572093640e321c47957e7d2a55ee59a62b5
10,63.52912316669074,HIGH,0.676923076923077,0.09359320625030088,7,0xbb39ba863319281427a482c8714ffdf69cb7ee8a,0x43ec78527bd98a0588dd9455685b2cc82f5743140cb3a154603dc03c02b57de5,US government shutdown Saturday?,2026-01-29T10:33:50+00:00,2026-02-04T00:35:28+00:00,134.0272,Yes,Yes,0.46,1498.0,689.08,808.9200000000001,False,False,False,0x947f089b5a17560fdbd965b37f5401d5d35e683e82dc8642244649c7b01d4f08
10,63.52912316669074,HIGH,0.676923076923077,0.09359320625030088,7,0xbb39ba863319281427a482c8714ffdf69cb7ee8a,0x3488f31e6449f9803f99a8b5dd232c7ad883637f1c86e6953305a2ef19c77f20,"US strikes Iran by February 28, 2026?",2026-02-26T10:03:56+00:00,2026-02-28T09:31:17+00:00,47.4558,Yes,Yes,0.09,870.22,78.3198,791.9002,True,False,False,0x5af429ea333123970df585dface1d79856c2a4960cfeeee8dce02d350d35ba47
10,63.52912316669074,HIGH,0.676923076923077,0.09359320625030088,7,0xbb39ba863319281427a482c8714ffdf69cb7ee8a,0x4c5701bcde0b8fb7d7f48c8e9d20245a6caa58c61a77f981fad98f2bfa0b1bc7,US x Iran ceasefire by April 7?,2026-04-06T15:54:19+00:00,2026-04-11T00:28:39+00:00,104.5722,Yes,Yes,0.033,732.08,24.158640000000002,707.92136,True,False,False,0x3d19787f8544ba97f736ee0c7a895e16b36cc9dd06cc9dc8782c48186dc078e6
10,63.52912316669074,HIGH,0.676923076923077,0.09359320625030088,7,0xbb39ba863319281427a482c8714ffdf69cb7ee8a,0xd4bbf7f6707c67beb736135ad32a41f6db41f8ae52d3ac4919650de9eeb94ed8,Khamenei out as Supreme Leader of Iran by February 28?,2026-02-28T16:03:41+00:00,2026-03-04T01:05:25+00:00,81.0289,Yes,Yes,0.39,1115.53,435.0567,680.4733,False,False,False,0x76c8ae4313b14d1909bf969b982d1da2998c1639a15f5d735204cb1535bd7de4
10,63.52912316669074,HIGH,0.676923076923077,0.09359320625030088,7,0xbb39ba863319281427a482c8714ffdf69cb7ee8a,0xd4bbf7f6707c67beb736135ad32a41f6db41f8ae52d3ac4919650de9eeb94ed8,Khamenei out as Supreme Leader of Iran by February 28?,2026-02-28T14:55:05+00:00,2026-03-04T01:05:25+00:00,82.1722,Yes,Yes,0.2389222903,816.5,195.08005002995,621.41994997005,True,False,False,0x5208053d7aa6011e792976706ce9f0d5f8a9df409a6de27e2b181567c40a6667
10,63.52912316669074,HIGH,0.676923076923077,0.09359320625030088,7,0xbb39ba863319281427a482c8714ffdf69cb7ee8a,0xd4bbf7f6707c67beb736135ad32a41f6db41f8ae52d3ac4919650de9eeb94ed8,Khamenei out as Supreme Leader of Iran by February 28?,2026-02-28T14:55:05+00:00,2026-03-04T01:05:25+00:00,82.1722,Yes,Yes,0.239,816.5,195.1435,621.3565,True,False,False,0xbc485115001080bffce06a43846bbddb5ec0e4af4f12fe9e2356d81ca591e1f1
10,63.52912316669074,HIGH,0.676923076923077,0.09359320625030088,7,0xbb39ba863319281427a482c8714ffdf69cb7ee8a,0xd4bbf7f6707c67beb736135ad32a41f6db41f8ae52d3ac4919650de9eeb94ed8,Khamenei out as Supreme Leader of Iran by February 28?,2026-02-28T15:43:05+00:00,2026-03-04T01:05:25+00:00,81.3722,Yes,Yes,0.38897,1000.0,388.96999999999997,611.03,False,False,False,0xb968e73b8a543da5c20cf97516d98bf9b7b765852e10997b665d754db95cb9c1
10,63.52912316669074,HIGH,0.676923076923077,0.09359320625030088,7,0xbb39ba863319281427a482c8714ffdf69cb7ee8a,0x3488f31e6449f9803f99a8b5dd232c7ad883637f1c86e6953305a2ef19c77f20,"US strikes Iran by February 28, 2026?",2026-01-26T13:14:19+00:00,2026-02-28T09:31:17+00:00,788.2828,Yes,Yes,0.47,1140.05,535.8235,604.2265,False,False,False,0xa45d05dfdf6d82db07416ee264f99bd39154f33064991f520a2f40ec019b6095
10,63.52912316669074,HIGH,0.676923076923077,0.09359320625030088,7,0xbb39ba863319281427a482c8714ffdf69cb7ee8a,0x3488f31e6449f9803f99a8b5dd232c7ad883637f1c86e6953305a2ef19c77f20,"US strikes Iran by February 28, 2026?",2026-02-25T08:38:32+00:00,2026-02-28T09:31:17+00:00,72.8792,Yes,Yes,0.11,667.0,73.37,593.63,True,False,False,0xb08fc0b8d67dc2ecadcce2fbbe46d7ec93a1dcb3da6702f602e5b1a998a6f1dc
10,63.52912316669074,HIGH,0.676923076923077,0.09359320625030088,7,0xbb39ba863319281427a482c8714ffdf69cb7ee8a,0xd4bbf7f6707c67beb736135ad32a41f6db41f8ae52d3ac4919650de9eeb94ed8,Khamenei out as Supreme Leader of Iran by February 28?,2026-02-28T14:09:45+00:00,2026-03-04T01:05:25+00:00,82.9278,Yes,Yes,0.39,816.5,318.435,498.065,False,False,False,0xa6d95473484e709f95f2d54539f3af00f6dbc34155544c49c577a4f482461565
10,63.52912316669074,HIGH,0.676923076923077,0.09359320625030088,7,0xbb39ba863319281427a482c8714ffdf69cb7ee8a,0x3488f31e6449f9803f99a8b5dd232c7ad883637f1c86e6953305a2ef19c77f20,"US strikes Iran by February 28, 2026?",2026-02-25T09:26:58+00:00,2026-02-28T09:31:17+00:00,72.0719,Yes,Yes,0.11,555.56,61.111599999999996,494.44839999999994,True,False,False,0x9a51d8010935d7036d75f08c29344128f4cfe45369e827b41e0c0b30101a50cb
10,63.52912316669074,HIGH,0.676923076923077,0.09359320625030088,7,0xbb39ba863319281427a482c8714ffdf69cb7ee8a,0xd4bbf7f6707c67beb736135ad32a41f6db41f8ae52d3ac4919650de9eeb94ed8,Khamenei out as Supreme Leader of Iran by February 28?,2026-02-28T15:58:43+00:00,2026-03-04T01:05:25+00:00,81.1117,Yes,Yes,0.403,693.55,279.50065,414.04934999999995,False,False,False,0x89036529c24f6e74a9a2ca0986f56110d8f45ac300425549e01d6125bd250a8d
10,63.52912316669074,HIGH,0.676923076923077,0.09359320625030088,7,0xbb39ba863319281427a482c8714ffdf69cb7ee8a,0x3488f31e6449f9803f99a8b5dd232c7ad883637f1c86e6953305a2ef19c77f20,"US strikes Iran by February 28, 2026?",2026-02-27T10:31:09+00:00,2026-02-28T09:31:17+00:00,23.0022,Yes,Yes,0.11,400.0,44.0,356.0,True,True,False,0x09faa6697d7340dcd56166bb864fba8a556c70abd7c1455d215f7dbed5d7bb5d
10,63.52912316669074,HIGH,0.676923076923077,0.09359320625030088,7,0xbb39ba863319281427a482c8714ffdf69cb7ee8a,0x4c5701bcde0b8fb7d7f48c8e9d20245a6caa58c61a77f981fad98f2bfa0b1bc7,US x Iran ceasefire by April 7?,2026-04-06T15:48:11+00:00,2026-04-11T00:28:39+00:00,104.6744,Yes,Yes,0.033,340.0,11.22,328.78,True,False,False,0x4560178b1a59f8d78dcc92ba7ec10608e4aefc0bc862159be6a25f49a94ea369
10,63.52912316669074,HIGH,0.676923076923077,0.09359320625030088,7,0xbb39ba863319281427a482c8714ffdf69cb7ee8a,0x3488f31e6449f9803f99a8b5dd232c7ad883637f1c86e6953305a2ef19c77f20,"US strikes Iran by February 28, 2026?",2026-02-23T22:37:36+00:00,2026-02-28T09:31:17+00:00,106.8947,Yes,Yes,0.21,413.93,86.9253,327.0047,True,False,False,0x38f4467eab759e8437e14799b8f54a53560a81cc9ba77dc9cc8d050ff4c2479c
10,63.52912316669074,HIGH,0.676923076923077,0.09359320625030088,7,0xbb39ba863319281427a482c8714ffdf69cb7ee8a,0x3488f31e6449f9803f99a8b5dd232c7ad883637f1c86e6953305a2ef19c77f20,"US strikes Iran by February 28, 2026?",2026-02-26T10:11:24+00:00,2026-02-28T09:31:17+00:00,47.3314,Yes,Yes,0.09,327.0,29.43,297.57,True,False,False,0x0bb09034e5278df2be58b006cdfe462fdd6d3a9c2e28b2a9d817faa007878c7c
10,63.52912316669074,HIGH,0.676923076923077,0.09359320625030088,7,0xbb39ba863319281427a482c8714ffdf69cb7ee8a,0x3488f31e6449f9803f99a8b5dd232c7ad883637f1c86e6953305a2ef19c77f20,"US strikes Iran by February 28, 2026?",2026-02-25T07:00:28+00:00,2026-02-28T09:31:17+00:00,74.5136,Yes,Yes,0.11,333.07,36.6377,296.4323,True,False,False,0xb120890122698f9266dd9c3b7cb01b0a88f721b7b22c03c9214751bfd9b617a2
10,63.52912316669074,HIGH,0.676923076923077,0.09359320625030088,7,0xbb39ba863319281427a482c8714ffdf69cb7ee8a,0xd4bbf7f6707c67beb736135ad32a41f6db41f8ae52d3ac4919650de9eeb94ed8,Khamenei out as Supreme Leader of Iran by February 28?,2026-02-28T15:27:59+00:00,2026-03-04T01:05:25+00:00,81.6239,Yes,Yes,0.3,348.29,104.48700000000001,243.803,False,False,False,0x74f2bacce3a814f9555fee38e5af8817f304cc5674ac57acf7c7764d09cef09f
10,63.52912316669074,HIGH,0.676923076923077,0.09359320625030088,7,0xbb39ba863319281427a482c8714ffdf69cb7ee8a,0xd4bbf7f6707c67beb736135ad32a41f6db41f8ae52d3ac4919650de9eeb94ed8,Khamenei out as Supreme Leader of Iran by February 28?,2026-02-28T15:28:27+00:00,2026-03-04T01:05:25+00:00,81.6161,Yes,Yes,0.296,337.52,99.90592,237.61407999999997,False,False,False,0xe8f7e94452a60968bfd1b222196f21b123227ae389bd8dd6e4c04e0698fa46e8
10,63.52912316669074,HIGH,0.676923076923077,0.09359320625030088,7,0xbb39ba863319281427a482c8714ffdf69cb7ee8a,0x4c5701bcde0b8fb7d7f48c8e9d20245a6caa58c61a77f981fad98f2bfa0b1bc7,US x Iran ceasefire by April 7?,2026-04-06T15:48:15+00:00,2026-04-11T00:28:39+00:00,104.6733,Yes,Yes,0.035,229.69,8.039150000000001,221.65085,True,False,False,0x8db0b5e9a1ee6f547d8b0b00787f1880ecae98bd14a8920e99598818b3df174a
10,63.52912316669074,HIGH,0.676923076923077,0.09359320625030088,7,0xbb39ba863319281427a482c8714ffdf69cb7ee8a,0x3488f31e6449f9803f99a8b5dd232c7ad883637f1c86e6953305a2ef19c77f20,"US strikes Iran by February 28, 2026?",2026-02-24T22:32:54+00:00,2026-02-28T09:31:17+00:00,82.9731,Yes,Yes,0.18,216.0,38.879999999999995,177.12,True,False,False,0x895ba67585423713d5522e71472771f72078f95efcf159ece4cf0c528c8d3330
10,63.52912316669074,HIGH,0.676923076923077,0.09359320625030088,7,0xbb39ba863319281427a482c8714ffdf69cb7ee8a,0xd4bbf7f6707c67beb736135ad32a41f6db41f8ae52d3ac4919650de9eeb94ed8,Khamenei out as Supreme Leader of Iran by February 28?,2026-02-28T16:30:23+00:00,2026-03-04T01:05:25+00:00,80.5839,Yes,Yes,0.4799001066,300.32,144.123600014112,156.196399985888,False,False,False,0x27a518da9eb045c19dabeadfdef982e5bb972d670fb3a60be6d7c422194aee83
10,63.52912316669074,HIGH,0.676923076923077,0.09359320625030088,7,0xbb39ba863319281427a482c8714ffdf69cb7ee8a,0x3488f31e6449f9803f99a8b5dd232c7ad883637f1c86e6953305a2ef19c77f20,"US strikes Iran by February 28, 2026?",2026-02-24T11:14:18+00:00,2026-02-28T09:31:17+00:00,94.2831,Yes,Yes,0.17,176.0,29.92,146.07999999999998,True,False,False,0xc7512feb6cc59d0c87dbcf577815434afc48b96ad86b3f11d9ae178b8f4a763b
10,63.52912316669074,HIGH,0.676923076923077,0.09359320625030088,7,0xbb39ba863319281427a482c8714ffdf69cb7ee8a,0x3488f31e6449f9803f99a8b5dd232c7ad883637f1c86e6953305a2ef19c77f20,"US strikes Iran by February 28, 2026?",2026-02-24T16:10:36+00:00,2026-02-28T09:31:17+00:00,89.3447,Yes,Yes,0.14,160.94,22.5316,138.4084,True,False,False,0x0ff793dc9e401d2dde22b27e06fddf4ac17f7dd32a77845382698a59b4760cfe
10,63.52912316669074,HIGH,0.676923076923077,0.09359320625030088,7,0xbb39ba863319281427a482c8714ffdf69cb7ee8a,0xd4bbf7f6707c67beb736135ad32a41f6db41f8ae52d3ac4919650de9eeb94ed8,Khamenei out as Supreme Leader of Iran by February 28?,2026-02-28T15:42:59+00:00,2026-03-04T01:05:25+00:00,81.3739,Yes,Yes,0.37,199.98,73.9926,125.9874,False,False,False,0x1c57b188e0710b87b11ca9ea6f8abf5461385722e39a4388593ac4462a381577
10,63.52912316669074,HIGH,0.676923076923077,0.09359320625030088,7,0xbb39ba863319281427a482c8714ffdf69cb7ee8a,0x4c5701bcde0b8fb7d7f48c8e9d20245a6caa58c61a77f981fad98f2bfa0b1bc7,US x Iran ceasefire by April 7?,2026-04-07T21:20:57+00:00,2026-04-11T00:28:39+00:00,75.1283,Yes,Yes,0.209,157.14,32.842259999999996,124.29773999999999,True,False,False,0xee43f0d6d61a838281159226417edd808711b6e4bf044abd88bc7eb3d4e4fef0
10,63.52912316669074,HIGH,0.676923076923077,0.09359320625030088,7,0xbb39ba863319281427a482c8714ffdf69cb7ee8a,0xd4bbf7f6707c67beb736135ad32a41f6db41f8ae52d3ac4919650de9eeb94ed8,Khamenei out as Supreme Leader of Iran by February 28?,2026-02-28T14:30:59+00:00,2026-03-04T01:05:25+00:00,82.5739,Yes,Yes,0.406,191.48,77.74088,113.73911999999999,False,False,False,0x070390b9abc8607244ee4a1623cb6f226b51c88fc9fcc6660bba6d1dd3684779
10,63.52912316669074,HIGH,0.676923076923077,0.09359320625030088,7,0xbb39ba863319281427a482c8714ffdf69cb7ee8a,0xd4bbf7f6707c67beb736135ad32a41f6db41f8ae52d3ac4919650de9eeb94ed8,Khamenei out as Supreme Leader of Iran by February 28?,2026-02-28T14:21:05+00:00,2026-03-04T01:05:25+00:00,82.7389,Yes,Yes,0.409,172.78,70.66702,102.11298,False,False,False,0x7b989c038b85c40a42b2ceb41d0434da4620cb367952ad38a68f3258322ec74e
10,63.52912316669074,HIGH,0.676923076923077,0.09359320625030088,7,0xbb39ba863319281427a482c8714ffdf69cb7ee8a,0x4c5701bcde0b8fb7d7f48c8e9d20245a6caa58c61a77f981fad98f2bfa0b1bc7,US x Iran ceasefire by April 7?,2026-04-07T12:08:05+00:00,2026-04-11T00:28:39+00:00,84.3428,Yes,Yes,0.02,100.0,2.0,98.0,True,False,False,0x2af6842d947fa126ac13bcf6f8ddb3d7f99f185fc548a201005ef3708016cc51
10,63.52912316669074,HIGH,0.676923076923077,0.09359320625030088,7,0xbb39ba863319281427a482c8714ffdf69cb7ee8a,0xd4bbf7f6707c67beb736135ad32a41f6db41f8ae52d3ac4919650de9eeb94ed8,Khamenei out as Supreme Leader of Iran by February 28?,2026-02-28T16:32:15+00:00,2026-03-04T01:05:25+00:00,80.5528,Yes,Yes,0.492,189.85,93.4062,96.4438,False,False,False,0x638af87d565f5cccc6c0fe5c1881e7c6a83a1661cd88d961c701fba5bdb5dee8
10,63.52912316669074,HIGH,0.676923076923077,0.09359320625030088,7,0xbb39ba863319281427a482c8714ffdf69cb7ee8a,0x3488f31e6449f9803f99a8b5dd232c7ad883637f1c86e6953305a2ef19c77f20,"US strikes Iran by February 28, 2026?",2026-02-26T12:47:48+00:00,2026-02-28T09:31:17+00:00,44.7247,Yes,Yes,0.09,105.11,9.4599,95.65010000000001,True,False,False,0x817e73758e31c4ff61b692c28931ec69fc1942fb1b3090b9a004f36752c16ef6
10,63.52912316669074,HIGH,0.676923076923077,0.09359320625030088,7,0xbb39ba863319281427a482c8714ffdf69cb7ee8a,0x3488f31e6449f9803f99a8b5dd232c7ad883637f1c86e6953305a2ef19c77f20,"US strikes Iran by February 28, 2026?",2026-02-26T10:28:54+00:00,2026-02-28T09:31:17+00:00,47.0397,Yes,Yes,0.09,100.0,9.0,91.0,True,False,False,0xa473183ea7688f83eb60d39c0c7db43f9a73f22e72425bbad05722ea7e08ed58
10,63.52912316669074,HIGH,0.676923076923077,0.09359320625030088,7,0xbb39ba863319281427a482c8714ffdf69cb7ee8a,0x4c5701bcde0b8fb7d7f48c8e9d20245a6caa58c61a77f981fad98f2bfa0b1bc7,US x Iran ceasefire by April 7?,2026-04-07T12:08:17+00:00,2026-04-11T00:28:39+00:00,84.3394,Yes,Yes,0.02,90.0,1.8,88.2,True,False,False,0xa6faae9bf487e735e7c620f63df55957cb9c15be03762da0ad4e5dd42a51bd55
10,63.52912316669074,HIGH,0.676923076923077,0.09359320625030088,7,0xbb39ba863319281427a482c8714ffdf69cb7ee8a,0x3488f31e6449f9803f99a8b5dd232c7ad883637f1c86e6953305a2ef19c77f20,"US strikes Iran by February 28, 2026?",2026-01-26T11:24:25+00:00,2026-02-28T09:31:17+00:00,790.1144,Yes,Yes,0.47,142.05,66.76350000000001,75.2865,False,False,False,0x6998f0676060d9189e35b90fa1d8277e1b6248b892f1156850a31b7b1184f6c6
10,63.52912316669074,HIGH,0.676923076923077,0.09359320625030088,7,0xbb39ba863319281427a482c8714ffdf69cb7ee8a,0x43ec78527bd98a0588dd9455685b2cc82f5743140cb3a154603dc03c02b57de5,US government shutdown Saturday?,2026-01-17T17:10:56+00:00,2026-02-04T00:35:28+00:00,415.4089,Yes,Yes,0.25,100.0,25.0,75.0,True,False,False,0x3978fed511b829567bd288af20053816cc455c96be937e2e452d1996754d9bc8
10,63.52912316669074,HIGH,0.676923076923077,0.09359320625030088,7,0xbb39ba863319281427a482c8714ffdf69cb7ee8a,0x4c5701bcde0b8fb7d7f48c8e9d20245a6caa58c61a77f981fad98f2bfa0b1bc7,US x Iran ceasefire by April 7?,2026-04-07T12:08:19+00:00,2026-04-11T00:28:39+00:00,84.3389,Yes,Yes,0.021,75.0,1.5750000000000002,73.425,True,False,False,0xae4e9dbf2dc19342606429db3d75404333687bb3a5094730df8da5d2cf9d5f73
10,63.52912316669074,HIGH,0.676923076923077,0.09359320625030088,7,0xbb39ba863319281427a482c8714ffdf69cb7ee8a,0xd4bbf7f6707c67beb736135ad32a41f6db41f8ae52d3ac4919650de9eeb94ed8,Khamenei out as Supreme Leader of Iran by February 28?,2026-02-28T15:43:23+00:00,2026-03-04T01:05:25+00:00,81.3672,Yes,Yes,0.4,114.64,45.856,68.78399999999999,False,False,False,0xadf40ef3776bcc8e8123118c28dc61aa8691271deee72f2b4ec95e0b8440f3f4
10,63.52912316669074,HIGH,0.676923076923077,0.09359320625030088,7,0xbb39ba863319281427a482c8714ffdf69cb7ee8a,0x43ec78527bd98a0588dd9455685b2cc82f5743140cb3a154603dc03c02b57de5,US government shutdown Saturday?,2026-01-29T13:32:20+00:00,2026-02-04T00:35:28+00:00,131.0522,Yes,Yes,0.5,74.16,37.08,37.08,False,False,False,0x67571b06acc2ba071ad126c71c7dd46e98236d50c8c40cf8da9365b607ec1a10
10,63.52912316669074,HIGH,0.676923076923077,0.09359320625030088,7,0xbb39ba863319281427a482c8714ffdf69cb7ee8a,0x43ec78527bd98a0588dd9455685b2cc82f5743140cb3a154603dc03c02b57de5,US government shutdown Saturday?,2026-01-17T17:10:08+00:00,2026-02-04T00:35:28+00:00,415.4222,Yes,Yes,0.24,47.34,11.361600000000001,35.9784,True,False,False,0x649d46564a81dcbdc4fc8aafd88e68302e1e0df87dc1791bc091e00ad36587a0
10,63.52912316669074,HIGH,0.676923076923077,0.09359320625030088,7,0xbb39ba863319281427a482c8714ffdf69cb7ee8a,0x3488f31e6449f9803f99a8b5dd232c7ad883637f1c86e6953305a2ef19c77f20,"US strikes Iran by February 28, 2026?",2026-02-24T22:31:22+00:00,2026-02-28T09:31:17+00:00,82.9986,Yes,Yes,0.18,25.32,4.5576,20.762400000000003,True,False,False,0xd288ca304f6009bee1e12be69f52a8c85580421772c421704d33fe707a2e96ba
10,63.52912316669074,HIGH,0.676923076923077,0.09359320625030088,7,0xbb39ba863319281427a482c8714ffdf69cb7ee8a,0x3488f31e6449f9803f99a8b5dd232c7ad883637f1c86e6953305a2ef19c77f20,"US strikes Iran by February 28, 2026?",2026-02-23T22:37:50+00:00,2026-02-28T09:31:17+00:00,106.8908,Yes,Yes,0.21,21.0,4.41,16.59,True,False,False,0xf528dd8d0c28a882159adade5d54d9df456ccb00b05992f977a8c059af581416
10,63.52912316669074,HIGH,0.676923076923077,0.09359320625030088,7,0xbb39ba863319281427a482c8714ffdf69cb7ee8a,0xd4bbf7f6707c67beb736135ad32a41f6db41f8ae52d3ac4919650de9eeb94ed8,Khamenei out as Supreme Leader of Iran by February 28?,2026-02-28T14:36:51+00:00,2026-03-04T01:05:25+00:00,82.4761,Yes,Yes,0.399,26.0,10.374,15.626,False,False,False,0x317069dc16441f94b9e13e6fe529034c37d9be9ff4962fc1a4e891fc3fab7c28
10,63.52912316669074,HIGH,0.676923076923077,0.09359320625030088,7,0xbb39ba863319281427a482c8714ffdf69cb7ee8a,0xd4bbf7f6707c67beb736135ad32a41f6db41f8ae52d3ac4919650de9eeb94ed8,Khamenei out as Supreme Leader of Iran by February 28?,2026-02-28T14:30:43+00:00,2026-03-04T01:05:25+00:00,82.5783,Yes,Yes,0.406,20.0,8.120000000000001,11.879999999999999,False,False,False,0x9113275042b512d206492292022d59b23804e4e7765982a27150706ac16aabd5
10,63.52912316669074,HIGH,0.676923076923077,0.09359320625030088,7,0xbb39ba863319281427a482c8714ffdf69cb7ee8a,0x3488f31e6449f9803f99a8b5dd232c7ad883637f1c86e6953305a2ef19c77f20,"US strikes Iran by February 28, 2026?",2026-02-26T12:14:44+00:00,2026-02-28T09:31:17+00:00,45.2758,Yes,Yes,0.09,10.89,0.9801,9.9099,True,False,False,0xbc7da9dabb169f812cd2d498a32e99c7d45fe28145f669970c3479dc1371dc86
10,63.52912316669074,HIGH,0.676923076923077,0.09359320625030088,7,0xbb39ba863319281427a482c8714ffdf69cb7ee8a,0x3488f31e6449f9803f99a8b5dd232c7ad883637f1c86e6953305a2ef19c77f20,"US strikes Iran by February 28, 2026?",2026-02-24T22:31:24+00:00,2026-02-28T09:31:17+00:00,82.9981,Yes,Yes,0.18,12.0,2.16,9.84,True,False,False,0x11d17b6c713041f04e17ca94395310e44101db2a75f0c1d7f3251d409a2cbf2d
10,63.52912316669074,HIGH,0.676923076923077,0.09359320625030088,7,0xbb39ba863319281427a482c8714ffdf69cb7ee8a,0xd4bbf7f6707c67beb736135ad32a41f6db41f8ae52d3ac4919650de9eeb94ed8,Khamenei out as Supreme Leader of Iran by February 28?,2026-02-28T15:42:47+00:00,2026-03-04T01:05:25+00:00,81.3772,Yes,Yes,0.367,10.0,3.67,6.33,False,False,False,0xa7cdc0a63fe41510909c43e2baa27cfae0ce8360944b8cc82e681afdb3fed950
10,63.52912316669074,HIGH,0.676923076923077,0.09359320625030088,7,0xbb39ba863319281427a482c8714ffdf69cb7ee8a,0x3488f31e6449f9803f99a8b5dd232c7ad883637f1c86e6953305a2ef19c77f20,"US strikes Iran by February 28, 2026?",2026-02-24T22:32:48+00:00,2026-02-28T09:31:17+00:00,82.9747,Yes,Yes,0.18,6.0,1.08,4.92,True,False,False,0x8d0d35ac4a7f3847be0fcd647037a6d70c0fb5e2384ae5782f15a70480ce8433
10,63.52912316669074,HIGH,0.676923076923077,0.09359320625030088,7,0xbb39ba863319281427a482c8714ffdf69cb7ee8a,0x3488f31e6449f9803f99a8b5dd232c7ad883637f1c86e6953305a2ef19c77f20,"US strikes Iran by February 28, 2026?",2026-02-23T21:35:26+00:00,2026-02-28T09:31:17+00:00,107.9308,Yes,Yes,0.22,5.23,1.1506,4.079400000000001,True,False,False,0x7bb8f7bdb544bd6cca57adcaf99603d4bcd2a7ecd04086d541a154b97310fb61
