condition_id,title,closed,closed_time,end_date,outcomes,outcome_prices,winning_outcome,uma_status
0x00168497e9fb3e59718b7bbe884ac9fd31ed3376b0e6f17fc04f4714d4e91210,o1 FDV above $500M one day after launch?,True,2026-06-18T22:02:47+00:00,2028-01-01T05:00:00+00:00,"[""Yes"", ""No""]","[1.0, 0.0]",Yes,resolved
0x007ef2440b76edda831128e26cd822e6a1d30fe3ed88a7a1dc49b263d15485ed,Will Alex Rodriguez be the next Red Sox manager?,True,2026-09-23T08:52:43+00:00,2027-02-01T04:59:00+00:00,"[""Yes"", ""No""]","[0.0, 1.0]",No,resolved
0x00b27d1d2a180ed36aa6ccfc336c9c413d28ea059ac6c1cd2ebe75ff0c2201d8,OneFootball FDV above $100M one day after launch?,True,2026-04-10T22:27:15+00:00,2028-01-01T05:00:00+00:00,"[""Yes"", ""No""]","[0.0, 1.0]",No,resolved
0x00b95e19261a37965e019efca2bfe0e58b34e7953f3316c7e6da1df691d92e71,Harmonix FDV above $200M one day after launch?,True,2025-12-20T20:52:05+00:00,2027-01-01T05:00:00+00:00,"[""Yes"", ""No""]","[0.0, 1.0]",No,resolved
0x0129f7f8caec687c3c469a6139abd5c76e26e31d883b8d765f15040042c580d3,Flying Tulip FDV above $2B one day after launch?,True,2026-02-24T23:31:18+00:00,2027-01-01T05:00:00+00:00,"[""Yes"", ""No""]","[0.0, 1.0]",No,resolved
0x014777bfe1d4c9b21d1b83a0fd1432353d2100fdd78bf0d13aaf554e0f29f9ef,Pharos FDV above $500M one day after launch?,True,2026-04-29T23:36:58+00:00,2028-01-01T05:00:00+00:00,"[""Yes"", ""No""]","[1.0, 0.0]",Yes,resolved
0x015f8be66093755e6799d09bae89e92dc02fbb90329f2a470c405291176b7fcc,"Will Perena launch a token by June 30, 2026?",True,2026-07-01T11:01:20+00:00,2027-01-01T05:00:00+00:00,"[""Yes"", ""No""]","[0.0, 1.0]",No,resolved
0x01794e73fdc20217fabb58796829fb77373a0c03b30357717a8d3c3cf1709959,idOS FDV above $100M one day after launch?,True,2026-03-07T11:55:43+00:00,2028-01-01T05:00:00+00:00,"[""Yes"", ""No""]","[0.0, 1.0]",No,resolved
0x019afd4e8d8cc517afff837f1e8b80d1cee1da45bc4caab34846eef69cfcd8f8,Will February be the best month for Bitcoin in 2026?,True,2026-03-01T04:32:15+00:00,2027-01-01T05:00:00+00:00,"[""Yes"", ""No""]","[0.0, 1.0]",No,resolved
0x01dcaca2c5c801371b4cdec47c8a9e7b3a99c5a15305b6fb2492c8190294e467,Mezo FDV above $800M one day after launch?,True,2026-04-03T03:14:23+00:00,2027-01-01T05:00:00+00:00,"[""Yes"", ""No""]","[0.0, 1.0]",No,resolved
0x01e1d3d68eb4f2f54a6df5d4c1b95684b0be5003dc5efcc45806b36acbfdcbd9,Genius FDV above $20M one day after launch?,True,2026-04-14T22:04:08+00:00,2028-01-01T05:00:00+00:00,"[""Yes"", ""No""]","[1.0, 0.0]",Yes,resolved
0x030cf6b27ea309cb4bf0ed2c4981c6c3847733c37131ea0d89d2477f8bf70210,Will Lighter dip to $1.5 before 2027?,True,2026-01-31T20:32:50+00:00,2027-01-01T05:00:00+00:00,"[""Yes"", ""No""]","[1.0, 0.0]",Yes,resolved
0x032239ad00d4549e33616588129286485c9744108de196f0535a6f5ba9f08eb3,Will July be the best month for Bitcoin in 2026?,True,2026-08-01T03:18:23+00:00,2027-01-01T05:00:00+00:00,"[""Yes"", ""No""]","[0.0, 1.0]",No,resolved
0x0399a6a90783e8af7f4b6036c3c1007e156d8b2e73807e82db59123e9493078b,Will Jorge Masvidal fight Conor McGregor next?,True,2026-05-17T05:24:36+00:00,2027-03-07T00:00:00+00:00,"[""Yes"", ""No""]","[0.0, 1.0]",No,resolved
0x03c2271926c13386ceabaee1f925b9329a6d1472897831ccdb93f666f8105c7e,Pharos FDV above $800M one day after launch?,True,2026-04-29T23:38:02+00:00,2028-01-01T05:00:00+00:00,"[""Yes"", ""No""]","[1.0, 0.0]",Yes,resolved
0x0421dcb546d36a1e76e80ea1ac0d82d87b117e7f019d1da5e6f08f9c94b5da38,Over $2M committed to the Infinex public sale?,True,2026-01-11T05:03:14+00:00,2027-01-01T05:00:00+00:00,"[""Yes"", ""No""]","[1.0, 0.0]",Yes,resolved
0x04816394103af291b2aacae9a0e3fa7458ea65b638869b62f4d94610cf342d64,Canton FDV above $5B one day after launch?,True,2025-11-12T06:37:13+00:00,2027-01-01T05:00:00+00:00,"[""Yes"", ""No""]","[0.0, 1.0]",No,resolved
0x04d50fa0a5e41a545f28c1c25b15ae52e847ebacb86e4c3418550df96d46cdb8,Elsa FDV above $100M one day after launch?,True,2026-01-22T03:57:14+00:00,2027-01-01T05:00:00+00:00,"[""Yes"", ""No""]","[1.0, 0.0]",Yes,resolved
0x0569085637b507bc48d2b1f78b07156ce07fad4ed9495dd3ed15964ffce2bab0,"Will Exponent launch a token by June 30, 2026?",True,2026-07-01T10:52:11+00:00,2027-01-01T05:00:00+00:00,"[""Yes"", ""No""]","[0.0, 1.0]",No,resolved
0x063e19157317b46433b610c99682ab1d8d5ec469d0b85aa2e0e93481dc26d906,Will Jason Varitek be the next Red Sox manager?,True,2026-09-23T08:52:43+00:00,2027-02-01T04:59:00+00:00,"[""Yes"", ""No""]","[0.0, 1.0]",No,resolved
0x06530a081f7f7e1725fc4ce73509fe4779e69e9df65c3437218bbb9a21c0cc35,Over $1.2B crypto hack value in 2026?,True,2026-08-13T03:48:57+00:00,2027-01-01T05:00:00+00:00,"[""Yes"", ""No""]","[1.0, 0.0]",Yes,resolved
0x067f22dc04a57067323bb90c1c5308a73f7acba1aeb85d6de94d81d308f835da,Zama auction clearing price above $0.20?,True,2026-01-26T14:47:35+00:00,2027-01-01T05:00:00+00:00,"[""Yes"", ""No""]","[0.0, 1.0]",No,resolved
0x06bfcc3b97dbc383168ab107ab3926042712bd1b581014786527f10beb1ab763,USD.AI FDV above $400M one day after launch?,True,2026-04-23T00:25:00+00:00,2027-01-01T05:00:00+00:00,"[""Yes"", ""No""]","[1.0, 0.0]",Yes,resolved
0x072bb809ab90ac6540933b383e03e1943ecb466a514e5aeea5140440a6545980,Will Caio Borralho fight Joe Pyfer next?,True,2026-10-04T07:15:40+00:00,2027-04-01T00:00:00+00:00,"[""Yes"", ""No""]","[0.0, 1.0]",No,resolved
0x073fe781b888918dd97d8b912158cad8b320d6272d9c4e669b308a58c3dcb316,Will Nate Diaz fight Conor McGregor next?,True,2026-05-17T05:26:42+00:00,2027-03-07T00:00:00+00:00,"[""Yes"", ""No""]","[0.0, 1.0]",No,resolved
0x0741d61b2107c84f22751a6fd5ad38f1e59ed423828d2534cc4f810d0eff6b2f,"Will Pump.fun reach $0.0046 by December 31, 2026?",True,2026-08-22T09:46:57+00:00,2027-01-01T05:00:00+00:00,"[""Yes"", ""No""]","[1.0, 0.0]",Yes,resolved
0x075d998e08b54a70b02cfbe8fab813fffae270a762e9cc1ccf810a2fefe68249,"Will Solana dip to $100 by December 31, 2026?",True,2026-01-31T21:22:02+00:00,2027-01-01T05:00:00+00:00,"[""Yes"", ""No""]","[1.0, 0.0]",Yes,resolved
0x07d8173b349b8c41fe2813590fcfec1f2f31446644aa15216601b93cdd9f2fb0,Space FDV above $5M one day after launch?,True,2026-05-01T05:40:04+00:00,2027-01-01T05:00:00+00:00,"[""Yes"", ""No""]","[0.0, 1.0]",No,resolved
0x08722d77a3517ea487d97ab54fb452e7e9cef4b38f5635727fb1c50dc766bc42,"Will Dreamcash launch a token by March 31, 2026?",True,2026-04-01T08:21:53+00:00,2027-01-01T05:00:00+00:00,"[""Yes"", ""No""]","[0.0, 1.0]",No,resolved
0x08903454dd889b2458ab58b786df04f876d26dc75ca71db536b628e810fe8c7a,Fluent FDV above $100M one day after launch?,True,2026-04-25T23:24:32+00:00,2028-01-01T05:00:00+00:00,"[""Yes"", ""No""]","[1.0, 0.0]",Yes,resolved
0x0895ab19ef902085f384322c72ec4ea1a378028e9e51baad1c4e1ea9d8e5c0bf,Unitas Labs FDV above $300M one day after launch?,True,2026-03-15T01:21:53+00:00,2028-01-01T05:00:00+00:00,"[""Yes"", ""No""]","[0.0, 1.0]",No,resolved
0x089df324aaa0cab25c44029aaed865097711e7e932d1245292d9ee048269b10d,Will Pacifica launch a token by March 31 2026?,True,2026-04-01T09:39:53+00:00,2027-01-01T05:00:00+00:00,"[""Yes"", ""No""]","[0.0, 1.0]",No,resolved
0x08aa311914849c68c99adef467d1bed03ba7d68eab997c7d53e0c2661903301b,"Will Hyperliquid reach $54 by December 31, 2026?",True,2026-05-21T01:12:04+00:00,2027-01-01T05:00:00+00:00,"[""Yes"", ""No""]","[1.0, 0.0]",Yes,resolved
0x099886d5731dd1cd49b8f634011cdea4c06f95e6dcab9dd669374dc87f61b542,"Will Tread launch a token by March 31, 2026?",True,2026-04-01T08:17:59+00:00,2027-01-01T05:00:00+00:00,"[""Yes"", ""No""]","[0.0, 1.0]",No,resolved
0x0a1dae2f2b3eb1ec0b8ae721cfb6c021da85cf129ccd1b573c8a0e636f7f7920,"Will MegaETH launch a token by May 31, 2026?",True,2026-04-30T13:49:10+00:00,2027-01-01T05:00:00+00:00,"[""Yes"", ""No""]","[1.0, 0.0]",Yes,resolved
0x0a5e3143e3638b0d7fdf15dab6a4b86be864e0659b83dd870405d6db03c7822f,OneFootball FDV above $50M one day after launch?,True,2026-04-10T22:28:45+00:00,2028-01-01T05:00:00+00:00,"[""Yes"", ""No""]","[0.0, 1.0]",No,resolved
0x0a85d54b88ba5a6d4055de4e29581e5ea77d491942ad60914cbb93ade3977cbc,Over $3M committed to the Bitway public sale?,True,2026-01-26T09:59:31+00:00,2027-01-01T05:00:00+00:00,"[""Yes"", ""No""]","[0.0, 1.0]",No,resolved
0x0ac0937db181a10290c55099c8ccd20df9a662667ee35cde9c9f453cdc972d2d,Will Youssef Zalal fight Kevin Vallejos next?,True,2026-09-30T04:35:50+00:00,2027-03-08T04:59:00+00:00,"[""Yes"", ""No""]","[0.0, 1.0]",No,resolved
0x0b2c6c35964eecc6c54e50c2c495f48cb76a4048850d9b675467fa0a8af426c8,Block Street FDV above $200M one day after launch?,True,2026-03-06T12:12:55+00:00,2028-01-01T05:00:00+00:00,"[""Yes"", ""No""]","[0.0, 1.0]",No,resolved
0x0b610d8a041962ca51ff8eccc028d1a1c701b95844ab25a056ba9ccafef5c588,USD.AI FDV above $3B one day after launch?,True,2026-04-23T00:25:02+00:00,2027-01-01T05:00:00+00:00,"[""Yes"", ""No""]","[0.0, 1.0]",No,resolved
0x0b747d5e5d473bca7a5b6ceeeda1f75e66dc89302d05ce25ea59ddffdd6a7d86,USD.AI FDV above $4B one day after launch?,True,2026-04-23T00:25:04+00:00,2027-01-01T05:00:00+00:00,"[""Yes"", ""No""]","[0.0, 1.0]",No,resolved
0x0ba75bb0395a757edd04d81eba5e27efe671d9b36428bc551c216bf590ca42f6,Will Arman Tsarukyan fight Max Holloway next?,True,2026-05-17T05:35:24+00:00,2027-03-01T00:00:00+00:00,"[""Yes"", ""No""]","[0.0, 1.0]",No,resolved
0x0bf2886362575bc5be2e59a7b245207db43e500f2f04105994f1ec1ab03c5e54,Aligned FDV above $1B one day after launch?,True,2026-08-21T22:02:33+00:00,2028-01-01T05:00:00+00:00,"[""Yes"", ""No""]","[0.0, 1.0]",No,resolved
0x0bffe3740f41d3aa15a0b2416b27284ee04299f40e3cf6694fdc75f13c793972,Will Fogo launch a token by September 30 2026?,True,2026-01-15T15:43:48+00:00,2027-01-01T05:00:00+00:00,"[""Yes"", ""No""]","[1.0, 0.0]",Yes,resolved
0x0c27b26ecd4d7b1757c5ee2f8cc0c179153df6146f448aa4f7e8eedef625238c,Mezo FDV above $100M one day after launch?,True,2026-04-03T03:16:23+00:00,2027-01-01T05:00:00+00:00,"[""Yes"", ""No""]","[0.0, 1.0]",No,resolved
0x0c43ccf6055b998f7c4c2e70d27a36f38719a7beb4930f690ff76a5820caa60b,"Will Predict.fun launch a token by June 30, 2026?",True,2026-07-01T06:27:53+00:00,2028-01-01T05:00:00+00:00,"[""Yes"", ""No""]","[0.0, 1.0]",No,resolved
0x0ccba0adfa651ec05f16de548313125377c73cc19c2d5b5dc6d1a69823e59fd3,Infinex FDV above $1B one day after launch?,True,2026-01-31T23:44:02+00:00,2027-01-01T05:00:00+00:00,"[""Yes"", ""No""]","[0.0, 1.0]",No,resolved
0x0d776f3f5ba09f5434321760b6e94144924a1d7b0a6bd8a60952bbce936be2ba,VOOI FDV above $500M one day after launch?,True,2025-12-20T23:38:07+00:00,2027-01-01T05:00:00+00:00,"[""Yes"", ""No""]","[0.0, 1.0]",No,resolved
0x0d8880457a80d5216bc5359f7de1e99a83adff0f0e39616cfa57dec28033a077,Will SpaceX's public ticker be $STAR?,True,2026-06-12T17:01:33+00:00,2027-12-31T00:00:00+00:00,"[""Yes"", ""No""]","[0.0, 1.0]",No,resolved
0x0d9fb2da5ea97d1e0888c610a7fefe3de606b6adcc68cb071f08bb2a864499fc,Sentio FDV above $200M one day after launch?,True,2026-04-16T22:49:38+00:00,2028-01-01T05:00:00+00:00,"[""Yes"", ""No""]","[0.0, 1.0]",No,resolved
0x0e22dbc9c7aab154e2c0decb4e3bc188717cd0189d6f616695ed087edd692a4f,Will Mateusz Gamrot fight Charles Oliveira next?,True,2026-10-04T07:12:41+00:00,2027-03-01T04:59:00+00:00,"[""Yes"", ""No""]","[0.0, 1.0]",No,resolved
0x0e25020cc4e4cabd549d7bed48b794cecf1138c33185df8f529826f9b42fec29,"Will Tread launch a token by September 30, 2026?",True,2026-09-16T15:45:08+00:00,2027-01-01T05:00:00+00:00,"[""Yes"", ""No""]","[1.0, 0.0]",Yes,resolved
0x0e2703cc8201b20d77574af3335cee74572f658f5b09e9078496570abccb325e,GRVT FDV above $1B one day after launch?,True,2026-07-31T22:01:17+00:00,2028-01-01T05:00:00+00:00,"[""Yes"", ""No""]","[0.0, 1.0]",No,resolved
0x0e52820084d4e4eee6da2117e14bd3c9ed59df48b7562c5d0419b35f7778fcf4,GRVT FDV above $100M one day after launch?,True,2026-07-31T22:01:17+00:00,2028-01-01T05:00:00+00:00,"[""Yes"", ""No""]","[1.0, 0.0]",Yes,resolved
0x0e6f8d9c049598d55e7b7ea2e0ff3729a6f75d39716f08f4e1fa32c186d79530,Will Michael Chandler fight Conor McGregor next?,True,2026-05-17T05:26:34+00:00,2027-03-07T00:00:00+00:00,"[""Yes"", ""No""]","[0.0, 1.0]",No,resolved
0x0e837c6b228025de921a75905c23694016d53def069debbbc3481ff9e07bee73,Based FDV above $2B one day after launch?,True,2026-04-01T00:49:41+00:00,2027-01-01T05:00:00+00:00,"[""Yes"", ""No""]","[0.0, 1.0]",No,resolved
0x0e928b2fa6393d14e579bdad93b33cb44cb21ad5ffa64e05359c5c9d6351efc0,"Will Chainlink dip to $10 by December 31, 2026?",True,2026-01-31T20:35:56+00:00,2027-01-01T05:00:00+00:00,"[""Yes"", ""No""]","[1.0, 0.0]",Yes,resolved
0x0eaf850dd676cd784a3a139a2441044b5ac4e70886c7accd2f8e004d039a9efd,Tria FDV above $800M one day after launch?,True,2026-02-04T23:11:29+00:00,2027-01-01T05:00:00+00:00,"[""Yes"", ""No""]","[0.0, 1.0]",No,resolved
0x0ecde477dd9b215bd4cd754cce39fa0ba3b57cdf49c310a26e9b45f4cbd8d2ef,Over $1M committed to the Foresee public sale?,True,2026-02-09T11:50:25+00:00,2027-01-01T05:00:00+00:00,"[""Yes"", ""No""]","[0.0, 1.0]",No,resolved
0x0ee36d67a622c17526f661a750ccefb0053677b30c7850b079f837121a10a145,USD.AI FDV above $800M one day after launch?,True,2026-04-23T00:36:44+00:00,2027-01-01T05:00:00+00:00,"[""Yes"", ""No""]","[1.0, 0.0]",Yes,resolved
0x0f16a40659612b4aaffed9d02632555ed2d40758a21db502ba0a63b3d898afdf,Over $30M committed to the Trove public sale?,True,2026-01-11T20:14:02+00:00,2027-01-01T05:00:00+00:00,"[""Yes"", ""No""]","[0.0, 1.0]",No,resolved
0x0f203b8a8a57c5693e88ab82c5cdf193587a9378e1a9a78574e2e3792050b594,"Will Solana reach $140 by December 31, 2026?",True,2025-11-26T04:13:13+00:00,2027-01-01T05:00:00+00:00,"[""Yes"", ""No""]","[1.0, 0.0]",Yes,resolved
0x0f2158e04dec35565e6b30b7c9fa0e32f80ec29d6662956c21f0b0e498af6fd7,GRVT FDV above $200M one day after launch?,True,2026-07-31T22:01:17+00:00,2028-01-01T05:00:00+00:00,"[""Yes"", ""No""]","[1.0, 0.0]",Yes,resolved
0x0f7bf10b1eb763d8c66f5123742c3954509ae96df4803be92e4b953c7b7b7f17,Lighter Airdrop before January 1?,True,2025-12-30T10:43:23+00:00,2027-01-01T05:00:00+00:00,"[""Yes"", ""No""]","[1.0, 0.0]",Yes,resolved
0x0f8ba4259a1b9f7fcbed4cc0297ce177f09802e95ba778462582c1e882a4c40b,Will Lindsey Graham be the next Senate Majority Leader?,True,2026-07-12T13:05:22+00:00,2027-01-03T00:00:00+00:00,"[""Yes"", ""No""]","[0.0, 1.0]",No,resolved
0x0f8d01574f789ce287fbca6d650a73726588fa1838df0bca2a900ea86401556b,Bitway FDV above $20M one day after launch?,True,2026-03-04T10:48:53+00:00,2027-01-01T05:00:00+00:00,"[""Yes"", ""No""]","[1.0, 0.0]",Yes,resolved
0x0f9049854c25a827c5b1a8f57f6f2ff7af593595ecc7a8d78d9287aabfb72872,"Will Rabby launch a token by March 31, 2026?",True,2026-04-01T06:43:21+00:00,2027-01-01T05:00:00+00:00,"[""Yes"", ""No""]","[0.0, 1.0]",No,resolved
0x0fa526e72d64e022219a7d77ea0acdae15398f7f4df3457583af6f3c3769d9d4,Aligned FDV above $200M one day after launch?,True,2026-08-21T22:03:13+00:00,2028-01-01T05:00:00+00:00,"[""Yes"", ""No""]","[0.0, 1.0]",No,resolved
0x0fc363a6ca0f6982b468b50c5489d62a2bb4f703bcf1c586108d7cea72781ddb,Will Arnold Allen fight Kevin Vallejos next?,True,2026-09-30T04:35:50+00:00,2027-03-08T00:00:00+00:00,"[""Yes"", ""No""]","[0.0, 1.0]",No,resolved
0x0ffcc37254d56f06a7c4763d9d1bea1b449a2c4e2becb7393fdff20b67bccf30,Will Conor McGregor fight Charles Oliveira next?,True,2026-10-04T07:12:41+00:00,2027-03-01T04:59:00+00:00,"[""Yes"", ""No""]","[0.0, 1.0]",No,resolved
0x100207711a0d1ede324bf62d3ba060e2e222cdd58eb480a3b36a22fae0348113,Will Venezuelan crude oil production reach 1.1m barrels per day in 2026?,True,2026-08-14T08:38:27+00:00,2027-02-28T00:00:00+00:00,"[""Yes"", ""No""]","[1.0, 0.0]",Yes,resolved
0x10056bb14258ba15972fb35e797fb55b13296aa292cfcc66434f5150620856e4,"Will Hyperliquid reach $38 by December 31, 2026?",True,2026-02-03T05:52:36+00:00,2027-01-01T05:00:00+00:00,"[""Yes"", ""No""]","[1.0, 0.0]",Yes,resolved
0x10099ccc8a9796144959d1d79fbbf64e754f0bc15dcd095e69399aaeb7c4321d,Trove FDV above $10M one day after launch?,True,2026-01-21T00:55:08+00:00,2027-01-01T05:00:00+00:00,"[""Yes"", ""No""]","[0.0, 1.0]",No,resolved
0x102535392713c39c56516e0da3bebe0e65843886ba99a56f6ff2b7f3f918df78,"Will Dreamcash launch a token by June 30, 2026?",True,2026-07-01T09:22:50+00:00,2027-01-01T05:00:00+00:00,"[""Yes"", ""No""]","[0.0, 1.0]",No,resolved
0x10539cab13c670f4baede94ab4fba9b2cf45418b160915b325ec6ee168675141,Concrete FDV above $300M one day after launch?,True,2026-10-01T22:01:27+00:00,2028-01-01T05:00:00+00:00,"[""Yes"", ""No""]","[1.0, 0.0]",Yes,resolved
0x107b9732bb91eda00038b8021fcaccf3ac14be7c0c29e4a7aa180887538c077f,Bitcoin -6% daily candle change in 2026?,True,2026-02-01T02:42:18+00:00,2027-01-01T05:00:00+00:00,"[""Yes"", ""No""]","[1.0, 0.0]",Yes,resolved
0x109aca9db6a61cc822236f2fb5ffdb4307ee19217c5ea95732e7fbc908ee7cf6,Another crypto hack over $100m by September 30?,True,2026-08-15T08:55:57+00:00,2027-01-01T05:00:00+00:00,"[""Yes"", ""No""]","[1.0, 0.0]",Yes,resolved
0x11437d37046748ee7897836a8cc065d402bd31b83d7cb99f918c10005369433f,"Will Dogecoin dip to $0.10 by December 31, 2026?",True,2026-01-31T20:38:04+00:00,2027-01-01T05:00:00+00:00,"[""Yes"", ""No""]","[1.0, 0.0]",Yes,resolved
0x11fbd2a6d5118b3dcc6f85e1ebc7baadd8ee322e043be901e1daddb46e602f2d,Octra FDV above $400M one day after launch?,True,2026-04-21T22:13:56+00:00,2027-01-01T05:00:00+00:00,"[""Yes"", ""No""]","[0.0, 1.0]",No,resolved
0x1223da85855a1651d01f090de7dd8ce9b5308009ba108f4c351c394d49b65ad7,Tria FDV above $100M one day after launch?,True,2026-02-04T23:10:33+00:00,2027-01-01T05:00:00+00:00,"[""Yes"", ""No""]","[1.0, 0.0]",Yes,resolved
0x124ecf0a1ea2c0ae170170fed5126db0bc792c5aa7422c4659cf627f7c90a9bf,HumidiFi FDV above $600M one day after launch?,True,2025-12-11T03:39:55+00:00,2027-01-01T05:00:00+00:00,"[""Yes"", ""No""]","[0.0, 1.0]",No,resolved
0x1280669f471187248c74bfd47105ba96c2cee7a767fd5347152b7989dab4761d,Brevis FDV above $600M one day after launch?,True,2026-01-07T23:20:47+00:00,2027-01-01T05:00:00+00:00,"[""Yes"", ""No""]","[0.0, 1.0]",No,resolved
0x129427be88c3d3045873aada22784a939c344cd29f8944015acb0d04cd98f9a2,Over $10M committed to the Foresee public sale?,True,2026-02-09T11:52:21+00:00,2027-01-01T05:00:00+00:00,"[""Yes"", ""No""]","[0.0, 1.0]",No,resolved
0x13741fbc73fb8fe44d3cc4e8ce1f38d50d0a3afeb76aff5a8195071dd54a2342,Cap FDV above $800M one day after launch?,True,2026-06-27T22:05:07+00:00,2028-01-01T05:00:00+00:00,"[""Yes"", ""No""]","[0.0, 1.0]",No,resolved
0x138b8a3738e877cfdfd14d477c9dc8d7b9f6c7fa15bb69adb9c7202b76dcce86,"Will Flying Tulip launch a token by December 31, 2026?",True,2026-02-24T09:44:22+00:00,2027-01-01T05:00:00+00:00,"[""Yes"", ""No""]","[1.0, 0.0]",Yes,resolved
0x13b296fbd50f9f59f167f43dd854deaed7267f97d0dde4ab77a450ae441f5a42,Lighter Airdrop on January 7?,True,2025-12-30T10:48:39+00:00,2027-01-01T05:00:00+00:00,"[""Yes"", ""No""]","[0.0, 1.0]",No,resolved
0x14127973813c196750d836ae2ca3696dab5af900b94ccc958c542176523eee64,Seeker FDV above $1B one day after launch?,True,2026-01-21T23:37:08+00:00,2027-01-01T05:00:00+00:00,"[""Yes"", ""No""]","[0.0, 1.0]",No,resolved
0x1418504bfb7b0b7e556dc84ffff6edda80b5729944b16dedefef7a56242708f4,"Will XRP dip to $1.60 by December 31, 2026?",True,2026-01-31T20:39:00+00:00,2027-01-01T05:00:00+00:00,"[""Yes"", ""No""]","[1.0, 0.0]",Yes,resolved
0x141e76e9b0f0345c46c02a8d596dfbcd1f8425080b41aada6133b0c9c67af526,Over $1M committed to the Sol Raffle public sale?,True,2026-01-23T04:12:38+00:00,2027-01-01T05:00:00+00:00,"[""Yes"", ""No""]","[0.0, 1.0]",No,resolved
0x1428e317d4e4ec8e24f334c3e190e01cf3eec1a6c19d57b0ea9e538cc41589d1,Aligned FDV above $50M one day after launch?,True,2026-08-21T22:02:33+00:00,2028-01-01T05:00:00+00:00,"[""Yes"", ""No""]","[1.0, 0.0]",Yes,resolved
0x1439c1337ca97d88e672497ff015b652e9433befbefab5386cf4a0719e304faa,Owlto FDV above $900M one day after launch?,True,2026-01-17T02:14:58+00:00,2027-01-01T05:00:00+00:00,"[""Yes"", ""No""]","[0.0, 1.0]",No,resolved
0x144236635ba546c5542bb09ec7cac2a0fadb211a95231705e61caf95fa96a006,R2 FDV above $20M one day after launch?,True,2026-04-01T11:07:45+00:00,2028-01-01T05:00:00+00:00,"[""Yes"", ""No""]","[0.0, 1.0]",No,resolved
0x149b25b4f87bd5ec4af9478dd7649b8eaf53993cc079158dab556767bb73753b,"Will Paradex launch a token by February 28, 2026?",True,2026-03-01T13:28:23+00:00,2027-01-01T05:00:00+00:00,"[""Yes"", ""No""]","[0.0, 1.0]",No,resolved
0x14a4571cc18a569b801f8499a0526770d48a37a8c29e7450522b543bdcfbfde2,"Will Aster dip to $1.00 by December 31, 2026?",True,2025-12-01T15:46:34+00:00,2027-01-01T05:00:00+00:00,"[""Yes"", ""No""]","[1.0, 0.0]",Yes,resolved
0x14b835e5170f4a176eca4e1963770a4e998efa41bfac1d16122a8e302546c32c,"Will Pump.fun dip to $0.0022 by December 31, 2026?",True,2025-12-18T20:32:15+00:00,2027-01-01T05:00:00+00:00,"[""Yes"", ""No""]","[1.0, 0.0]",Yes,resolved
0x153a4575acbb764a37a4cdfc4cceadd6a8bb7a4cbee3f0cd1176b305e566ae71,Pharos FDV above $2B one day after launch?,True,2026-04-29T23:32:36+00:00,2028-01-01T05:00:00+00:00,"[""Yes"", ""No""]","[0.0, 1.0]",No,resolved
0x153da6ec7ea77da08f3bbbb386063d1546ef1fe508314ef2af5bb432cf95bcd4,Bitcoin 8% daily candle change in 2026?,True,2026-02-07T02:10:47+00:00,2027-01-01T05:00:00+00:00,"[""Yes"", ""No""]","[1.0, 0.0]",Yes,resolved
0x15c270e5b2757101b5b251f5055b8b4f17e45e694fbb76c19c94e2aded5af02e,Sentio FDV above $300M one day after launch?,True,2026-04-16T22:50:32+00:00,2028-01-01T05:00:00+00:00,"[""Yes"", ""No""]","[0.0, 1.0]",No,resolved
0x16022635faa34c529d86a6c54948cf28ca047ef35e0110ac9b8aaceddbb5a0bf,Billions FDV above $700M one day after launch?,True,2026-05-05T22:54:26+00:00,2028-01-01T05:00:00+00:00,"[""Yes"", ""No""]","[0.0, 1.0]",No,resolved
0x16405788d377032a876bb3266580878ba8506ba1194603e235d6b2f46a4eac6a,HumidiFi FDV above $400M one day after launch?,True,2025-12-11T03:41:57+00:00,2027-01-01T05:00:00+00:00,"[""Yes"", ""No""]","[0.0, 1.0]",No,resolved
0x169b0433d0a55dcd2181e63445108d5bc774da0eed4976ba842fd9aa7478158c,Backpack FDV above $500M one day after launch?,True,2026-03-24T22:32:23+00:00,2027-01-01T05:00:00+00:00,"[""Yes"", ""No""]","[0.0, 1.0]",No,resolved
0x16dbb78d897a63a5da006e3261fe23c5bf764e5ef143201e30173a2062f9c774,R2 FDV above $50M one day after launch?,True,2026-04-01T10:12:13+00:00,2028-01-01T05:00:00+00:00,"[""Yes"", ""No""]","[0.0, 1.0]",No,resolved
0x16e400cd026372ab426d25d9d4ea7cf2dc31b19e769d233fa64f2e686a4b3f1b,Lighter Airdrop on January 4?,True,2025-12-30T10:48:39+00:00,2027-01-01T05:00:00+00:00,"[""Yes"", ""No""]","[0.0, 1.0]",No,resolved
0x16eb56179d24b0c8078a487ca2bc739e13059e8f24924343ddf669d118ab40cc,Hyperliquid listed on Binance in 2026?,True,2026-09-24T15:52:45+00:00,2027-01-01T05:00:00+00:00,"[""Yes"", ""No""]","[1.0, 0.0]",Yes,resolved
0x17042d6d8d03c10c2efe95c52fe248066fe5d90e902ee6251ac6024b312e6bcb,Immunefi FDV above $1.2B one day after launch?,True,2026-01-24T03:09:38+00:00,2027-01-01T05:00:00+00:00,"[""Yes"", ""No""]","[0.0, 1.0]",No,resolved
0x170e907f54cd05c3f181067798610feb95f590d5d4be2bdda699c83249e2666e,Opinion FDV above $1B one day after launch?,True,2026-03-06T23:58:13+00:00,2027-01-01T05:00:00+00:00,"[""Yes"", ""No""]","[0.0, 1.0]",No,resolved
0x183a3e49c10e27fa8f6e182a229947dee657b1642ea22d729753b3a05555b842,"Will Opinion launch a token by June 30, 2026?",True,2026-03-05T15:03:05+00:00,2027-01-01T05:00:00+00:00,"[""Yes"", ""No""]","[1.0, 0.0]",Yes,resolved
0x1887b73d677994a238a8b699a2b9158d031cff0165f4bb0d3a7d12175ae9d4e9,Immunefi FDV above $1.4B one day after launch?,True,2026-01-24T03:08:34+00:00,2027-01-01T05:00:00+00:00,"[""Yes"", ""No""]","[0.0, 1.0]",No,resolved
0x18ba84b980319c9f08c171b490cd98ce437354ae9463697e8fbdba0dae6f2d57,Will Bitcoin hit $70k or $90k first?,True,2026-02-05T13:33:53+00:00,2027-01-01T05:00:00+00:00,"[""70k"", ""90k""]","[1.0, 0.0]",70k,resolved
0x18e0bae7e0e228e57be2d852f1a38f94d0a204a3c44079b0d369b4c9f71bf8ba,"Will o1 launch a token by March 31, 2026?",True,2026-04-01T08:36:07+00:00,2028-01-01T05:00:00+00:00,"[""Yes"", ""No""]","[0.0, 1.0]",No,resolved
0x18f567a409408e1156962dd898425faf5ab7236606714389169d8a5a0d973ecb,Backpack FDV above $400M one day after launch?,True,2026-03-24T22:32:17+00:00,2027-01-01T05:00:00+00:00,"[""Yes"", ""No""]","[0.0, 1.0]",No,resolved
0x190c782b031fdf9d7fab8707ebab8f52523f9a9857f9bcec479de8747d0a1c5f,Will Brandon Hyde be the next Red Sox manager?,True,2026-09-23T08:54:41+00:00,2027-02-01T04:59:00+00:00,"[""Yes"", ""No""]","[0.0, 1.0]",No,resolved
0x1957e214076c8b0fe67dd606e24596d17c0ae73d5ed9b1364c2efdd779a89042,Mezo FDV above $1B one day after launch?,True,2026-04-03T01:40:17+00:00,2027-01-01T05:00:00+00:00,"[""Yes"", ""No""]","[0.0, 1.0]",No,resolved
0x19708b03fbd1c296351024fd0976d6c6ae605343b00a2704b9083d78272118db,Over $2M committed to the Trove public sale?,True,2026-01-10T00:01:46+00:00,2027-01-01T05:00:00+00:00,"[""Yes"", ""No""]","[1.0, 0.0]",Yes,resolved
0x19825b9d8a61a01b77579c026a17cf6bed48b2126fde29a9b23cfd7592e5c3ed,idOS FDV above $80M one day after launch?,True,2026-03-07T11:53:49+00:00,2028-01-01T05:00:00+00:00,"[""Yes"", ""No""]","[0.0, 1.0]",No,resolved
0x198e2ff99d1eea57a7bebb8c55e7e738518c7631d252df65864b6bf61085e6dd,Cap FDV above $250M one day after launch?,True,2026-06-27T22:05:07+00:00,2028-01-01T05:00:00+00:00,"[""Yes"", ""No""]","[1.0, 0.0]",Yes,resolved
0x19c3fb73a83477f8095b0d5bf05a1e36acc4c39cb3ea8fbe711683bdcc497654,ETHGAS FDV above $100M one day after launch?,True,2026-01-22T23:16:52+00:00,2027-01-01T05:00:00+00:00,"[""Yes"", ""No""]","[1.0, 0.0]",Yes,resolved
0x1a2333d80631b97c66c6a4688ed183207b6ec1c50156ad3d645bf70e80371a43,"Will Pump.fun reach $0.0030 by December 31, 2026?",True,2025-11-29T14:38:33+00:00,2027-01-01T05:00:00+00:00,"[""Yes"", ""No""]","[1.0, 0.0]",Yes,resolved
0x1a3b4a5ffff4d3fdb410c5f66475a7468f5dc6b0df3c4a7cfb314cf7d2b7d22a,No airdrop by January 10,True,2025-12-30T10:46:31+00:00,2027-01-01T05:00:00+00:00,"[""Yes"", ""No""]","[0.0, 1.0]",No,resolved
0x1a4d7d4d8d3f760886310e5ec99e2f343c9efde0a87b42a84d190f78e2c837bc,Backpack FDV above $100M one day after launch?,True,2026-03-24T22:34:25+00:00,2027-01-01T05:00:00+00:00,"[""Yes"", ""No""]","[1.0, 0.0]",Yes,resolved
0x1afaa26974567badb79a0be4f308734d9809e95b51c2c6f34c1b3d949fc2a684,Owlto FDV above $700M one day after launch?,True,2026-01-17T02:14:56+00:00,2027-01-01T05:00:00+00:00,"[""Yes"", ""No""]","[0.0, 1.0]",No,resolved
0x1b57a28051dde0a6a44a7bc21c4f2bbe6a78b4dde42368d1a6020bcd17f6d10a,Fluent FDV above $500M one day after launch?,True,2026-04-25T23:23:40+00:00,2028-01-01T05:00:00+00:00,"[""Yes"", ""No""]","[0.0, 1.0]",No,resolved
0x1baeaff5166fef0ed3f0645e8be89366dc0c0ec49c10a8c50656910b593ebabe,Perle Labs FDV above $50M one day after launch?,True,2026-03-26T22:09:29+00:00,2028-01-01T05:00:00+00:00,"[""Yes"", ""No""]","[1.0, 0.0]",Yes,resolved
0x1be24cc9e97c426d4df74e9a6bcc1ed2efe089a1cc4ff3af0a09ba467aa7fb6f,Will Arman Tsarukyan fight Charles Oliveira next?,True,2026-10-04T07:11:32+00:00,2027-03-01T04:59:00+00:00,"[""Yes"", ""No""]","[0.0, 1.0]",No,resolved
0x1c9db373cb5f7133605eac61a110c37b3f9f061cd030a3b041ec5072b1e82527,Bitcoin -9% daily candle change in 2026?,True,2026-02-06T02:26:53+00:00,2027-01-01T05:00:00+00:00,"[""Yes"", ""No""]","[1.0, 0.0]",Yes,resolved
0x1ccec4ef8b23de309a3aadfa9595fb1ff8dffe5ce20478e85efe77bca127de98,Canton FDV above $1B one day after launch?,True,2025-11-11T23:02:53+00:00,2027-01-01T05:00:00+00:00,"[""Yes"", ""No""]","[1.0, 0.0]",Yes,resolved
0x1d0d13fa668992df2bba9bf7bd5318dde5653309637e075179563236d22af824,Wingbits FDV above $50M one day after launch?,True,2026-04-24T03:12:30+00:00,2028-01-01T05:00:00+00:00,"[""Yes"", ""No""]","[1.0, 0.0]",Yes,resolved
0x1d0f4f9e01bad72b480170ba756d29fabaa7011fccf1854076e6ebdc7e14be0f,o1 FDV above $700M one day after launch?,True,2026-06-18T22:02:47+00:00,2028-01-01T05:00:00+00:00,"[""Yes"", ""No""]","[0.0, 1.0]",No,resolved
0x1d4197f03a8af50a4ad8c39fa432d846be7fd7451d397313e4743ae3a6ee0d95,OneFootball FDV above $800M one day after launch?,True,2026-04-10T22:26:45+00:00,2028-01-01T05:00:00+00:00,"[""Yes"", ""No""]","[0.0, 1.0]",No,resolved
0x1d6886a554874ec350682f3ef968d8776942ad5bf37b5f0d53c12498a68c6926,Will Infrared launch a token by December 31 2026?,True,2025-12-18T14:33:39+00:00,2027-01-01T05:00:00+00:00,"[""Yes"", ""No""]","[1.0, 0.0]",Yes,resolved
0x1dd136cb87bb217ec23f98999dd226e59f60091adf89e5a5315b8a1556627cd0,Opinion FDV above $1.5B one day after launch?,True,2026-03-07T00:05:21+00:00,2027-01-01T05:00:00+00:00,"[""Yes"", ""No""]","[0.0, 1.0]",No,resolved
0x1e0722260eead34ccb2adab759893420b21fbd5d5fc087c58d214adf55c041a3,Will Brendan Allen fight Joe Pyfer next?,True,2026-10-04T07:14:40+00:00,2027-04-01T00:00:00+00:00,"[""Yes"", ""No""]","[0.0, 1.0]",No,resolved
0x1e08eddfb782d76c375231ff7bcd5f4ddd9b489ba42a18edd4c6a407213abd75,"Will MegaETH launch a token by September 30, 2026?",True,2026-04-30T13:49:10+00:00,2027-01-01T05:00:00+00:00,"[""Yes"", ""No""]","[1.0, 0.0]",Yes,resolved
0x1e1faf69517f83196b1433fb11fb672e4930d7b2534d6af52dec0b97b998fd5d,R2 FDV above $800M one day after launch?,True,2026-04-01T10:11:05+00:00,2028-01-01T05:00:00+00:00,"[""Yes"", ""No""]","[0.0, 1.0]",No,resolved
0x1e4791012e91ecf89a67dacb32d9e9b634c1ac1487ed05ea0fba302c9b229c9a,"Will Tread launch a token by December 31, 2026?",True,2026-09-16T15:45:08+00:00,2027-01-01T05:00:00+00:00,"[""Yes"", ""No""]","[1.0, 0.0]",Yes,resolved
0x1ec4c92f05c8eee61e99e1f53cc7ff54a0dde6e8cc80b25752a277408728387d,Opinion FDV above $2B one day after launch?,True,2026-03-06T23:57:11+00:00,2027-01-01T05:00:00+00:00,"[""Yes"", ""No""]","[0.0, 1.0]",No,resolved
0x1f31af453f8396fad7664485160aacf7bfbec04c366b5c4c04a1cd2ad2338f38,SpaceX IPO closing market cap above $1.2T?,True,2026-06-12T22:15:34+00:00,2027-12-31T00:00:00+00:00,"[""Yes"", ""No""]","[1.0, 0.0]",Yes,resolved
0x1fcf04fb172851f0d88a867185111b5078981a42321755b83ef5ceec197b2a24,Opinion FDV above $800M one day after launch?,True,2026-03-07T00:04:31+00:00,2027-01-01T05:00:00+00:00,"[""Yes"", ""No""]","[0.0, 1.0]",No,resolved
0x1fcf2c4d978dae1fa959422c96ba55c06206b9b7112839af0b618528dfb95f6f,Block Street FDV above $500M one day after launch?,True,2026-03-06T12:11:55+00:00,2028-01-01T05:00:00+00:00,"[""Yes"", ""No""]","[0.0, 1.0]",No,resolved
0x20232f7d347a5d23d9ab35c67c4e88ca215a3daea6e240e6efad652db4f28b9e,EdgeX FDV above $400M one day after launch?,True,2026-04-01T22:35:35+00:00,2027-01-01T05:00:00+00:00,"[""Yes"", ""No""]","[1.0, 0.0]",Yes,resolved
0x20e75a5c83ccfaf331ce5533e355cd83867f362eeb7d38bff60f80bcea860b40,"Will Plasma dip to $0.40 by December 31, 2026?",True,2025-11-25T19:50:49+00:00,2027-01-01T05:00:00+00:00,"[""Yes"", ""No""]","[1.0, 0.0]",Yes,resolved
0x21605fddd534d0d98d1f4057e31a50f0f20f8f8bb025fcf2eb047925fac8fcc4,Unitas Labs FDV above $500M one day after launch?,True,2026-03-15T01:21:57+00:00,2028-01-01T05:00:00+00:00,"[""Yes"", ""No""]","[0.0, 1.0]",No,resolved
0x216e9efd9081de569be390ca9c0d26be2ce36cc982a8e8b382453ebb9685a8c6,Espresso FDV above $400M one day after launch?,True,2026-02-14T00:12:39+00:00,2028-01-01T05:00:00+00:00,"[""Yes"", ""No""]","[0.0, 1.0]",No,resolved
0x21ac7ec46d9fadbafe4d6e14fec2e0a03c43cce2b51f940124a6c18e0db9442a,Dual FDV above $300M one day after launch?,True,2026-04-02T07:41:01+00:00,2028-01-01T05:00:00+00:00,"[""Yes"", ""No""]","[0.0, 1.0]",No,resolved
0x2222e3a4ab1672854bfad1f224be1ea89a225321ef50909c9e2265625826d0a2,"Will ""Project Hail Mary"" make it into the IMDb Top 250?",True,2026-03-22T02:30:37+00:00,2027-03-31T00:00:00+00:00,"[""Yes"", ""No""]","[1.0, 0.0]",Yes,resolved
0x2343f82e6df8ebaddc7f4da8f867ffb7a70136312900c15678b92a63bbe8d532,Over $2M committed to the Bitway public sale?,True,2026-01-26T09:34:03+00:00,2027-01-01T05:00:00+00:00,"[""Yes"", ""No""]","[0.0, 1.0]",No,resolved
0x235a75375392a790e6dc1078f5b44d7cef637496fdf5ddad5851b7a94b769380,Harmonix FDV above $100M one day after launch?,True,2025-12-20T20:56:59+00:00,2027-01-01T05:00:00+00:00,"[""Yes"", ""No""]","[0.0, 1.0]",No,resolved
0x23d6498682e9ab4f6d21fa2b2a762dc72507473a1fd08991202ee4b432c1911b,Solstice FDV above $400M one day after launch?,True,2026-05-26T22:21:05+00:00,2027-01-01T05:00:00+00:00,"[""Yes"", ""No""]","[0.0, 1.0]",No,resolved
0x243e72a3dd07604c0e27d14fda13e2ad5248b201379c56deb5c4655984d7385f,Will SpaceX's public ticker be $SX?,True,2026-06-12T16:52:51+00:00,2027-12-31T00:00:00+00:00,"[""Yes"", ""No""]","[0.0, 1.0]",No,resolved
0x2440f7796d0142083a26a30878d5f771c09a134cb2c801829e38df751809051d,Yellow FDV above $400M one day after launch?,True,2026-03-09T23:38:01+00:00,2028-01-01T05:00:00+00:00,"[""Yes"", ""No""]","[0.0, 1.0]",No,resolved
0x2463e1b34204685a64f27706b48b09bc97631ec5b8ee0403405fd7f4f1441efb,Katana FDV above $50M one day after launch?,True,2026-03-19T22:51:49+00:00,2028-01-01T05:00:00+00:00,"[""Yes"", ""No""]","[1.0, 0.0]",Yes,resolved
0x24aba6bd6e6278069b57911685b30ef58b7227c3345794848641148e015e109d,Unitas Labs FDV above $50M one day after launch?,True,2026-03-15T01:20:55+00:00,2028-01-01T05:00:00+00:00,"[""Yes"", ""No""]","[1.0, 0.0]",Yes,resolved
0x24bff5f42b508fb6ac2df89195d9835b89b828bd4e3513f7f07ef30814233547,USD.AI FDV above $300M one day after launch?,True,2026-04-23T00:25:56+00:00,2027-01-01T05:00:00+00:00,"[""Yes"", ""No""]","[1.0, 0.0]",Yes,resolved
0x25c4269e3ed13ef5349d04d08b27ae532599735915bf7877dc9592fd2c28ba5e,"Will Trove launch a token by June 30, 2026?",True,2026-01-19T22:29:40+00:00,2027-01-01T05:00:00+00:00,"[""Yes"", ""No""]","[1.0, 0.0]",Yes,resolved
0x266584f20d5610ece33a1e3ce3875fdcf51dd4bbb8f61cffb3ec66cc13bcbf15,Zama auction clearing price above $0.04?,True,2026-01-26T13:57:15+00:00,2027-01-01T05:00:00+00:00,"[""Yes"", ""No""]","[1.0, 0.0]",Yes,resolved
0x267dc1e37a83969ea96088083c71b12d42df0b0a3b6633b89b1d83e87977030e,Will Aljamain Sterling fight Kevin Vallejos next?,True,2026-09-30T04:36:45+00:00,2027-03-08T04:59:00+00:00,"[""Yes"", ""No""]","[1.0, 0.0]",Yes,resolved
0x27348e1627b26b6a45c9fbb288ce55a80cda1c593a514891e4945d0d24beb928,Sentient FDV above $600M one day after launch?,True,2026-01-23T23:30:46+00:00,2027-01-01T05:00:00+00:00,"[""Yes"", ""No""]","[1.0, 0.0]",Yes,resolved
0x280134de8561f4429775bbeaf4e5a482dc2c75759bde04a2d25b57e5c63a877f,OpenGradient FDV above $800M one day after launch?,True,2026-04-23T00:25:58+00:00,2028-01-01T05:00:00+00:00,"[""Yes"", ""No""]","[0.0, 1.0]",No,resolved
0x280f534844278583edf4371c96e28dfe4c03bd93ba3cbfce9175ee3821dfa12f,"Will Zcash reach $1100 by December 31, 2026?",True,2026-09-06T15:37:19+00:00,2027-01-01T05:00:00+00:00,"[""Yes"", ""No""]","[1.0, 0.0]",Yes,resolved
0x287e674a64ca5d0c02072e4aabdaeb7c3223ae0250f63a94ec815067a7129228,Flying Tulip FDV above $1B one day after launch?,True,2026-02-24T23:25:40+00:00,2027-01-01T05:00:00+00:00,"[""Yes"", ""No""]","[1.0, 0.0]",Yes,resolved
0x29957fc4adc7d6c0823e862d39fb465b152adc4f3f9beda418b258b9fcb65882,Will Lighter dip to $1 before 2027?,True,2026-03-09T03:30:07+00:00,2027-01-01T05:00:00+00:00,"[""Yes"", ""No""]","[1.0, 0.0]",Yes,resolved
0x299d3fb09dd5dd3b92ffd996b552ea3e02ffd0ef2514cc00959397171b37fe60,Over $1B crypto hack value in 2026?,True,2026-07-16T13:57:41+00:00,2027-01-01T05:00:00+00:00,"[""Yes"", ""No""]","[1.0, 0.0]",Yes,resolved
0x29ad73972a2364efa8620f90d99d94b306129a1d0bfef1d688cd30aa52598094,P2P FDV above $100M one day after launch?,True,2026-04-03T05:02:01+00:00,2028-01-01T05:00:00+00:00,"[""Yes"", ""No""]","[0.0, 1.0]",No,resolved
0x29c260b0abb317eb37ac0f8b3757b12c96c548732895035667b1abf08ba14628,Will Ethereum hit $2k or $3k first?,True,2026-02-05T17:28:23+00:00,2027-01-01T05:00:00+00:00,"[""$2k"", ""$3k""]","[1.0, 0.0]",$2k,resolved
0x29cb129476ebeac2236102e5fe57193b365908ab35fb164738bfcc2124c58a53,Over $1M committed to the Bitway public sale?,True,2026-01-25T18:01:28+00:00,2027-01-01T05:00:00+00:00,"[""Yes"", ""No""]","[1.0, 0.0]",Yes,resolved
0x2a263488a101c6f260b31e821685516e776b9b5b3403e883c4ba235b2bf79146,Will SpaceX's public ticker be $SPAX?,True,2026-06-12T16:42:33+00:00,2027-12-31T00:00:00+00:00,"[""Yes"", ""No""]","[0.0, 1.0]",No,resolved
0x2a4b824b7a3a4479a92ecf05bd970200f867c424d0f5a2fe61415c9ca713afda,Fluent FDV above $150M one day after launch?,True,2026-04-25T23:23:34+00:00,2028-01-01T05:00:00+00:00,"[""Yes"", ""No""]","[0.0, 1.0]",No,resolved
0x2a7eaf49150dd8eb4ac5901eebb9fdce52a84093e3c7336213c4c8aaa1e70dd5,Will SpaceX's market cap be between $700B and $800B at market close on IPO day?,True,2026-06-12T23:15:28+00:00,2027-12-31T00:00:00+00:00,"[""Yes"", ""No""]","[0.0, 1.0]",No,resolved
0x2b21e0b830796396c5ce9f05b51eb5820971629021a3383476b56b816068d8d9,USD.AI FDV above $6B one day after launch?,True,2026-04-23T00:25:02+00:00,2027-01-01T05:00:00+00:00,"[""Yes"", ""No""]","[0.0, 1.0]",No,resolved
0x2b26da62b368edc9c57f0c2243eabd767a190cb8e94ef49d7ab41c7d7246c610,Brevis FDV above $500M one day after launch?,True,2026-01-07T23:21:43+00:00,2027-01-01T05:00:00+00:00,"[""Yes"", ""No""]","[0.0, 1.0]",No,resolved
0x2c3d236be3f096da263e01776507293adb7374339df0a964dca27192699af6d9,Based FDV above $1B one day after launch?,True,2026-04-01T00:49:41+00:00,2027-01-01T05:00:00+00:00,"[""Yes"", ""No""]","[0.0, 1.0]",No,resolved
0x2c5285a1f16c1964e3bbc427f7ad42f272194b7c252b4b42d16a34f891de91e1,Harmonix FDV above $50M one day after launch?,True,2025-12-20T20:58:03+00:00,2027-01-01T05:00:00+00:00,"[""Yes"", ""No""]","[0.0, 1.0]",No,resolved
0x2ccd47539b5208bfb93b00461dec25dfa4739bbff2f87ebd44dcaec19a323845,"Will Hyperliquid reach $46 by December 31, 2026?",True,2026-05-15T05:27:31+00:00,2027-01-01T05:00:00+00:00,"[""Yes"", ""No""]","[1.0, 0.0]",Yes,resolved
0x2cde05f9ccf7986b8ff404d74dfdc7d026792f6ae18a8438c8af714b19269802,Based FDV above $300M one day after launch?,True,2026-04-01T00:47:51+00:00,2027-01-01T05:00:00+00:00,"[""Yes"", ""No""]","[0.0, 1.0]",No,resolved
0x2ceb0bc2f8629ee82fc6958163ca32599ddb6be057a964ce773322c93742583c,Lighter Airdrop on January 5?,True,2025-12-30T10:49:41+00:00,2027-01-01T05:00:00+00:00,"[""Yes"", ""No""]","[0.0, 1.0]",No,resolved
0x2d1fae582a392b7570e6f816303ce0fb7e3eedd2ad075d3672dfbcd14e3c6661,Cap FDV above $50M one day after launch?,True,2026-06-27T22:03:05+00:00,2028-01-01T05:00:00+00:00,"[""Yes"", ""No""]","[1.0, 0.0]",Yes,resolved
0x2d24e4b819d58b22c3be01294a584ee099e44ab997a8fc9936ec88605aa17561,Genius FDV above $300M one day after launch?,True,2026-04-14T22:06:26+00:00,2028-01-01T05:00:00+00:00,"[""Yes"", ""No""]","[1.0, 0.0]",Yes,resolved
0x2d36e85f583f158231dde2d78ab03c5f5cef7a33693031058ef5930fbbf9e072,"Will Phantom launch a token by March 31, 2026?",True,2026-04-01T08:38:11+00:00,2027-01-01T05:00:00+00:00,"[""Yes"", ""No""]","[0.0, 1.0]",No,resolved
0x2d619d1eab360ad413e4fa0484059ea8ba0eb602378356a73bf9b751d09f27c6,Will Ian Garry fight Conor McGregor next?,True,2026-05-17T05:26:18+00:00,2027-03-07T00:00:00+00:00,"[""Yes"", ""No""]","[0.0, 1.0]",No,resolved
0x2d75864791b4e9302b8d2d29cd4538ede98b539c0b500a8fcdfe2ee0a01262b4,Backpack FDV above $700M one day after launch?,True,2026-03-24T22:31:19+00:00,2027-01-01T05:00:00+00:00,"[""Yes"", ""No""]","[0.0, 1.0]",No,resolved
0x2d7694162cc75eab04f3f412ebed61bb42dd3be4ab0c73614b3db84d80845a3e,Will Almanak FDV above $120M one day after launch?,True,2025-12-14T00:56:27+00:00,2027-01-01T05:00:00+00:00,"[""Yes"", ""No""]","[0.0, 1.0]",No,resolved
0x2d852c504ee0f233ee90de142d6e4ae36cf770244e920aaafcd1546db839215a,Fogo FDV above $300M one day after launch?,True,2026-01-16T23:51:26+00:00,2027-01-01T05:00:00+00:00,"[""Yes"", ""No""]","[1.0, 0.0]",Yes,resolved
0x2dc8ea613484bd1b2f4f5a3f1897aec372c2ebc29eb2d190f91bd99a79dd277f,Will Jean-Luc Mélenchon announce their candidacy for the 2027 French presidential election in 2026?,True,2026-07-09T11:14:46+00:00,2027-04-18T23:59:00+00:00,"[""Yes"", ""No""]","[1.0, 0.0]",Yes,resolved
0x2dd9ad5835dbd6c7a597432aebfa4d02a81a83ad732da10d49c8d78d59ee14bf,"Will Flying Tulip launch a token by June 30, 2026?",True,2026-02-24T09:44:22+00:00,2027-01-01T05:00:00+00:00,"[""Yes"", ""No""]","[1.0, 0.0]",Yes,resolved
0x2dee94aa6eccf1d74d0ffed6bac072c13fb0f9359cfb489533ea502eb0164884,Dual FDV above $50M one day after launch?,True,2026-04-02T07:42:11+00:00,2028-01-01T05:00:00+00:00,"[""Yes"", ""No""]","[1.0, 0.0]",Yes,resolved
0x2e86d0b7bb1046ed8c8b914673ff79d35da0348fd56ac8bc1a22bddac4a9a60b,OpenGradient FDV above $1B one day after launch?,True,2026-04-23T00:30:04+00:00,2028-01-01T05:00:00+00:00,"[""Yes"", ""No""]","[0.0, 1.0]",No,resolved
0x2e8a325e90d42c729a3542e6a49f030300064894e9f697224c103d3787d76cc9,"Will UNI reach $9.50 by December 31, 2026?",True,2026-09-24T11:38:18+00:00,2027-01-01T05:00:00+00:00,"[""Yes"", ""No""]","[1.0, 0.0]",Yes,resolved
0x2ed8f51819645d2cdb20eed1e57abd194d53cd307bf71efd07ec9359957230b9,Aligned FDV above $100M one day after launch?,True,2026-08-21T22:02:33+00:00,2028-01-01T05:00:00+00:00,"[""Yes"", ""No""]","[1.0, 0.0]",Yes,resolved
0x2f23c0903f5dedeed90337c9637d33233595745ec8f5252e3b2c7dd50bb7136f,Lighter Airdrop on January 2?,True,2025-12-30T10:49:41+00:00,2027-01-01T05:00:00+00:00,"[""Yes"", ""No""]","[0.0, 1.0]",No,resolved
0x2f634f78a9008c2d580c41788c48bfb6dfad2f75512d0927097b1890f2f683bd,Over $40M committed to the Infinex public sale?,True,2026-01-10T08:27:32+00:00,2027-01-01T05:00:00+00:00,"[""Yes"", ""No""]","[0.0, 1.0]",No,resolved
0x2f9cf32eb1ecbe59db7518ebfb7b571d415341dc411d7348641d42fc2ea3d9e2,Perle Labs FDV above $200M one day after launch?,True,2026-03-26T22:03:29+00:00,2028-01-01T05:00:00+00:00,"[""Yes"", ""No""]","[0.0, 1.0]",No,resolved
0x2fbf3bc718e7d14f86c6bd1152b77f1bb194f26630fce12c4483355b10e7c58b,Aztec FDV above $300M one day after launch?,True,2026-02-13T23:27:17+00:00,2027-01-01T05:00:00+00:00,"[""Yes"", ""No""]","[0.0, 1.0]",No,resolved
0x2fc57783302b5552e9f9ea864a7ee502e75e39e7b53830f126f364134fc0c0d7,"Will BNB dip to $700 by December 31, 2026?",True,2026-02-05T00:41:41+00:00,2027-01-01T05:00:00+00:00,"[""Yes"", ""No""]","[1.0, 0.0]",Yes,resolved
0x2fd789c9f452583fb9d6308eafe323a4f1b4572582f18c9c63f1c51183e3a5b8,Zama FDV above $800M one day after launch?,True,2026-02-03T23:11:22+00:00,2027-01-01T05:00:00+00:00,"[""Yes"", ""No""]","[0.0, 1.0]",No,resolved
0x2fea6647cd68bd865e099010d32c1f72461651971a828804ae58f2e438bf7c11,OneFootball FDV above $1B one day after launch?,True,2026-04-10T22:28:27+00:00,2028-01-01T05:00:00+00:00,"[""Yes"", ""No""]","[0.0, 1.0]",No,resolved
0x30c513cee5ef7382a0284d854fd8c356a26dea992061c6a05f4dd0e1f6c68c3f,"Will Hylo launch a token by June 30, 2026?",True,2026-07-01T10:52:11+00:00,2027-01-01T05:00:00+00:00,"[""Yes"", ""No""]","[0.0, 1.0]",No,resolved
0x30fa1006079f6ec5cf2c4738af910006a6f2772301ed64a31ea5e25618ca08fe,"Will Dogecoin dip to $0.14 by December 31, 2026?",True,2025-12-01T15:51:30+00:00,2027-01-01T05:00:00+00:00,"[""Yes"", ""No""]","[1.0, 0.0]",Yes,resolved
0x31215b33268827996310789e1653fa3a738ac1c80252b3fa3ba8bb5432812302,Will Paradex launch a token by September 30 2026?,True,2026-03-05T20:20:43+00:00,2027-01-01T05:00:00+00:00,"[""Yes"", ""No""]","[1.0, 0.0]",Yes,resolved
0x313e381f1a283f8b21c9345c7c2ba056ab59357eeeb1daa4c8c715c1ac19444b,OneFootball FDV above $200M one day after launch?,True,2026-04-10T22:22:59+00:00,2028-01-01T05:00:00+00:00,"[""Yes"", ""No""]","[0.0, 1.0]",No,resolved
0x316a83cbe35e0b9090674b33379f41ef97b16ee644cc0482f30ae2ef43828d83,Over $8M committed to the Trove public sale?,True,2026-01-11T18:48:50+00:00,2027-01-01T05:00:00+00:00,"[""Yes"", ""No""]","[1.0, 0.0]",Yes,resolved
0x31936cd8f2b33f012e2c6b39815a0bd2d7aa28a05268ea03bd7bb564e7d9dd1d,EdgeX FDV above $5B one day after launch?,True,2026-04-01T22:34:39+00:00,2027-01-01T05:00:00+00:00,"[""Yes"", ""No""]","[0.0, 1.0]",No,resolved
0x31b0f68395829660adef609b5a52f9f15f3d0daef2e8728b9c5eae3d6f6626e1,Will Gabriel Attal announce their candidacy for the 2027 French presidential election in 2026?,True,2026-05-22T22:13:48+00:00,2027-04-18T23:59:00+00:00,"[""Yes"", ""No""]","[1.0, 0.0]",Yes,resolved
0x321253d8cad65351d70828d265c95a06c326eaa5a00dad780d6782fd068aff86,Paradex FDV above $500M one day after launch?,True,2026-03-07T00:15:39+00:00,2027-01-01T05:00:00+00:00,"[""Yes"", ""No""]","[0.0, 1.0]",No,resolved
0x3289edec845b8b8f421b5300f88335782535db28ea6bfcab329ff09235ebb130,Fabric FDV above $200M one day after launch?,True,2026-03-01T00:58:45+00:00,2027-01-01T05:00:00+00:00,"[""Yes"", ""No""]","[1.0, 0.0]",Yes,resolved
0x32a95820b43ee74e49eee2f1cbbdfa1f11ae2aa2244d6b824230e0820d168742,Over $3M committed to the Fabric public sale?,True,2026-01-29T17:54:44+00:00,2027-01-01T05:00:00+00:00,"[""Yes"", ""No""]","[1.0, 0.0]",Yes,resolved
0x32bad07af523809ce5e7e8b62caf1e286545c8806921c139d9c3239d5081e0b9,Infinex FDV above $3B one day after launch?,True,2026-01-31T23:38:56+00:00,2027-01-01T05:00:00+00:00,"[""Yes"", ""No""]","[0.0, 1.0]",No,resolved
0x32c8b5338ceee5c4b600c2de3764856678a05cbbd60341b55f854dc11d7be2c6,Ranger FDV above $30M one day after launch?,True,2026-01-11T23:51:24+00:00,2027-01-01T05:00:00+00:00,"[""Yes"", ""No""]","[0.0, 1.0]",No,resolved
0x33733c35cb23de46eb0f4128061d62a23647cb8c7f46d6287c8b2276e0dafb0f,GRVT FDV above $500M one day after launch?,True,2026-07-31T22:01:17+00:00,2028-01-01T05:00:00+00:00,"[""Yes"", ""No""]","[0.0, 1.0]",No,resolved
0x338e693bdb81d0cb315284ac319a051eb9d7fd8f58ca94580369093828162c92,Will Noel Thomas win the 2026 Galway West by-election?,True,2026-05-24T21:35:48+00:00,2027-03-31T00:00:00+00:00,"[""Yes"", ""No""]","[0.0, 1.0]",No,resolved
0x33954bc9d9d882b57687fc98a1c9721f369e44c09e8a1e01b859dec8583ac053,Will September be the best month for Bitcoin in 2026?,True,2026-10-01T03:06:18.081900+00:00,2027-01-01T05:00:00+00:00,"[""Yes"", ""No""]","[0.0, 1.0]",No,resolved
0x33b9dad0c1478f4e25eb0976ad61a4a76953b2d9d05d580ab1b43637f9a5f30a,Zama auction clearing price above $0.12?,True,2026-01-26T14:47:35+00:00,2027-01-01T05:00:00+00:00,"[""Yes"", ""No""]","[0.0, 1.0]",No,resolved
0x341d6a969d9243889772ba5c8889db5fad54fc1b9cd8fd14f264742e6e97973b,Will Seán Kyne win the 2026 Galway West by-election?,True,2026-05-24T21:34:45+00:00,2027-03-31T00:00:00+00:00,"[""Yes"", ""No""]","[1.0, 0.0]",Yes,resolved
0x3442e5506eec354bfecd0538df0b676c6b29181d7ad76aa0aa7bd16382b60095,Owlto FDV above $300M one day after launch?,True,2026-01-17T02:17:00+00:00,2027-01-01T05:00:00+00:00,"[""Yes"", ""No""]","[0.0, 1.0]",No,resolved
0x344eb81e0ed34c513f3b4c36600b2c72168e5d66660eb9be6418ac3575aebf9b,Rainbow FDV above $400M one day after launch?,True,2026-02-06T23:56:49+00:00,2027-01-01T05:00:00+00:00,"[""Yes"", ""No""]","[0.0, 1.0]",No,resolved
0x345688ed64fd6f3195568d4efff01f5e8469dc61b8bc702e6948e875f41ca03e,ETHGAS FDV above $200M one day after launch?,True,2026-01-22T23:17:42+00:00,2027-01-01T05:00:00+00:00,"[""Yes"", ""No""]","[1.0, 0.0]",Yes,resolved
0x345f01b332e6cf5655aa1f5e89069488d7ec8323a4a6c1c86fca1e7f4bbcf4cd,Will Omar López be the next Red Sox manager?,True,2026-09-23T08:52:43+00:00,2027-02-01T04:59:00+00:00,"[""Yes"", ""No""]","[0.0, 1.0]",No,resolved
0x34874b4fb6d4ec08379fb960702b3ca9f52fa8341b6a7e233e06ef809bae00ae,OpenGradient FDV above $200M one day after launch?,True,2026-04-23T00:25:54+00:00,2028-01-01T05:00:00+00:00,"[""Yes"", ""No""]","[1.0, 0.0]",Yes,resolved
0x348ab39925670e54fa2f1413c7f7078082b127d90bb14a24c3882b7b88721189,P2P FDV above $150M one day after launch?,True,2026-04-03T04:40:57+00:00,2028-01-01T05:00:00+00:00,"[""Yes"", ""No""]","[0.0, 1.0]",No,resolved
0x3491c599941a8912de5fee7e1582c31d5d61eb499ed0ab943987c02a38373ecc,Will Almanak FDV above $50M one day after launch?,True,2025-12-14T02:49:39+00:00,2027-01-01T05:00:00+00:00,"[""Yes"", ""No""]","[0.0, 1.0]",No,resolved
0x34d865ecfa2dcd8d4f4dcaeea5734d1b02066204baf9d3b9286773574e4c733a,Mezo FDV above $50M one day after launch?,True,2026-04-03T03:17:21+00:00,2027-01-01T05:00:00+00:00,"[""Yes"", ""No""]","[1.0, 0.0]",Yes,resolved
0x34ec947194cd1bf9258971b11d0ea017c4dbfcba47d45ecb1c56e97dc6cf4970,Dual FDV above $500M one day after launch?,True,2026-04-02T07:40:01+00:00,2028-01-01T05:00:00+00:00,"[""Yes"", ""No""]","[0.0, 1.0]",No,resolved
0x350b4923d63cfab3b3a3cdfd8711886992431232191020aa7984def370d53497,Gensyn FDV above $600M one day after launch?,True,2026-04-30T23:42:16+00:00,2027-01-01T05:00:00+00:00,"[""Yes"", ""No""]","[0.0, 1.0]",No,resolved
0x35669c33e8f9eb5fbd5371dc6617131292ef626d9738abcac87c96ffa1d02a91,Brevis FDV above $1B one day after launch?,True,2026-01-07T23:22:45+00:00,2027-01-01T05:00:00+00:00,"[""Yes"", ""No""]","[0.0, 1.0]",No,resolved
0x35eadccd1f81838df0f8aa3c4c69fd4f495c51c08cff47d7f1c0717bde8307e9,Bitway FDV above $400M one day after launch?,True,2026-03-04T10:18:25+00:00,2027-01-01T05:00:00+00:00,"[""Yes"", ""No""]","[0.0, 1.0]",No,resolved
0x36f44c4409cd8e1e3aab863f9692bac2d78073b33b3b10cb10a2685ba1ad94b4,Will SpaceX's market cap be between $900B and $1T at market close on IPO day?,True,2026-06-12T23:15:57+00:00,2027-12-31T00:00:00+00:00,"[""Yes"", ""No""]","[0.0, 1.0]",No,resolved
0x36f4d1baa9f6d28936b768ead23cb4fb146f82e3f6efec19b771905e8c3a9987,Nexus FDV above $200M one day after launch?,True,2026-05-21T23:25:06+00:00,2028-01-01T05:00:00+00:00,"[""Yes"", ""No""]","[1.0, 0.0]",Yes,resolved
0x3708f8525325f25887d7b87df0b70c141bd0e2c77bd698e2663e6ee6c21614a8,Cap FDV above $1B one day after launch?,True,2026-06-27T22:05:07+00:00,2028-01-01T05:00:00+00:00,"[""Yes"", ""No""]","[0.0, 1.0]",No,resolved
0x37344c8abfddfb8d8cd683d4f35c3c9e623b27538c00157629f545077d363f64,"Will Zcash reach $700 by December 31, 2026?",True,2026-08-21T22:43:10+00:00,2027-01-01T05:00:00+00:00,"[""Yes"", ""No""]","[1.0, 0.0]",Yes,resolved
0x37402c8c83fc8b43193b19275e760e66c75dea14406977d47a73241c526b6cf2,Will any month of 2026 be the hottest on record?,True,2026-08-11T17:03:27+00:00,2027-01-10T00:00:00+00:00,"[""Yes"", ""No""]","[1.0, 0.0]",Yes,resolved
0x374aa3a4d39647fcc5e3718b32c84210075966d8a1afae58cce24d050aa83f52,Over $5M committed to the Foresee public sale?,True,2026-02-09T11:52:21+00:00,2027-01-01T05:00:00+00:00,"[""Yes"", ""No""]","[0.0, 1.0]",No,resolved
0x374e86da7257106731513b2b381ac247ceed0b0f76c06892d4bbe8c30f34583c,Espresso FDV above $200M one day after launch?,True,2026-02-14T00:15:41+00:00,2028-01-01T05:00:00+00:00,"[""Yes"", ""No""]","[1.0, 0.0]",Yes,resolved
0x3753efdcc6fdfea9687c90aaa1ffcd957051f5b35356e4e21b9c586f95898395,Octra FDV above $200M one day after launch?,True,2026-04-21T22:13:38+00:00,2027-01-01T05:00:00+00:00,"[""Yes"", ""No""]","[0.0, 1.0]",No,resolved
0x37e570f6defa9b72e96c7166d96fdc7b56a074010c5a305fbfa2731cbcdc6756,Espresso FDV above $300M one day after launch?,True,2026-02-14T00:12:37+00:00,2028-01-01T05:00:00+00:00,"[""Yes"", ""No""]","[0.0, 1.0]",No,resolved
0x3848f792fcb0c8b760bb665213a5e732b5b9b530eb0a47cdda3f6b08d4ae9f6f,VOOI FDV above $1.5B one day after launch?,True,2025-12-20T23:11:11+00:00,2027-01-01T05:00:00+00:00,"[""Yes"", ""No""]","[0.0, 1.0]",No,resolved
0x3850d3151af5f95433bcb9a335b77c31a2eb9b7f7aad2df2e03f46716106d3e0,Paradex FDV above $5B one day after launch?,True,2026-03-07T00:13:35+00:00,2027-01-01T05:00:00+00:00,"[""Yes"", ""No""]","[0.0, 1.0]",No,resolved
0x3851841e6a559409d655e026a66fecb3b6e1820b7de4bc69a8636ff4e79ff674,"Will Titan launch a token by June 30, 2026?",True,2026-07-01T08:04:52+00:00,2027-01-01T05:00:00+00:00,"[""Yes"", ""No""]","[0.0, 1.0]",No,resolved
0x388e7202820348f8b50f005a9e29461d49e4e6b84adbc3b4e41b43fa17527653,Over $14M committed to the Space public sale?,True,2026-01-16T10:15:04+00:00,2027-01-01T05:00:00+00:00,"[""Yes"", ""No""]","[1.0, 0.0]",Yes,resolved
0x38ce926c058413cee5b5c1b4d968f23cc2110a0cde006aa0148f0f137f68b861,Zama FDV above $1B one day after launch?,True,2026-02-03T23:10:20+00:00,2027-01-01T05:00:00+00:00,"[""Yes"", ""No""]","[0.0, 1.0]",No,resolved
0x39a44f24760f0682eaffb4d7d692a5cc96b0d9ec07bafed9ddc805c76ae7f39a,idOS FDV above $50M one day after launch?,True,2026-03-07T11:52:55+00:00,2028-01-01T05:00:00+00:00,"[""Yes"", ""No""]","[0.0, 1.0]",No,resolved
0x39b7997aff494d5c9cc921bfd7576c0aeaff6ec98a9a5dd8572391e9769b2b4e,Nexus FDV above $50M one day after launch?,True,2026-05-21T23:26:51+00:00,2028-01-01T05:00:00+00:00,"[""Yes"", ""No""]","[1.0, 0.0]",Yes,resolved
0x39dd9186bee41053933369e0763ae48da2e52ec9a60d5732d54fe46d2e352db4,Fabric FDV above $500M one day after launch?,True,2026-02-28T23:27:55+00:00,2027-01-01T05:00:00+00:00,"[""Yes"", ""No""]","[0.0, 1.0]",No,resolved
0x3a72386f277b9fd632bc35e451fcdae2b3704e4ecb58868517d73ff0253bf9ad,Will Infrared launch a token by December 31 2025?,True,2025-12-18T14:13:02+00:00,2027-01-01T05:00:00+00:00,"[""Yes"", ""No""]","[1.0, 0.0]",Yes,resolved
0x3aa95f980df4a3e461c77623e6f3184cf45d4d7714191f36e17800952fdac334,Will Maurício Ruffy fight Max Holloway next?,True,2026-05-17T05:37:19+00:00,2027-03-01T00:00:00+00:00,"[""Yes"", ""No""]","[0.0, 1.0]",No,resolved
0x3b8ab881e59dd64caad009d5c098751a5d627254ec68314dadb226548a236f2e,Unitas Labs FDV above $20M one day after launch?,True,2026-03-15T01:20:57+00:00,2028-01-01T05:00:00+00:00,"[""Yes"", ""No""]","[1.0, 0.0]",Yes,resolved
0x3b931e57d90df5b0190463f217486445a6cd0ad185aac3565cd3cd47c0f32af1,Will Yair Rodriguez fight Kevin Vallejos next?,True,2026-09-30T04:36:45+00:00,2027-03-08T00:00:00+00:00,"[""Yes"", ""No""]","[0.0, 1.0]",No,resolved
0x3bf191c10dda5ebb8086ff098b82f2905fa771e1ec42b7046cddd4065ed7ebaa,Paradex FDV above $10B one day after launch?,True,2026-03-07T00:12:31+00:00,2027-01-01T05:00:00+00:00,"[""Yes"", ""No""]","[0.0, 1.0]",No,resolved
0x3bf333e5224977eca61f473e5f1407ae799f37d0d5320c2faef3a752cc167605,Over $4M committed to the Trove public sale?,True,2026-01-10T16:45:00+00:00,2027-01-01T05:00:00+00:00,"[""Yes"", ""No""]","[1.0, 0.0]",Yes,resolved
0x3c0b25aa613057b65a27563ff04ee3452060fb196278aee493d461972bff16c4,Will Maurício Ruffy fight Charles Oliveira next?,True,2026-10-04T05:07:44+00:00,2027-03-01T04:59:00+00:00,"[""Yes"", ""No""]","[0.0, 1.0]",No,resolved
0x3cb172480db5a2ee9a024bd965418d0fa01fe7a802ad2b9d26c1e8816eea27ba,Over $10M committed to the Trove public sale?,True,2026-01-11T19:34:22+00:00,2027-01-01T05:00:00+00:00,"[""Yes"", ""No""]","[1.0, 0.0]",Yes,resolved
0x3cc74c68476657c35e0c7c4bb4de55dbf7a94086b088b64153c11bb862788498,Espresso FDV above $700M one day after launch?,True,2026-02-14T00:09:43+00:00,2028-01-01T05:00:00+00:00,"[""Yes"", ""No""]","[0.0, 1.0]",No,resolved
0x3ce710f429e39b2704374bd1f3be41ebf3198be2033bdf1b3a3635cdf24966b8,Lighter Airdrop on January 8?,True,2025-12-30T10:47:33+00:00,2027-01-01T05:00:00+00:00,"[""Yes"", ""No""]","[0.0, 1.0]",No,resolved
0x3d06d610c6a1f36bd6a1fc3048abce45224be854f7bd5f25dba0ada295878106,Sentio FDV above $20M one day after launch?,True,2026-04-16T22:48:34+00:00,2028-01-01T05:00:00+00:00,"[""Yes"", ""No""]","[1.0, 0.0]",Yes,resolved
0x3d30a16a2fe910ed02dc8870ab499efe1c03d3be67343f6e547a1199a4d40ee5,Over $20M committed to the Space public sale?,True,2026-01-17T02:11:54+00:00,2027-01-01T05:00:00+00:00,"[""Yes"", ""No""]","[1.0, 0.0]",Yes,resolved
0x3e0adf1f0f0ee21787aefc57a437e305517e40d50b19f341f0c8b8c6452b6ef4,Will Almanak FDV above $250M one day after launch?,True,2025-12-14T00:54:27+00:00,2027-01-01T05:00:00+00:00,"[""Yes"", ""No""]","[0.0, 1.0]",No,resolved
0x3e0e86909e348c069cac99891b99003bda5865993952b288174456b0e5bfb0ae,Will Pacifica launch a token by December 31 2025?,True,2026-01-01T09:20:33+00:00,2027-01-01T05:00:00+00:00,"[""Yes"", ""No""]","[0.0, 1.0]",No,resolved
0x3e2162546c32d796f7a4681ca2c4db64201a682871bfae31191eaede97c0c1f6,Billions FDV above $1B one day after launch?,True,2026-05-05T22:54:26+00:00,2028-01-01T05:00:00+00:00,"[""Yes"", ""No""]","[0.0, 1.0]",No,resolved
0x3e2d217e222ddc7f49f1cae7b79941ad891de1b2247404c8fdd0215ee24e52b4,P2P FDV above $5M one day after launch?,True,2026-04-03T04:59:57+00:00,2028-01-01T05:00:00+00:00,"[""Yes"", ""No""]","[1.0, 0.0]",Yes,resolved
0x3e3339e485597195e89a7552abda0b6c213cb6f5ce845a602a671b865130270b,Paradex FDV above $80M one day after launch?,True,2026-03-07T00:16:43+00:00,2027-01-01T05:00:00+00:00,"[""Yes"", ""No""]","[0.0, 1.0]",No,resolved
0x3e35bda8326140c40f3017600ed9f4358010634926638df9089026282487a8e1,Sentio FDV above $50M one day after launch?,True,2026-04-16T22:48:34+00:00,2028-01-01T05:00:00+00:00,"[""Yes"", ""No""]","[1.0, 0.0]",Yes,resolved
0x3e8257a0c5824d33863c76398d0dabc65c242a397b737b86700fee897bad3c2f,Fluent FDV above $200M one day after launch?,True,2026-04-25T23:24:34+00:00,2028-01-01T05:00:00+00:00,"[""Yes"", ""No""]","[0.0, 1.0]",No,resolved
0x3f4b9f2f79e5664cacdf4afacde6c45e59a9e4abedf7b8d10bf5f07307f9566f,SpaceX IPO closing market cap above $3T?,True,2026-06-12T22:19:51+00:00,2027-12-31T00:00:00+00:00,"[""Yes"", ""No""]","[0.0, 1.0]",No,resolved
0x3f73c861c77271eb62ef0499a9eec0de6c40ce4c293980b3f2f39580cd195759,"Will Flying Tulip launch a token by September 30, 2026?",True,2026-02-24T09:44:24+00:00,2027-01-01T05:00:00+00:00,"[""Yes"", ""No""]","[1.0, 0.0]",Yes,resolved
0x3ff06d54427f350bd8963298f6d4260a8254ad9628ca9e8a710827fbabf58148,Hyperlend FDV above $300M one day after launch?,True,2026-02-28T00:12:59+00:00,2027-01-01T05:00:00+00:00,"[""Yes"", ""No""]","[0.0, 1.0]",No,resolved
0x3ff7ff0d083b4b81429b01a63bf2c8e3654c4c13d632761337af76a97b50662f,Hyperliquid listed on Coinbase before 2027?,True,2026-02-06T13:20:21+00:00,2027-01-01T05:00:00+00:00,"[""Yes"", ""No""]","[1.0, 0.0]",Yes,resolved
0x4031ef7fbc40b2fffc13368235a80c03dba35ab6f971b60e10e27ee520e197e6,Will A.J. Ellis be the next Red Sox manager?,True,2026-09-23T08:51:43+00:00,2027-02-01T04:59:00+00:00,"[""Yes"", ""No""]","[0.0, 1.0]",No,resolved
0x4034f5e3e950b92dd55f477ce329d24231ffc73d22d356efa3b8c699fa7aabe2,Dual FDV above $800M one day after launch?,True,2026-04-02T07:20:15+00:00,2028-01-01T05:00:00+00:00,"[""Yes"", ""No""]","[0.0, 1.0]",No,resolved
0x40b13041117243cb1c1e3bc3d0c3eb7bfcafa5e339972fe29f05a11bb9f2b79d,Will the AAVE token alignment proposal pass?,True,2025-12-26T14:08:27+00:00,2027-01-01T05:00:00+00:00,"[""Yes"", ""No""]","[0.0, 1.0]",No,resolved
0x40b426b718dcb4421439f549054143a0800eb948e5b5beddc33520ac6a08d41b,idOS FDV above $20M one day after launch?,True,2026-03-07T11:06:49+00:00,2028-01-01T05:00:00+00:00,"[""Yes"", ""No""]","[1.0, 0.0]",Yes,resolved
0x4104fe2d45762c3e75b64dff659003572cd40f7f2ff45904935e79512cdbe559,Over $26M committed to the Space public sale?,True,2026-01-17T02:33:52+00:00,2027-01-01T05:00:00+00:00,"[""Yes"", ""No""]","[0.0, 1.0]",No,resolved
0x41526f20dd991e2a099b45aefa24636ad55bcc656b8f4724f1f52ec705ac2761,"Will Plasma dip to $0.20 by December 31, 2026?",True,2025-11-25T07:40:27+00:00,2027-01-01T05:00:00+00:00,"[""Yes"", ""No""]","[1.0, 0.0]",Yes,resolved
0x4171a536ae8a0805855e002f93871c07fe077be71b96f90fe08825668f06ba50,Wingbits FDV above $500M one day after launch?,True,2026-04-24T01:20:50+00:00,2028-01-01T05:00:00+00:00,"[""Yes"", ""No""]","[0.0, 1.0]",No,resolved
0x41a7dc4ce12ab8c4529c8e74023fac32b63404423867b789b49245635c0460b4,Over $2B crypto hack value in 2026?,True,2026-09-25T19:10:14+00:00,2027-01-01T05:00:00+00:00,"[""Yes"", ""No""]","[1.0, 0.0]",Yes,resolved
0x41ac836a825fc356c6003e736e25015c07871c04f8fbdb9a57f635acab77c1c8,Will SpaceX's market cap be between $600B and $700B at market close on IPO day?,True,2026-06-12T23:15:28+00:00,2027-12-31T00:00:00+00:00,"[""Yes"", ""No""]","[0.0, 1.0]",No,resolved
0x41b996542b063ad283ea563fa632139ecae5b8d58a015efa65dab291de820f49,Over $20M committed to the Trove public sale?,True,2026-01-11T20:10:12+00:00,2027-01-01T05:00:00+00:00,"[""Yes"", ""No""]","[0.0, 1.0]",No,resolved
0x41d929e830bd779468d6905d441c05f6988f60b2905d03770378e3b32a1b3d70,Aligned FDV above $300M one day after launch?,True,2026-08-21T22:02:33+00:00,2028-01-01T05:00:00+00:00,"[""Yes"", ""No""]","[0.0, 1.0]",No,resolved
0x41e2bd0093cd6966a60e48a0be2dcd9f96ed9f91fa35c1e02a000aec142972af,Bitcoin 10% daily candle change in 2026?,True,2026-02-07T02:11:39+00:00,2027-01-01T05:00:00+00:00,"[""Yes"", ""No""]","[1.0, 0.0]",Yes,resolved
0x41f0c4f4ee8770ad40066bbf0b90b21de827ca61241f9ca78dca6a42299e0cfd,Will at least 25 albums be ranked #1 on the Billboard 200 in 2026?,True,2026-09-25T18:43:44+00:00,2027-01-02T04:59:00+00:00,"[""Yes"", ""No""]","[1.0, 0.0]",Yes,resolved
0x4229acb9472e339f7980b6ec3bbc2e79edd7dc8e9de56e8c700811dea3d2bafa,Arcium FDV above $50M one day after launch?,True,2026-06-23T22:02:32+00:00,2028-01-01T05:00:00+00:00,"[""Yes"", ""No""]","[1.0, 0.0]",Yes,resolved
0x422ca08d0b46118b477f19e06a432fc4e4ba50173c524fa8fee827bf321645d0,"Russia x Ukraine ceasefire by June 30, 2027?",True,2026-05-09T06:32:05+00:00,2027-06-30T00:00:00+00:00,"[""Yes"", ""No""]","[1.0, 0.0]",Yes,resolved
0x42ddf5ef540070c0c7a44011d7b66d252edb2162d68a72d9dd429d5b93c6736b,Solstice FDV above $100M one day after launch?,True,2026-05-26T22:21:05+00:00,2027-01-01T05:00:00+00:00,"[""Yes"", ""No""]","[1.0, 0.0]",Yes,resolved
0x437552dbeb29c643b9431dfc4fa447e6590f69037a0a7802dcd28b8a3f720977,Will Fogo launch a token by December 31 2026?,True,2026-01-15T15:43:48+00:00,2027-01-01T05:00:00+00:00,"[""Yes"", ""No""]","[1.0, 0.0]",Yes,resolved
0x437abc7bee04c713a2e38043df147bd815523523debb8a863b57dc19374c3586,Will Fogo launch a token by June 30 2026?,True,2026-01-15T15:43:48+00:00,2027-01-01T05:00:00+00:00,"[""Yes"", ""No""]","[1.0, 0.0]",Yes,resolved
0x439f25326d9099e200a3957ad4c9d19de5c1e34124ed42cb1759229c7e819749,Zama FDV above $3B one day after launch?,True,2026-02-03T23:10:50+00:00,2027-01-01T05:00:00+00:00,"[""Yes"", ""No""]","[0.0, 1.0]",No,resolved
0x43f92f0e1f69d57c6c1fceb75189ee1f7fe18be295a89d363221c2e715ab71ae,Lighter FDV above $5B one day after launch?,True,2026-01-01T00:10:15+00:00,2027-01-01T05:00:00+00:00,"[""Yes"", ""No""]","[0.0, 1.0]",No,resolved
0x441564c6dd4a1f39bdf7609660bbb7075d97cbd948b570a64150c3c618ac8f58,OneFootball FDV above $2B one day after launch?,True,2026-04-10T22:22:09+00:00,2028-01-01T05:00:00+00:00,"[""Yes"", ""No""]","[0.0, 1.0]",No,resolved
0x446916cd2b703f35606af528be2ad1b2cb1eaced06718339671209d5af6f33a0,Will Paradex launch a token by December 31 2025?,True,2026-01-01T08:24:51+00:00,2027-01-01T05:00:00+00:00,"[""Yes"", ""No""]","[0.0, 1.0]",No,resolved
0x446e89712a89e8dfa0419c2db006147a9be28f39a4cf0c67f52ae998b3c5e1a7,Opinion FDV above $600M one day after launch?,True,2026-03-06T23:46:51+00:00,2027-01-01T05:00:00+00:00,"[""Yes"", ""No""]","[0.0, 1.0]",No,resolved
0x4520ec892fb1cecca1063247fb32aa636a4e2fb59ba4c62ba4ae0d539af2e4c9,USD.AI FDV above $200M one day after launch?,True,2026-04-23T00:25:00+00:00,2027-01-01T05:00:00+00:00,"[""Yes"", ""No""]","[1.0, 0.0]",Yes,resolved
0x461326cb0bb11e73a44f944b194068466c8f09aad46de68e38fdddc2a1cf6f90,Cap FDV above $2B one day after launch?,True,2026-06-27T22:05:07+00:00,2028-01-01T05:00:00+00:00,"[""Yes"", ""No""]","[0.0, 1.0]",No,resolved
0x46d416bf1d1248df0d711f806df13504db457e46c62c6108c2e7b6c599f88d76,Will Barclays or any of its underwriting affiliates serve as the lead underwriter in SpaceX’s initial public offering?,True,2026-05-24T06:28:43+00:00,2027-12-31T00:00:00+00:00,"[""Yes"", ""No""]","[0.0, 1.0]",No,resolved
0x46dbc7adf7697fcdd65a0f550b43478e3808e9580fcac581ad6e3d5e6b2578bf,Owlto FDV above $600M one day after launch?,True,2026-01-17T02:15:52+00:00,2027-01-01T05:00:00+00:00,"[""Yes"", ""No""]","[0.0, 1.0]",No,resolved
0x47e38829639780967f097d954d4efa9700fd24140b79a6fc3c6a263e842e3c83,"Will Betmoar launch a token by March 31, 2026?",True,2026-04-01T08:11:17+00:00,2028-01-01T05:00:00+00:00,"[""Yes"", ""No""]","[0.0, 1.0]",No,resolved
0x4884312a9e0c3fe05be1ca8b872f7e7818affbd20b10c047ac1a74bac9b92797,Will Mike Cubbard win the 2026 Galway West by-election?,True,2026-05-24T21:35:51+00:00,2027-03-31T00:00:00+00:00,"[""Yes"", ""No""]","[0.0, 1.0]",No,resolved
0x489036b4b05c27c20c8e0b5278a1884dad042ce5c3d11a7b86bbf25cc8b63170,Will Steve Garcia fight Kevin Vallejos next?,True,2026-09-30T04:35:50+00:00,2027-03-08T00:00:00+00:00,"[""Yes"", ""No""]","[0.0, 1.0]",No,resolved
0x48dde8e03d433a324d972b7f425b401c95bde3dec4e534667a592b7bfefde077,Genius FDV above $1B one day after launch?,True,2026-04-14T22:08:00+00:00,2028-01-01T05:00:00+00:00,"[""Yes"", ""No""]","[0.0, 1.0]",No,resolved
0x48eab5aef6a52e5a5cfc0c21b6cc81393231aa912a9f1998f9e5d77dc1de871a,Yellow FDV above $100M one day after launch?,True,2026-03-09T22:16:01+00:00,2028-01-01T05:00:00+00:00,"[""Yes"", ""No""]","[1.0, 0.0]",Yes,resolved
0x4912f26af3de8ca7c101ba68ce51abc0b3a15a8a32dd02cfe3821df1d20fefbc,YOM FDV above $800M one day after launch?,True,2026-06-06T22:12:31+00:00,2028-01-01T05:00:00+00:00,"[""Yes"", ""No""]","[0.0, 1.0]",No,resolved
0x49a713a5ce20c7252072fdcfe86e2869dcefe06c61bbd97df5842b58833c279f,GRVT FDV above $800M one day after launch?,True,2026-07-31T22:01:17+00:00,2028-01-01T05:00:00+00:00,"[""Yes"", ""No""]","[0.0, 1.0]",No,resolved
0x49c63b932e50af1b94366ea9e40a1278f1bdcbcd153a11ecd82a350b752a245a,USD.AI FDV above $250M one day after launch?,True,2026-04-23T00:25:00+00:00,2027-01-01T05:00:00+00:00,"[""Yes"", ""No""]","[1.0, 0.0]",Yes,resolved
0x49c778d7b068e7d031b272b2660d829448f7d1e17cecf792416cba15cac56431,Will Venezuelan crude oil production reach 1m barrels per day in 2026?,True,2026-05-13T16:57:04+00:00,2027-02-28T00:00:00+00:00,"[""Yes"", ""No""]","[1.0, 0.0]",Yes,resolved
0x49df13652202f431782f560cb4f27acd77e9266ed846abb79db1f439fbe0bd7a,Ranger FDV above $50M one day after launch?,True,2026-01-11T23:50:26+00:00,2027-01-01T05:00:00+00:00,"[""Yes"", ""No""]","[0.0, 1.0]",No,resolved
0x4a9b850ef016a97ee4347a7fe91dc5bb0dd6ba7a9f33e08621a80a0871d225de,Espresso FDV above $50M one day after launch?,True,2026-02-14T00:11:35+00:00,2028-01-01T05:00:00+00:00,"[""Yes"", ""No""]","[1.0, 0.0]",Yes,resolved
0x4ac65964b7cebf0aec2bb6d7034188352b37f3a1fb33e71f0b5f278b85eee4d7,Cap FDV above $4B one day after launch?,True,2026-06-27T22:03:05+00:00,2028-01-01T05:00:00+00:00,"[""Yes"", ""No""]","[0.0, 1.0]",No,resolved
0x4ac7318718f388392e9c67097a082fdee1d733dec929bc345190ca074123e4c0,Pharos FDV above $200M one day after launch?,True,2026-04-29T23:35:40+00:00,2028-01-01T05:00:00+00:00,"[""Yes"", ""No""]","[1.0, 0.0]",Yes,resolved
0x4af05d4f9fd8cf4845e3e3b53f1104ac1736d0a3030c51161fd4ea89b0096284,Paradex FDV above $750M one day after launch?,True,2026-03-07T00:15:35+00:00,2027-01-01T05:00:00+00:00,"[""Yes"", ""No""]","[0.0, 1.0]",No,resolved
0x4b1fb8e8f9cd3a6c95e9e2aec8a679e1cab748cf693ada3e8874b509f476e779,Will Backpack launch a token by December 31?,True,2026-01-01T10:18:11+00:00,2027-01-01T05:00:00+00:00,"[""Yes"", ""No""]","[0.0, 1.0]",No,resolved
0x4b2ef86542a1012dbaf2acad23931b10470da8f0b65530787d9167e6d0d055a0,Will Daniel Descalso be the next Red Sox manager?,True,2026-09-23T08:53:43+00:00,2027-02-01T04:59:00+00:00,"[""Yes"", ""No""]","[0.0, 1.0]",No,resolved
0x4b4f1af873ff1ce0c117fce7278de7758a2244cc0f840817afe5365fd7d49fb8,USD.AI FDV above $2B one day after launch?,True,2026-04-23T00:25:56+00:00,2027-01-01T05:00:00+00:00,"[""Yes"", ""No""]","[0.0, 1.0]",No,resolved
0x4b885b84d42eee16005c09c4d37822b6ed3dd7261b9e04686c08e3f71e4f66c0,Solstice FDV above $200M one day after launch?,True,2026-05-26T22:21:05+00:00,2027-01-01T05:00:00+00:00,"[""Yes"", ""No""]","[0.0, 1.0]",No,resolved
0x4bc637bd708d1116fe54caff1734d3df2675945dc8bc69b040cda3f18e2abf12,Will Pacifica launch a token by June 30 2026?,True,2026-07-01T08:23:53+00:00,2027-01-01T05:00:00+00:00,"[""Yes"", ""No""]","[0.0, 1.0]",No,resolved
0x4c0e4368bee88f18c6ed07f537543a6bb91293192ef135df85a494e1a0e014f0,Nebula3 FDV above $20M one day after launch?,True,2026-03-12T22:22:33+00:00,2028-01-01T05:00:00+00:00,"[""Yes"", ""No""]","[0.0, 1.0]",No,resolved
0x4c3fb1ba1baa57f69518d30b9f03a36337496b82cffd7fdf1a39f226dd337b78,Aztec FDV above $1.5B one day after launch?,True,2026-02-13T23:25:21+00:00,2027-01-01T05:00:00+00:00,"[""Yes"", ""No""]","[0.0, 1.0]",No,resolved
0x4c589161f38cb8c48228d0411e2259749801747e011f475c0f79afecc1d57623,Block Street FDV above $300M one day after launch?,True,2026-03-06T12:12:53+00:00,2028-01-01T05:00:00+00:00,"[""Yes"", ""No""]","[0.0, 1.0]",No,resolved
0x4c6cf1d554f4f6befbc6a20206175b76730da4b0a58513ecf1dc39236822cda7,"Will Aster dip to $0.60 by December 31, 2026?",True,2026-01-19T12:06:26+00:00,2027-01-01T05:00:00+00:00,"[""Yes"", ""No""]","[1.0, 0.0]",Yes,resolved
0x4cb05dbee887c1704889cb5dd86ec06a35579a0f90bb4a5f50df0185636a9ac1,GRVT FDV above $300M one day after launch?,True,2026-07-31T22:02:57+00:00,2028-01-01T05:00:00+00:00,"[""Yes"", ""No""]","[0.0, 1.0]",No,resolved
0x4cc47a3e86106f459be84825e38ba203573bf04915e869f7516431a015fc4f5e,Perle Labs FDV above $500M one day after launch?,True,2026-03-26T22:05:45+00:00,2028-01-01T05:00:00+00:00,"[""Yes"", ""No""]","[0.0, 1.0]",No,resolved
0x4d5b458f088ada240b15a549c126985a1477d11187e50c8f133777953bf8028d,"Will EdgeX launch a token by June 30, 2026?",True,2026-03-31T15:44:17+00:00,2027-01-01T05:00:00+00:00,"[""Yes"", ""No""]","[1.0, 0.0]",Yes,resolved
0x4e16c5196f59f08fad56fea688a65daeba2e5be79b7c04acd56ca7395cdb0885,EdgeX FDV above $4B one day after launch?,True,2026-04-01T22:35:39+00:00,2027-01-01T05:00:00+00:00,"[""Yes"", ""No""]","[0.0, 1.0]",No,resolved
0x4e24e0c77d460058cc5788027ff6229e6471610c49db904b74640bfcfb7141be,Opinion FDV above $3B one day after launch?,True,2026-03-06T23:55:05+00:00,2027-01-01T05:00:00+00:00,"[""Yes"", ""No""]","[0.0, 1.0]",No,resolved
0x4e64b4d32b985d5f40bc565f40f629993d357d03518f5ba721151ad9a8a9a8ee,Superform FDV above $300M one day after launch?,True,2026-02-11T23:08:25+00:00,2027-01-01T05:00:00+00:00,"[""Yes"", ""No""]","[0.0, 1.0]",No,resolved
0x4e8a5d68d65fadb412ff0409af2848e51f92d3f8b5e956adff3f154140bf19e7,"Will Hyperliquid reach $42 by December 31, 2026?",True,2026-03-18T00:00:55+00:00,2027-01-01T05:00:00+00:00,"[""Yes"", ""No""]","[1.0, 0.0]",Yes,resolved
0x4eaf242ddf0736aa09be8212716683a1ac9735a6e526ee0542cbdc17c73abcc1,Sentient FDV above $200M one day after launch?,True,2026-01-23T23:27:40+00:00,2027-01-01T05:00:00+00:00,"[""Yes"", ""No""]","[1.0, 0.0]",Yes,resolved
0x4ecbaedba19f24df3c89bcd096eb08ce06b05cfd5fad8c231121f23889270536,Elsa FDV above $200M one day after launch?,True,2026-01-22T08:33:54+00:00,2027-01-01T05:00:00+00:00,"[""Yes"", ""No""]","[0.0, 1.0]",No,resolved
0x4ee4bd60d2df17f813bc2c2607592224952e0821e2a28d19a352773e4d462941,Will Éric Zemmour announce their candidacy for the 2027 French presidential election in 2026?,True,2026-09-18T02:55:07+00:00,2027-04-18T23:59:00+00:00,"[""Yes"", ""No""]","[1.0, 0.0]",Yes,resolved
0x4f26d84fc41bd0f068e3fdff798615562b174e64cd05d2b183e224434dad3c3a,Will between 22 and 24 albums be ranked #1 on the Billboard 200 in 2026?,True,2026-09-25T18:43:44+00:00,2027-01-02T04:59:00+00:00,"[""Yes"", ""No""]","[0.0, 1.0]",No,resolved
0x4f96faf68053a46d4209f796d16ac451e32f4a0e371fdf2b61c6f233d8d76877,Block Street FDV above $50M one day after launch?,True,2026-03-06T12:09:53+00:00,2028-01-01T05:00:00+00:00,"[""Yes"", ""No""]","[1.0, 0.0]",Yes,resolved
0x4fe2c66574f540a01016bb02d92f94cf27276a0e181558393429ed17d3887f3b,Sentient FDV above $400M one day after launch?,True,2026-01-23T23:27:40+00:00,2027-01-01T05:00:00+00:00,"[""Yes"", ""No""]","[1.0, 0.0]",Yes,resolved
0x50576d841d6a75f0d8f441cc3c0a4d959aed1cfcdbf45ef2ff578047e38d4460,Seeker FDV above $150M one day after launch?,True,2026-01-22T02:48:44+00:00,2027-01-01T05:00:00+00:00,"[""Yes"", ""No""]","[0.0, 1.0]",No,resolved
0x505b8b5f26ce1fbf76d40a85a1f454e48e81d52932de9bbf2e84c2e5717ecfef,Superform FDV above $400M one day after launch?,True,2026-02-12T01:08:51+00:00,2027-01-01T05:00:00+00:00,"[""Yes"", ""No""]","[0.0, 1.0]",No,resolved
0x50d1a3b139397656cf312df69bf3a9aeac2d63ffcf67c19124811c7d3cc73c43,Brevis FDV above $800M one day after launch?,True,2026-01-07T23:21:43+00:00,2027-01-01T05:00:00+00:00,"[""Yes"", ""No""]","[0.0, 1.0]",No,resolved
0x50fbb93db1a18c2cd1ddef6b77bd69c30679eb768beaa836ffd0075f21d3bb2b,Will edgeX reach $1.20 before 2027?,True,2026-04-16T06:03:24+00:00,2027-01-01T05:00:00+00:00,"[""Yes"", ""No""]","[1.0, 0.0]",Yes,resolved
0x514aa81f59f1bed623fc431f6f0e92b52be63b6c353d5a1fdfe7720a0d370c1d,Katana FDV above $100M one day after launch?,True,2026-03-19T22:48:53+00:00,2028-01-01T05:00:00+00:00,"[""Yes"", ""No""]","[0.0, 1.0]",No,resolved
0x514fb9b498c91dc7c520080c2c55dccf6752aea70350bf4af49587b7351b32de,Over $200K committed to the Foresee public sale?,True,2026-02-09T11:47:27+00:00,2027-01-01T05:00:00+00:00,"[""Yes"", ""No""]","[1.0, 0.0]",Yes,resolved
0x5170d68ab05e09c20b2b5f82bc2fce80518bb4d8881997ffd5d89a017d115860,HumidiFi FDV above $100M one day after launch?,True,2025-12-11T03:36:51+00:00,2027-01-01T05:00:00+00:00,"[""Yes"", ""No""]","[1.0, 0.0]",Yes,resolved
0x5265d1421a3e7e947005c608c7e3705ac8628547feff093985e263d8f79b1baa,"Will Tria launch a token by December 31, 2026?",True,2026-02-03T12:08:42+00:00,2027-01-01T05:00:00+00:00,"[""Yes"", ""No""]","[1.0, 0.0]",Yes,resolved
0x52aa52b3fd539a89d1847b4abf50771c11106ff8dcdc9db956abb99127e71115,Harmonix FDV above $8M one day after launch?,True,2025-12-20T23:08:19+00:00,2027-01-01T05:00:00+00:00,"[""Yes"", ""No""]","[0.0, 1.0]",No,resolved
0x52b859d3ed128f5e14523c372f361fc27ae0ada1c423aefc9bb1df9e894279af,Trove FDV above $60M one day after launch?,True,2026-01-21T00:56:04+00:00,2027-01-01T05:00:00+00:00,"[""Yes"", ""No""]","[0.0, 1.0]",No,resolved
0x52c1c65a6f3f4840b27d806bb19a20c168760f4034bd126d009a4a2b9eb621a9,"Will Plasma dip to $0.60 by December 31, 2026?",True,2025-11-25T19:50:49+00:00,2027-01-01T05:00:00+00:00,"[""Yes"", ""No""]","[1.0, 0.0]",Yes,resolved
0x52f1001739aefba842488963090f73d056c71eb72e2b239c6b7a9eaf86ccaf29,Backpack FDV above $1B one day after launch?,True,2026-03-24T22:31:25+00:00,2027-01-01T05:00:00+00:00,"[""Yes"", ""No""]","[0.0, 1.0]",No,resolved
0x5305a2f8f837516ae4468c3b48a57ee6be0ed7329f531250a616e4516b4f6e7c,Will Benoît Saint Denis fight Charles Oliveira next?,True,2026-10-04T07:12:41+00:00,2027-03-01T04:59:00+00:00,"[""Yes"", ""No""]","[0.0, 1.0]",No,resolved
0x531fb2616295ae90718e25d49a80392652271b91507aff95b3ddc36244e70405,Rainbow FDV above $100M one day after launch?,True,2026-02-06T23:57:53+00:00,2027-01-01T05:00:00+00:00,"[""Yes"", ""No""]","[0.0, 1.0]",No,resolved
0x53261f4b82fa757f30a18378652eafeb012b9aa36a6b9996149e1ab2ec63d937,HumidiFi FDV above $800M one day after launch?,True,2025-12-11T03:26:05+00:00,2027-01-01T05:00:00+00:00,"[""Yes"", ""No""]","[0.0, 1.0]",No,resolved
0x544714f864aa3b760e6a3b4a6302769f4a67617e7e1077946d54bc3e1a274df8,ETHGAS FDV above $800M one day after launch?,True,2026-01-22T23:51:04+00:00,2027-01-01T05:00:00+00:00,"[""Yes"", ""No""]","[0.0, 1.0]",No,resolved
0x5497e84ab7eab68ea7179fe1948ce122f9334fa3aa3ab704f8ee994e03908d3d,Will Justin Gaethje fight Max Holloway next?,True,2026-05-17T05:41:09+00:00,2027-03-01T00:00:00+00:00,"[""Yes"", ""No""]","[0.0, 1.0]",No,resolved
0x54c59b4a608d86a039a0557e27db56869c8a398ab5ead5aa9df03cad43579a94,Over $15M committed to the Trove public sale?,True,2026-01-11T20:07:08+00:00,2027-01-01T05:00:00+00:00,"[""Yes"", ""No""]","[0.0, 1.0]",No,resolved
0x54e36984fd85f7720dd9fbb9c3b6043d4f4ad405b6c1a6a2b905c0eec33b9110,Will Theo launch a token by March 31 2026?,True,2026-04-01T09:38:47+00:00,2027-01-01T05:00:00+00:00,"[""Yes"", ""No""]","[0.0, 1.0]",No,resolved
0x5545e8d332e92d96cfb9cfb787b0e207c0dae53299021bcd098f7ee59b761e80,Will the Ethereum Volatility Index dip to 50 in 2026?,True,2026-05-26T00:20:52+00:00,2027-01-01T05:00:00+00:00,"[""Yes"", ""No""]","[1.0, 0.0]",Yes,resolved
0x554c41caa3828e43783ec03e890e0c5e3dcb238dd5a978f48346aa0016d8e40c,Will Lighter reach $4 before 2027?,True,2026-09-03T19:16:31+00:00,2027-01-01T05:00:00+00:00,"[""Yes"", ""No""]","[1.0, 0.0]",Yes,resolved
0x55a990a1ec15480a5b8f3e91ad912b7bb0e564ad79ab4bc22261017af8f1f279,"Will o1 launch a token by March 31, 2027?",True,2026-06-18T09:35:46+00:00,2028-01-01T05:00:00+00:00,"[""Yes"", ""No""]","[1.0, 0.0]",Yes,resolved
0x56c8a3cadd18a26bb997aa980da39c83d40524f31334da1efd280ca46958424c,Lighter Airdrop on January 1?,True,2025-12-30T10:45:29+00:00,2027-01-01T05:00:00+00:00,"[""Yes"", ""No""]","[0.0, 1.0]",No,resolved
0x56d53d66ecd7f027fe59c8958bf308d24f74bcdc5c85a2faefbe3ed40f2684a9,Will Infrared launch a token by June 30 2026?,True,2025-12-18T14:32:39+00:00,2027-01-01T05:00:00+00:00,"[""Yes"", ""No""]","[1.0, 0.0]",Yes,resolved
0x56e6dd798622d89f00475164f3a1075a661fe46396a5ac7ed39fddfcb34e1a0a,Will Sabrina Carpenter be one of Taylor Swift's bridesmaids?,True,2026-07-04T18:35:20+00:00,2027-06-30T00:00:00+00:00,"[""Yes"", ""No""]","[0.0, 1.0]",No,resolved
0x57237496f954fe3dceb00e1be37ff93fccb61cb406ad28adc42574c5258e79ba,Fluent FDV above $300M one day after launch?,True,2026-04-25T23:23:36+00:00,2028-01-01T05:00:00+00:00,"[""Yes"", ""No""]","[0.0, 1.0]",No,resolved
0x57a65d8b0204ea4050f71af35b75c9b7ff4335b21e38db7fb30a69a80bb03430,Another crypto hack over $100m by December 31?,True,2026-04-19T16:47:22+00:00,2027-01-01T05:00:00+00:00,"[""Yes"", ""No""]","[1.0, 0.0]",Yes,resolved
0x57a80a5c2b60ebf88977dec88bca0acd1760978cdbfb30d05db35943a275056c,"Will XRP reach $2.40 by December 31, 2026?",True,2026-01-06T07:40:41+00:00,2027-01-01T05:00:00+00:00,"[""Yes"", ""No""]","[1.0, 0.0]",Yes,resolved
0x57f39cdc82afb191633279cceb5cc39aa0060c93a7859d133f905301bc60c4b9,Will the Ethereum Volatility Index hit 70 in 2026?,True,2026-02-01T02:19:20+00:00,2027-01-01T05:00:00+00:00,"[""Yes"", ""No""]","[1.0, 0.0]",Yes,resolved
0x582532c6acae7f86917143c3dcfb584819a95398d3eadb26c1944764537b0e20,Will SpaceX's market cap be between $1.0T and $1.2T at market close on IPO day?,True,2026-06-12T23:21:57+00:00,2027-12-31T00:00:00+00:00,"[""Yes"", ""No""]","[0.0, 1.0]",No,resolved
0x5845c01f34c075a35cad71e25a72b8007bd43db3e9aaf4631d41b386087a7ad7,Will Fogo launch a token by December 31 2025?,True,2026-01-01T09:23:25+00:00,2027-01-01T05:00:00+00:00,"[""Yes"", ""No""]","[0.0, 1.0]",No,resolved
0x59318506fa2437b08ac45afe8c7c3f254d75f76f1b6a4073e76b4d2e37377ad1,Bitcoin 6% daily candle change in 2026?,True,2026-02-07T02:10:45+00:00,2027-01-01T05:00:00+00:00,"[""Yes"", ""No""]","[1.0, 0.0]",Yes,resolved
0x59792392c773df587651f0c1a2ee7d7f181db056867578a4e4d9cb49e71e9541,Katana FDV above $500M one day after launch?,True,2026-03-19T23:19:55+00:00,2028-01-01T05:00:00+00:00,"[""Yes"", ""No""]","[0.0, 1.0]",No,resolved
0x59ac03db1a0b96cd7c508e704202249b8342f35fd1e7d794dfd1d4a9036ce0da,Bitcoin -12% daily candle change in 2026?,True,2026-02-06T02:26:51+00:00,2027-01-01T05:00:00+00:00,"[""Yes"", ""No""]","[1.0, 0.0]",Yes,resolved
0x5a183cc2506b1bc20b484858edbe89aba272c2b97f856ea1880f372bb97e649a,"Will Ethereum dip to $2,000 by December 31, 2026?",True,2026-02-05T17:57:23+00:00,2027-01-01T05:00:00+00:00,"[""Yes"", ""No""]","[1.0, 0.0]",Yes,resolved
0x5a27a65fe2c167333e236512c591756e8a167c90b135671c352a544ca95b3ca6,Nebula3 FDV above $200M one day after launch?,True,2026-03-12T22:29:19+00:00,2028-01-01T05:00:00+00:00,"[""Yes"", ""No""]","[0.0, 1.0]",No,resolved
0x5a4a06d086c9b4dae7bb5037cf8610dc50a045b7eedc056d2d3435dbfd684bed,Will Goldman Sachs or any of its underwriting affiliates serve as the lead underwriter in SpaceX’s initial public offering?,True,2026-05-23T23:24:17+00:00,2027-12-31T00:00:00+00:00,"[""Yes"", ""No""]","[1.0, 0.0]",Yes,resolved
0x5a4fc50ae4b1e38fa14b8a7d3b7cb01bd509f3857e9b4e5f39e0c746804a2696,Will June be the best month for Bitcoin in 2026?,True,2026-07-02T10:57:58+00:00,2027-01-01T05:00:00+00:00,"[""Yes"", ""No""]","[0.0, 1.0]",No,resolved
0x5aac26551cc18e653586055360e5eabfff8ee78f066d6766b0cbe60920b246e5,Tria FDV above $20M one day after launch?,True,2026-02-04T23:08:33+00:00,2027-01-01T05:00:00+00:00,"[""Yes"", ""No""]","[1.0, 0.0]",Yes,resolved
0x5aecd76a6bac63bac81f7c54e3085db5fb1b1764bed690dbcf6e1ea45ad4691b,Katana FDV above $300M one day after launch?,True,2026-03-19T22:53:21+00:00,2028-01-01T05:00:00+00:00,"[""Yes"", ""No""]","[0.0, 1.0]",No,resolved
0x5b5b7418c764d24a4d5cf646eab350e036e7d8bb8c7b346301f4b43a28ce1846,Moonbirds FDV above $200M one day after launch?,True,2026-01-29T23:24:36+00:00,2027-01-01T05:00:00+00:00,"[""Yes"", ""No""]","[1.0, 0.0]",Yes,resolved
0x5b62c742d5d16577acd70c09e07f3b3e97dd0a51559bc7b1582eb425fefc8b83,"Will Backpack launch a token by December 31, 2026?",True,2026-03-23T16:04:43+00:00,2027-01-01T05:00:00+00:00,"[""Yes"", ""No""]","[1.0, 0.0]",Yes,resolved
0x5bac9e7d9345d8eeef17791cb3ed052cb95563d180014aa5718ea0c56b5f54ce,"Will Pump.fun reach $0.0062 by December 31, 2026?",True,2026-10-04T16:02:26+00:00,2027-01-01T05:00:00+00:00,"[""Yes"", ""No""]","[1.0, 0.0]",Yes,resolved
0x5bd438968a2386b6e05847b0a0b40af63000a460cf95770dc4c9b3021c283e81,Will Bitmine announce that it holds more than 5M ETH before 2027?,True,2026-05-12T09:19:07+00:00,2027-01-01T05:00:00+00:00,"[""Yes"", ""No""]","[1.0, 0.0]",Yes,resolved
0x5c60f587c76b49b7b3236cdb7f2a8d796aa9566659da670407bc2181aa8499cb,"Will Zcash reach $600 by December 31, 2026?",True,2026-05-06T16:55:01+00:00,2027-01-01T05:00:00+00:00,"[""Yes"", ""No""]","[1.0, 0.0]",Yes,resolved
0x5c799ea2ad98993f18f07b2d708e6a82a9c173725f37ee72713ddfb19fbc164b,Over $5M committed to the Bitway public sale?,True,2026-01-26T10:07:49+00:00,2027-01-01T05:00:00+00:00,"[""Yes"", ""No""]","[0.0, 1.0]",No,resolved
0x5cfa930ce7929a8adc1dd5d93ed5a92916f1d6e6451146d8d28c904585dd5db3,VOOI FDV above $2B one day after launch?,True,2025-12-20T23:10:11+00:00,2027-01-01T05:00:00+00:00,"[""Yes"", ""No""]","[0.0, 1.0]",No,resolved
0x5d13e7823a302de5eca8c7ed0229a9991f2f365608ab6a3b6d8d2bad00f83a11,"Will Pump.fun reach $0.0034 by December 31, 2026?",True,2026-08-20T17:53:57+00:00,2027-01-01T05:00:00+00:00,"[""Yes"", ""No""]","[1.0, 0.0]",Yes,resolved
0x5d5ea2016cdc31e521f7d330cd4db824be1cdc25099d255bce33a436496c3b4c,USD.AI FDV above $1B one day after launch?,True,2026-04-22T22:05:34+00:00,2027-01-01T05:00:00+00:00,"[""Yes"", ""No""]","[1.0, 0.0]",Yes,resolved
0x5d88cffdc379a2605d149b40aae05223abf0c9704784951f79d84c74bdd70507,Superform FDV above $50M one day after launch?,True,2026-02-11T23:11:23+00:00,2027-01-01T05:00:00+00:00,"[""Yes"", ""No""]","[0.0, 1.0]",No,resolved
0x5d8f4d0caf3695441e0b5dfcff1d88516679a07a771d497b5aa1f586b1662ef7,"Will GRVT launch a token by June 30, 2026?",True,2026-07-01T06:33:50+00:00,2027-01-01T05:00:00+00:00,"[""Yes"", ""No""]","[0.0, 1.0]",No,resolved
0x5dc226dabafb26b43eee8b0f4e063db2f11ada7a1dee7d2c57567f2cb6486a6b,Fabric FDV above $700M one day after launch?,True,2026-02-28T23:41:45+00:00,2027-01-01T05:00:00+00:00,"[""Yes"", ""No""]","[0.0, 1.0]",No,resolved
0x5e09a298192cbf2f8f1050da7c31764e9195435cf3c53db90087f2edb4d59e78,Will Morgan Ensberg be the next Red Sox manager?,True,2026-09-23T08:53:43+00:00,2027-02-01T04:59:00+00:00,"[""Yes"", ""No""]","[0.0, 1.0]",No,resolved
0x5e27b3f969ef1c59aaf32ec22bd88f3f895aeefb62dbeff0d3a5332e68538e41,"Will Bitcoin reach $75,000 by December 31, 2026?",True,2026-03-17T02:59:37+00:00,2027-01-01T05:00:00+00:00,"[""Yes"", ""No""]","[1.0, 0.0]",Yes,resolved
0x5e57757afab43a721c8013dfcd36ec4e89227e9f9e0f4da5a50c23646402aaaa,"Will Phantom launch a token by June 30, 2026?",True,2026-07-01T06:26:52+00:00,2027-01-01T05:00:00+00:00,"[""Yes"", ""No""]","[0.0, 1.0]",No,resolved
0x5eaf7f11bd06bbaa2aed284ba8446d046772947ec560e08a291e63e61d5b9c44,Over $25M committed to the Trove public sale?,True,2026-01-11T20:14:02+00:00,2027-01-01T05:00:00+00:00,"[""Yes"", ""No""]","[0.0, 1.0]",No,resolved
0x5f44ef49ab5ad17164656b1e63caf09b3124140ae1db44271f6d75c30bc34548,Katana FDV above $800M one day after launch?,True,2026-03-19T23:19:23+00:00,2028-01-01T05:00:00+00:00,"[""Yes"", ""No""]","[0.0, 1.0]",No,resolved
0x5f4cee9ceba5b6f4d47ee71a85d8dece29228220eae8428e721ff534012eb68f,Dual FDV above $20M one day after launch?,True,2026-04-02T05:11:05+00:00,2028-01-01T05:00:00+00:00,"[""Yes"", ""No""]","[1.0, 0.0]",Yes,resolved
0x5f731ad954f7af2601934d9c66eff170be6aa2d0cbaa1cfc1c75dc6c4df1c59f,Will Selena Gomez be one of Taylor Swift's bridesmaids?,True,2026-07-04T18:35:20+00:00,2027-06-30T00:00:00+00:00,"[""Yes"", ""No""]","[0.0, 1.0]",No,resolved
0x5f802715925010e32040cdd3f6f60a7629b285185e40c38b8a06f69b64eb3888,Brevis FDV above $100M one day after launch?,True,2026-01-07T23:17:47+00:00,2027-01-01T05:00:00+00:00,"[""Yes"", ""No""]","[1.0, 0.0]",Yes,resolved
0x5fa8ab78c1c5ef6fb8f17ab68c760a82dc7f9d9a11c41d9c23c878d76691d048,"Will EdgeX launch a token by September 30, 2026?",True,2026-03-31T15:42:23+00:00,2027-01-01T05:00:00+00:00,"[""Yes"", ""No""]","[1.0, 0.0]",Yes,resolved
0x5fb43cdb00c936a1da513bff69876508d1caf4c997c565938a4bd45c4b929c97,Infinex FDV above $2B one day after launch?,True,2026-01-31T23:43:04+00:00,2027-01-01T05:00:00+00:00,"[""Yes"", ""No""]","[0.0, 1.0]",No,resolved
0x5fd8f455eb9cde8afe97782481d6180d080c0ea8b10922eb3f9664acfb8cf8bd,Wingbits FDV above $20M one day after launch?,True,2026-04-24T03:12:54+00:00,2028-01-01T05:00:00+00:00,"[""Yes"", ""No""]","[1.0, 0.0]",Yes,resolved
0x5febac1b5bb13e882b8c797f98c4362f4a9d4f7c970ea33ad36101742c0915c4,Nebula3 FDV above $50M one day after launch?,True,2026-03-12T22:25:57+00:00,2028-01-01T05:00:00+00:00,"[""Yes"", ""No""]","[0.0, 1.0]",No,resolved
0x603f51da1b9c5ba3f27f8b68773242ee3c75d1708450df1ea72f71a27a38ee03,Fabric FDV above $300M one day after launch?,True,2026-03-01T00:58:49+00:00,2027-01-01T05:00:00+00:00,"[""Yes"", ""No""]","[1.0, 0.0]",Yes,resolved
0x60723981d8d9aa01e239ede9e83ca833eeca564cc73023e38af3a2e7872fcd2b,Nexus FDV above $300M one day after launch?,True,2026-05-21T23:25:07+00:00,2028-01-01T05:00:00+00:00,"[""Yes"", ""No""]","[1.0, 0.0]",Yes,resolved
0x60afc2022c9d117ddd1a28114c5dadf5a36d19e553b8c7b3e751800cd3c20c24,OneFootball FDV above $20M one day after launch?,True,2026-04-10T22:27:51+00:00,2028-01-01T05:00:00+00:00,"[""Yes"", ""No""]","[1.0, 0.0]",Yes,resolved
0x6113371e7e1a872fbb238ab0697c52757b1cdcff77a3dbd6ac1541604dfa6388,SpaceX IPO closing market cap above $1.4T?,True,2026-06-12T22:18:18+00:00,2027-12-31T00:00:00+00:00,"[""Yes"", ""No""]","[1.0, 0.0]",Yes,resolved
0x6123ac6f7291638159d8079ed8de1627cd782be26db6b0c51855e82cc538c76a,Will Denman Rooke win the 2026 Galway West by-election?,True,2026-05-24T21:36:46+00:00,2027-03-31T00:00:00+00:00,"[""Yes"", ""No""]","[0.0, 1.0]",No,resolved
0x615fd5f2c13812a00e7e6caefe91b40df26bc453cef9fb86d1356a40d3c92fa2,Over $5M committed to the Fabric public sale?,True,2026-02-03T04:51:06+00:00,2027-01-01T05:00:00+00:00,"[""Yes"", ""No""]","[0.0, 1.0]",No,resolved
0x61ab8a9019da7012cacf68afadd484ca68bcecde8f53f5426fbf4c174e2de623,Will SpaceX's market cap be between $500B and $600B at market close on IPO day?,True,2026-06-12T23:15:28+00:00,2027-12-31T00:00:00+00:00,"[""Yes"", ""No""]","[0.0, 1.0]",No,resolved
0x61ac57e093a8cc1bd4ffefb6baebfb62d0d16c0177e8fff9329198e6d4576540,Will the Ethereum Volatility Index hit 80 in 2026?,True,2026-02-03T21:11:28+00:00,2027-01-01T05:00:00+00:00,"[""Yes"", ""No""]","[1.0, 0.0]",Yes,resolved
0x61c020db75fac30d0b3ee73acb481e94d6aee3790828650aa9f0b50d43fedca5,Will SpaceX's market cap be greater than $2.0T at market close on IPO day?,True,2026-06-12T23:21:57+00:00,2027-12-31T00:00:00+00:00,"[""Yes"", ""No""]","[1.0, 0.0]",Yes,resolved
0x622edc9ac1949ae626735b5dd68e66118a67e836fd467a8723d96a8130482abf,"Will Tria launch a token by September 30, 2026?",True,2026-02-03T12:09:46+00:00,2027-01-01T05:00:00+00:00,"[""Yes"", ""No""]","[1.0, 0.0]",Yes,resolved
0x626fa6121000b3b87ee48b3523467e763fe58fb36f30e02ecb446a1e8c27e0b0,Genius FDV above $50M one day after launch?,True,2026-04-14T22:08:02+00:00,2028-01-01T05:00:00+00:00,"[""Yes"", ""No""]","[1.0, 0.0]",Yes,resolved
0x627a5b10e35c114cd0ee6b84a5843dc0317e36f7cf8f040cf6423eb9abadb76f,Based FDV above $800M one day after launch?,True,2026-04-01T00:48:41+00:00,2027-01-01T05:00:00+00:00,"[""Yes"", ""No""]","[0.0, 1.0]",No,resolved
0x62a7c0e3e00197a8e44518c5ccda6d4346df7f7c600d00234680ec0adaa31067,Will JD Martinez be the next Red Sox manager?,True,2026-09-23T08:53:43+00:00,2027-02-01T04:59:00+00:00,"[""Yes"", ""No""]","[0.0, 1.0]",No,resolved
0x62ad7852e365263c2c68397825baf151c1132f8a7d85d2baf203af7e98f52b1b,"Will Aster reach $1.20 by December 31, 2026?",True,2025-11-25T19:11:39+00:00,2027-01-01T05:00:00+00:00,"[""Yes"", ""No""]","[1.0, 0.0]",Yes,resolved
0x62f191178b61750ee6aaaac34f496123cdb9300d3831953d218f14e2d608ac60,"Will GRVT launch a token by December 31, 2026?",True,2026-07-31T14:34:12+00:00,2027-01-01T05:00:00+00:00,"[""Yes"", ""No""]","[1.0, 0.0]",Yes,resolved
0x638b764db5a7a4d14851e97f3717668e239088795e1fa156ac973a15911c3d19,Moonbirds FDV above $400M one day after launch?,True,2026-01-29T23:26:42+00:00,2027-01-01T05:00:00+00:00,"[""Yes"", ""No""]","[0.0, 1.0]",No,resolved
0x63cc670c85cacba75e51c87b638ae095e848f9840916b4dee8eabd26f9712c87,Over $12M committed to the Space public sale?,True,2026-01-10T16:14:02+00:00,2027-01-01T05:00:00+00:00,"[""Yes"", ""No""]","[1.0, 0.0]",Yes,resolved
0x63e4e1e6064d6543e74c57ea277ba71e102755f5b51e64d0b4f99cd1f75e9588,Will Lighter dip to $2 before 2027?,True,2026-01-13T07:55:59+00:00,2027-01-01T05:00:00+00:00,"[""Yes"", ""No""]","[1.0, 0.0]",Yes,resolved
0x6462bd7d278b324b7f797917be6cc76353c22a65e1d02930d6bc6305d1bd6afb,Zama auction clearing price above $0.40?,True,2026-01-26T14:47:37+00:00,2027-01-01T05:00:00+00:00,"[""Yes"", ""No""]","[0.0, 1.0]",No,resolved
0x64826cfd304847af21314353cc08a684337b366b639598cf492eb172533884ad,Will Donald Trump visit Oklahoma in 2026?,True,2026-10-02T03:54:02+00:00,2027-01-02T04:59:00+00:00,"[""Yes"", ""No""]","[1.0, 0.0]",Yes,resolved
0x6482e21c7b0fa011b9648bf54a61f7eee11d50826ab86acfe6c795205c45f507,"Will o1 launch a token by December 31, 2027?",True,2026-06-18T09:32:31+00:00,2028-01-01T05:00:00+00:00,"[""Yes"", ""No""]","[1.0, 0.0]",Yes,resolved
0x64838f7153f3621825a3d64589a21e3f4f70c786f1edfdc0cd7f92252f22ee4f,"Will Bitcoin dip to $60,000 by December 31, 2026?",True,2026-02-06T02:53:45+00:00,2027-01-01T05:00:00+00:00,"[""Yes"", ""No""]","[1.0, 0.0]",Yes,resolved
0x64f8113b74c5952def32350edec59aa0612ea484356271a254cdfd1028e23411,"Will Trove launch a token by September 30, 2026?",True,2026-01-19T22:30:24+00:00,2027-01-01T05:00:00+00:00,"[""Yes"", ""No""]","[1.0, 0.0]",Yes,resolved
0x6542863f105519646cc6aeaaff65d8348727d70323242b93870e2c515a5e5290,"Will ETHGAS launch a token by March 31, 2026?",True,2026-01-21T18:21:36+00:00,2027-01-01T05:00:00+00:00,"[""Yes"", ""No""]","[1.0, 0.0]",Yes,resolved
0x65905f4371a81235b31dc73a09eb5dcd57d20aa7c35573ac94e12ac51e1a8a62,"Will ETHGAS launch a token by June 30, 2026?",True,2026-01-21T18:32:48+00:00,2027-01-01T05:00:00+00:00,"[""Yes"", ""No""]","[1.0, 0.0]",Yes,resolved
0x65b60bfc41563069b1e1953bcfa04350d8a6fd46639b20ebe6b904dda1ec6301,"Will Kodiak launch a token by June 30, 2026?",True,2025-12-24T07:54:49+00:00,2027-01-01T05:00:00+00:00,"[""Yes"", ""No""]","[1.0, 0.0]",Yes,resolved
0x65ba189bd62235c346bf0447dc69cfcbb19e816cf7e6eb6ab1822d04a19be171,"Will Hyperliquid reach $34 by December 31, 2026?",True,2025-11-26T04:15:13+00:00,2027-01-01T05:00:00+00:00,"[""Yes"", ""No""]","[1.0, 0.0]",Yes,resolved
0x6619036865c2d27f1b1c00cd565ce74f6aa72ef93be29c315be36941d3559c59,SpaceX IPO closing market cap above $2T?,True,2026-06-12T22:20:33+00:00,2027-12-31T00:00:00+00:00,"[""Yes"", ""No""]","[1.0, 0.0]",Yes,resolved
0x67a85bd0de9d2c5eb8e652737c15ebe0ada0fc0af776bf60305cded607ca4183,"Will Aster dip to $0.80 by December 31, 2026?",True,2025-12-16T09:55:15+00:00,2027-01-01T05:00:00+00:00,"[""Yes"", ""No""]","[1.0, 0.0]",Yes,resolved
0x6883cbd51b944a8dad5939e5b8a37c27bfcae3bd90701e7ebca1eb54c6d510ec,Gensyn FDV above $800M one day after launch?,True,2026-04-30T23:42:22+00:00,2027-01-01T05:00:00+00:00,"[""Yes"", ""No""]","[0.0, 1.0]",No,resolved
0x69a2b2b6d4d88a8e4cd77574b74c25df71218bb36191e54a49d392ed4bc04f47,"Will Trove launch a token by December 31, 2026?",True,2026-01-19T22:31:00+00:00,2027-01-01T05:00:00+00:00,"[""Yes"", ""No""]","[1.0, 0.0]",Yes,resolved
0x69a46b63fc0bb76458af82943b9a612a3ba87dbec02c7dae3d48aec31105f73e,Flying Tulip FDV above $400M one day after launch?,True,2026-02-24T23:30:20+00:00,2027-01-01T05:00:00+00:00,"[""Yes"", ""No""]","[1.0, 0.0]",Yes,resolved
0x69a5a1a75c6060ffa0626d1a9f1aa258b2bffa72bccb5385894ba60a79fbb8a9,"Will Pump.fun dip to $0.0018 by December 31, 2026?",True,2025-12-23T11:10:59+00:00,2027-01-01T05:00:00+00:00,"[""Yes"", ""No""]","[1.0, 0.0]",Yes,resolved
0x6a1897faebc04203339a93e79d19fc40927452b08535bc59a043a623e2e818df,Will the Bitcoin Volatility Index hit 50 in 2026?,True,2026-01-31T22:26:30+00:00,2027-01-01T05:00:00+00:00,"[""Yes"", ""No""]","[1.0, 0.0]",Yes,resolved
0x6acddec2b32f9de0604043db568e6eef899d2be31aa85d82bcb3f9479a27b582,Katana FDV above $200M one day after launch?,True,2026-03-19T22:52:19+00:00,2028-01-01T05:00:00+00:00,"[""Yes"", ""No""]","[0.0, 1.0]",No,resolved
0x6ad74cc331ad699ef75a043da70cad641b348b2eec5979a3dc0ff95888239c3d,Will SpaceX's market cap be between $1.2T and $1.4T at market close on IPO day?,True,2026-06-12T23:21:57+00:00,2027-12-31T00:00:00+00:00,"[""Yes"", ""No""]","[0.0, 1.0]",No,resolved
0x6b2ea3560204e25c6c20bfd46b22b79a5775f104dacd2944b21ad6f1e5e946fb,MARA sells any Bitcoin in 2026?,True,2026-03-26T14:23:21+00:00,2027-01-01T05:00:00+00:00,"[""Yes"", ""No""]","[1.0, 0.0]",Yes,resolved
0x6b954af8b5e76feddb3f71ca14891c8940ba9ffa6f117940bd49776c37f02bb0,Will the Ethereum Volatility Index hit 90 in 2026?,True,2026-02-05T17:47:07+00:00,2027-01-01T05:00:00+00:00,"[""Yes"", ""No""]","[1.0, 0.0]",Yes,resolved
0x6c200dae8b86d23a3e7c1a4c8e9e3b219deab1e7f28a4f3ce1797311f34ad6cd,Will Chad Tracy be the next Red Sox manager?,True,2026-09-23T08:54:41+00:00,2027-02-01T04:59:00+00:00,"[""Yes"", ""No""]","[1.0, 0.0]",Yes,resolved
0x6c2597f2413b4e13b0fa20d1d80241579114bbec31ad6a0b203f7e20b4ed33e2,"Will Plasma dip to $1.00 by December 31, 2026?",True,2025-11-25T19:35:51+00:00,2027-01-01T05:00:00+00:00,"[""Yes"", ""No""]","[1.0, 0.0]",Yes,resolved
0x6c4bb4eaf0ef2445fd5c79c8427561d2b0a4a2fb4d867492a86538b1bf7e75f9,Over $80M committed to the Infinex public sale?,True,2026-01-10T08:27:30+00:00,2027-01-01T05:00:00+00:00,"[""Yes"", ""No""]","[0.0, 1.0]",No,resolved
0x6c5974b64df0ec88ca480cec91e9438365651613de5136df57162a3c6d441083,USD.AI FDV above $500M one day after launch?,True,2026-04-22T22:05:22+00:00,2027-01-01T05:00:00+00:00,"[""Yes"", ""No""]","[1.0, 0.0]",Yes,resolved
0x6c62024a6137f1bedae842d11572daa7dd0b1fe7f6b14a74f925640ceb471449,"Will Zcash reach $800 by December 31, 2026?",True,2026-08-22T07:44:42+00:00,2027-01-01T05:00:00+00:00,"[""Yes"", ""No""]","[1.0, 0.0]",Yes,resolved
0x6cbce58aa0894f5a920cf9096e5ee664c486535c84e55e65b2245d8306e818d4,Backpack FDV above $3B one day after launch?,True,2026-03-24T22:31:23+00:00,2027-01-01T05:00:00+00:00,"[""Yes"", ""No""]","[0.0, 1.0]",No,resolved
0x6cc6478d9b2ac0fa5787137c07df5466ddda2fc8df41c4c69c3626a999601679,Will Lighter reach $3 before 2027?,True,2026-08-21T19:41:12+00:00,2027-01-01T05:00:00+00:00,"[""Yes"", ""No""]","[1.0, 0.0]",Yes,resolved
0x6ce9ebdaa019c5f9180d35ddb86b4809789d5c7aca6dd3634aa2b507c07cc8a4,USR depeg by December 31?,True,2026-03-23T12:02:31+00:00,2027-01-01T05:00:00+00:00,"[""Yes"", ""No""]","[1.0, 0.0]",Yes,resolved
0x6d10633e8d0311d2179f382f5e867387cbe4cd17176cdeb43771ac664b0ce907,Zama auction clearing price above $0.07?,True,2026-01-26T14:43:33+00:00,2027-01-01T05:00:00+00:00,"[""Yes"", ""No""]","[0.0, 1.0]",No,resolved
0x6d968eb10ba63fc1142dcffdb9ad75e084fdf510071a770f11bf77092831026e,"Will UNI dip to $6.00 by December 31, 2026?",True,2025-11-25T19:00:43+00:00,2027-01-01T05:00:00+00:00,"[""Yes"", ""No""]","[1.0, 0.0]",Yes,resolved
0x6da385ea2ebde3fa047d7044a2f9133003cd5bb48e76fc916295831e5607b4c8,Will Raphaël Glucksmann announce their candidacy for the 2027 French presidential election in 2026?,True,2026-08-24T11:52:00+00:00,2027-04-18T23:59:00+00:00,"[""Yes"", ""No""]","[1.0, 0.0]",Yes,resolved
0x6e02c4637aa0948bc9f0cb4adabfb3ac5729257eaa32d821a7d4bf9ed4a58b24,Will Paradex launch a token by December 31 2026?,True,2026-03-05T20:20:43+00:00,2027-01-01T05:00:00+00:00,"[""Yes"", ""No""]","[1.0, 0.0]",Yes,resolved
0x6e0540fd1a2b6ca009fe99450c4aa03b2a100b7da3007fd3a6fbde9818238f84,Space FDV above $15M one day after launch?,True,2026-04-30T22:43:48+00:00,2027-01-01T05:00:00+00:00,"[""Yes"", ""No""]","[0.0, 1.0]",No,resolved
0x6e1fbd722b0aca8a4e05c7c2f4ff1428d4c97f2ee02056712463d00c1c705a55,"Will Bitcoin reach $80,000 by December 31, 2026?",True,2026-05-04T04:25:56+00:00,2027-01-01T05:00:00+00:00,"[""Yes"", ""No""]","[1.0, 0.0]",Yes,resolved
0x6e245cb562bbc0e4bf2e3d2beb24f02941e9cbe3579219a12441e8c95edc44b6,Zama FDV above $2B one day after launch?,True,2026-02-03T23:11:58+00:00,2027-01-01T05:00:00+00:00,"[""Yes"", ""No""]","[0.0, 1.0]",No,resolved
0x6e321867cf8ac51b125f00b07f7ead6829662618f2f07f0da18f0f3a36519a41,Fluent FDV above $20M one day after launch?,True,2026-04-25T23:23:34+00:00,2028-01-01T05:00:00+00:00,"[""Yes"", ""No""]","[1.0, 0.0]",Yes,resolved
0x6e3f567b878e83b0fd8ba737a7a04af8df4866bce1126fc3fdf3dca546fe0e60,Hyperlend FDV above $20M one day after launch?,True,2026-02-27T23:21:21+00:00,2027-01-01T05:00:00+00:00,"[""Yes"", ""No""]","[1.0, 0.0]",Yes,resolved
0x6e663e149e7e4400060c5f5cfd5cd796878c1b73156f834317466c82fe8ea0e3,"Will Trove launch a token by March 31, 2026?",True,2026-01-19T22:29:12+00:00,2027-01-01T05:00:00+00:00,"[""Yes"", ""No""]","[1.0, 0.0]",Yes,resolved
0x6ea4b7cf33492834f4a026ffbdfd6724837fa452b07965589cda96d78ae381d4,Will Morgan Stanley or any of its underwriting affiliates serve as the lead underwriter in SpaceX’s initial public offering?,True,2026-05-24T06:25:53+00:00,2027-12-31T00:00:00+00:00,"[""Yes"", ""No""]","[0.0, 1.0]",No,resolved
0x6f24ecd32e9cc7bc4a06784bfcc03440bea59a981816e54a843fd10e4a0c902e,Zama auction clearing price above $0.06?,True,2026-01-26T14:43:33+00:00,2027-01-01T05:00:00+00:00,"[""Yes"", ""No""]","[0.0, 1.0]",No,resolved
0x6f589d595ab085823c4f182f267dd2c1136972f4ef2102d3ad202bd543613ee5,"Will Perena launch a token by March 31, 2026?",True,2026-04-01T08:36:11+00:00,2027-01-01T05:00:00+00:00,"[""Yes"", ""No""]","[0.0, 1.0]",No,resolved
0x6f93c86dcad30c55300cf60e0a8aaf6ef9563d03d372ce3266e9b90ad298b5b1,"Will BNB dip to $800 by December 31, 2026?",True,2026-01-31T19:13:30+00:00,2027-01-01T05:00:00+00:00,"[""Yes"", ""No""]","[1.0, 0.0]",Yes,resolved
0x6ff15271385d76ced17b43128ee9eaa53d4a185dcdd8963145b2aeefe7185148,Yellow FDV above $200M one day after launch?,True,2026-03-09T22:15:49+00:00,2028-01-01T05:00:00+00:00,"[""Yes"", ""No""]","[1.0, 0.0]",Yes,resolved
0x713028317c6a3499825db7f42e03954991dbb1797d8cec636c1b4a6f6efc3322,Will Islam Makhachev fight Charles Oliveira next?,True,2026-10-04T05:09:31+00:00,2027-03-01T04:59:00+00:00,"[""Yes"", ""No""]","[0.0, 1.0]",No,resolved
0x7151e09f6c91c55e61d24ad2235bbce0bb8798e28b5b2016fc85d2f376d6c8f3,Zama auction clearing price above $0.10?,True,2026-01-26T14:45:35+00:00,2027-01-01T05:00:00+00:00,"[""Yes"", ""No""]","[0.0, 1.0]",No,resolved
0x71ad3ebd5d0585e8b8e94d687b45d579e18222cd45811acc111ce2ddb9a4923c,Paradex FDV above $100M one day after launch?,True,2026-03-07T00:15:39+00:00,2027-01-01T05:00:00+00:00,"[""Yes"", ""No""]","[0.0, 1.0]",No,resolved
0x71f8b6549eb73d92f3e4417452cc40d8734481d7e8ad6da477b1eaf5ab360bee,Fogo FDV above $2B one day after launch?,True,2026-01-16T23:52:34+00:00,2027-01-01T05:00:00+00:00,"[""Yes"", ""No""]","[0.0, 1.0]",No,resolved
0x722b1a3a86c484ebe76b3d5839ecba62f55705cb93691350734bf4175c6fa468,"Will Pump.fun reach $0.0038 by December 31, 2026?",True,2026-08-21T00:17:57+00:00,2027-01-01T05:00:00+00:00,"[""Yes"", ""No""]","[1.0, 0.0]",Yes,resolved
0x7233ef209427e39b4d4aa64fe749011334565a98a93c2d9321755cfe625545a0,VOOI FDV above $800M one day after launch?,True,2025-12-20T23:17:11+00:00,2027-01-01T05:00:00+00:00,"[""Yes"", ""No""]","[0.0, 1.0]",No,resolved
0x72618de95e614c1f4f7e7ad7488eeef140498767a7378381dddb3253df5587d8,Over $7M committed to the Fabric public sale?,True,2026-02-03T04:51:08+00:00,2027-01-01T05:00:00+00:00,"[""Yes"", ""No""]","[0.0, 1.0]",No,resolved
0x72953c956e8f1b4f51d4fe3414dd4cb2fdda1ad7f763fa5440c6b81cb2dca3b5,EdgeX FDV above $10B one day after launch?,True,2026-04-01T22:35:33+00:00,2027-01-01T05:00:00+00:00,"[""Yes"", ""No""]","[0.0, 1.0]",No,resolved
0x7299760f8c5ef91ac9f1a80ef18184b768ac0ccded251097354cdca916e9579c,Pharos FDV above $50M one day after launch?,True,2026-04-29T23:34:32+00:00,2028-01-01T05:00:00+00:00,"[""Yes"", ""No""]","[1.0, 0.0]",Yes,resolved
0x72b6ece7d39e6c585e632efff82190273bbc62d252dd32cec10e57f5cf8053bb,Moonbirds FDV above $600M one day after launch?,True,2026-01-29T23:27:38+00:00,2027-01-01T05:00:00+00:00,"[""Yes"", ""No""]","[0.0, 1.0]",No,resolved
0x72ecc8c75d781d0d8584afdac7928c85e62a1ee5c73e67c7d587da88aa941544,Billions FDV above $500M one day after launch?,True,2026-05-05T22:55:14+00:00,2028-01-01T05:00:00+00:00,"[""Yes"", ""No""]","[0.0, 1.0]",No,resolved
0x7322f86a1e1f55b32d3a6a19245eef1fc767fe044e10481b9e62ae2f52082066,Will Paradex launch a token by March 31 2026?,True,2026-03-05T20:14:19+00:00,2027-01-01T05:00:00+00:00,"[""Yes"", ""No""]","[1.0, 0.0]",Yes,resolved
0x7328a2e46f547331b19cc1503e23ab07921d6ac9cc27e4b8c027af7dd644804b,Fluent FDV above $50M one day after launch?,True,2026-04-25T23:24:30+00:00,2028-01-01T05:00:00+00:00,"[""Yes"", ""No""]","[1.0, 0.0]",Yes,resolved
0x7395ea037d9980357a789e0ead46d8c7f17470ec5dd9bf7c3f99388135e7b9ef,Rainbow FDV above $70M one day after launch?,True,2026-02-07T00:03:03+00:00,2027-01-01T05:00:00+00:00,"[""Yes"", ""No""]","[0.0, 1.0]",No,resolved
0x73cde871a66a3caf95e1899a727b391e28d243696bf1c05a0aedda161a29dbb8,"Will OpenSea launch a token by June 30, 2026?",True,2026-07-01T06:24:50+00:00,2027-01-01T05:00:00+00:00,"[""Yes"", ""No""]","[0.0, 1.0]",No,resolved
0x74373113ac169e8a9af42b7fa7c1828e305a63e17c07aa795103c298be333776,Bitcoin below MicroStrategy average buy price in 2026?,True,2026-01-31T21:01:30+00:00,2027-01-01T05:00:00+00:00,"[""Yes"", ""No""]","[1.0, 0.0]",Yes,resolved
0x744043f6c1e69401b1c66cb90912dac07410a6f40d07110da6e43e9652149e34,Rainbow FDV above $200M one day after launch?,True,2026-02-06T23:56:47+00:00,2027-01-01T05:00:00+00:00,"[""Yes"", ""No""]","[0.0, 1.0]",No,resolved
0x74964bb19e7fe723f40d44fcbba26260dc473c84ac72f63b59c5bca9d3bfa588,Another crypto hack over $100m by June 30?,True,2026-07-09T06:56:49+00:00,2027-01-01T05:00:00+00:00,"[""Yes"", ""No""]","[0.0, 1.0]",No,resolved
0x74b5baa837e3defe1f64518b3d7e8a85b626c5243e9239531c31648358bbb6f2,Over $800M crypto hack value in 2026?,True,2026-05-01T16:03:16+00:00,2027-01-01T05:00:00+00:00,"[""Yes"", ""No""]","[1.0, 0.0]",Yes,resolved
0x74d83f1ab06fbb4dd027ce4f9deef2d7f5410ca9e4ec82903b7fe31ca02a5bbf,XMAQUINA FDV above $10M one day after launch?,True,2026-05-28T22:11:17+00:00,2028-01-01T05:00:00+00:00,"[""Yes"", ""No""]","[1.0, 0.0]",Yes,resolved
0x750f88bc5351cd9866301fc899e0b03098a10895715d7ec57d551b8abbe25827,Over $20M committed to the Fabric public sale?,True,2026-02-03T04:51:08+00:00,2027-01-01T05:00:00+00:00,"[""Yes"", ""No""]","[0.0, 1.0]",No,resolved
0x7553ea24e9475665abd5b2f04c513d1f71456e06d23b66530c1dc7b58211ea14,Cap FDV above $150M one day after launch?,True,2026-06-27T22:03:05+00:00,2028-01-01T05:00:00+00:00,"[""Yes"", ""No""]","[1.0, 0.0]",Yes,resolved
0x7583cc5e8ec0e54f10ad39eb6817d5492698ffacab86f3f0b2cabd0b8fa1ef2d,Hyperlend FDV above $200M one day after launch?,True,2026-02-28T00:13:43+00:00,2027-01-01T05:00:00+00:00,"[""Yes"", ""No""]","[0.0, 1.0]",No,resolved
0x7592804e82c5a16c3e697c49647ae9b26fe3eeb14ea6de6d7832544a993e578e,Will Deutsche Bank or any of its underwriting affiliates serve as the lead underwriter in SpaceX’s initial public offering?,True,2026-05-24T06:04:20+00:00,2027-12-31T00:00:00+00:00,"[""Yes"", ""No""]","[0.0, 1.0]",No,resolved
0x75a9e03c311a0729d8fb12a5c4c1d64fb8540c15f7b3e9ac811befaf19dd97fc,Fluent FDV above $800M one day after launch?,True,2026-04-25T23:23:40+00:00,2028-01-01T05:00:00+00:00,"[""Yes"", ""No""]","[0.0, 1.0]",No,resolved
0x75dea923df00df9536decb147f018bd616f8c3b16699fda9d6c1270a0f3ff463,"Will Pump.fun reach $0.0050 by December 31, 2026?",True,2026-08-23T03:54:00+00:00,2027-01-01T05:00:00+00:00,"[""Yes"", ""No""]","[1.0, 0.0]",Yes,resolved
0x76393aa8b6eb4aba8bf4e2c94de25e825987a21bcf00bd4a288eb24ebce211b4,ETHGAS FDV above $700M one day after launch?,True,2026-01-22T23:50:22+00:00,2027-01-01T05:00:00+00:00,"[""Yes"", ""No""]","[0.0, 1.0]",No,resolved
0x7666a3448afed347d24207f454c7b5a592c66d593199f982b5a6d534919657e3,Brevis FDV above $300M one day after launch?,True,2026-01-07T23:18:45+00:00,2027-01-01T05:00:00+00:00,"[""Yes"", ""No""]","[1.0, 0.0]",Yes,resolved
0x7680e424433b93c68665d4a28cdf1bf9fa7295238e3a655c051210615d4b06fa,Espresso FDV above $1B one day after launch?,True,2026-02-14T00:08:43+00:00,2028-01-01T05:00:00+00:00,"[""Yes"", ""No""]","[0.0, 1.0]",No,resolved
0x76d0cffc8fe84e85361ab260400fa07faa96511331d023690b28cae10adcf80e,Kodiak FDV above $100M one day after launch?,True,2025-12-25T00:59:51+00:00,2027-01-01T05:00:00+00:00,"[""Yes"", ""No""]","[0.0, 1.0]",No,resolved
0x77068d6737d07d48b82ccfd2128a15e8ccf0f4de467258163afa85ed963e6967,Flying Tulip FDV above $2.5B one day after launch?,True,2026-02-24T23:32:14+00:00,2027-01-01T05:00:00+00:00,"[""Yes"", ""No""]","[0.0, 1.0]",No,resolved
0x7715f3e4b02a5e97b3a64567746c37b7215fde973eddd1fc1a5e0b568df07eed,"Will Pump.fun dip to $0.0026 by December 31, 2026?",True,2025-12-01T16:21:32+00:00,2027-01-01T05:00:00+00:00,"[""Yes"", ""No""]","[1.0, 0.0]",Yes,resolved
0x7783ead1925e88a99844d19487b307afb651b99516c174dde262e786cbb8c2fb,Unitas Labs FDV above $800M one day after launch?,True,2026-03-15T01:20:53+00:00,2028-01-01T05:00:00+00:00,"[""Yes"", ""No""]","[0.0, 1.0]",No,resolved
0x77923c1ca95f593bcc54febdcea95b93c5c04929327a47bcf33d74071f2a76f1,Dual FDV above $200M one day after launch?,True,2026-04-02T07:40:59+00:00,2028-01-01T05:00:00+00:00,"[""Yes"", ""No""]","[0.0, 1.0]",No,resolved
0x7887d9f46ddc07ce57a9070509a8dec881b6efc1211303c3fa18eb4c3729d9d0,Nexus FDV above $500M one day after launch?,True,2026-05-21T23:24:59+00:00,2028-01-01T05:00:00+00:00,"[""Yes"", ""No""]","[1.0, 0.0]",Yes,resolved
0x78e22eaa0aa95534183a3674b15d75c27250c31484b265123c04bc3b1f83bf42,Immunefi FDV above $600M one day after launch?,True,2026-01-24T03:32:42+00:00,2027-01-01T05:00:00+00:00,"[""Yes"", ""No""]","[0.0, 1.0]",No,resolved
0x792fe6a3854a2737786b2924885c30a7bd526693c86cb035ec17ace8025a31f2,Sentient FDV above $800M one day after launch?,True,2026-01-23T23:29:40+00:00,2027-01-01T05:00:00+00:00,"[""Yes"", ""No""]","[1.0, 0.0]",Yes,resolved
0x796f36313d1142d739eafc84298b81832a1fa0efd4d332fdc7f03a9a906ff012,Aztec FDV above $800M one day after launch?,True,2026-02-13T23:29:23+00:00,2027-01-01T05:00:00+00:00,"[""Yes"", ""No""]","[0.0, 1.0]",No,resolved
0x79d3d1755f959bceb57a5f05fdcd8c85ae2a16b88170e56662b33c0dea76f2a0,Zama FDV above $600M one day after launch?,True,2026-02-03T23:13:06+00:00,2027-01-01T05:00:00+00:00,"[""Yes"", ""No""]","[0.0, 1.0]",No,resolved
0x7a0ff66b151c5a8baaaa71c17f0f6b1217cfafac7e4657505cdb64fdeb01855b,Moonbirds FDV above $50M one day after launch?,True,2026-01-29T23:25:54+00:00,2027-01-01T05:00:00+00:00,"[""Yes"", ""No""]","[1.0, 0.0]",Yes,resolved
0x7a1ddff73911c5fdca4f5e70704894c6615739b13c2733e84fff6c2118fbce66,Based FDV above $200M one day after launch?,True,2026-04-01T00:51:41+00:00,2027-01-01T05:00:00+00:00,"[""Yes"", ""No""]","[0.0, 1.0]",No,resolved
0x7a8bc876cd3d3c850f03e93a7847f5d6f55e7f2ea094c866698af016afabf41b,Will Benoît Saint Denis fight Max Holloway next?,True,2026-05-17T05:42:19+00:00,2027-03-01T00:00:00+00:00,"[""Yes"", ""No""]","[0.0, 1.0]",No,resolved
0x7ab57e9ab2b8ad7ab59a1bed22118161fd18fad6c9534a5ecf26912c3f1c5be7,Canton FDV above $10B one day after launch?,True,2025-11-11T23:01:55+00:00,2027-01-01T05:00:00+00:00,"[""Yes"", ""No""]","[0.0, 1.0]",No,resolved
0x7b1338856baf704786e383ca88373b32bc5164601e86522cd84b476aba68b1ac,Aztec FDV above $500M one day after launch?,True,2026-02-13T23:29:19+00:00,2027-01-01T05:00:00+00:00,"[""Yes"", ""No""]","[0.0, 1.0]",No,resolved
0x7b44752393207b63ed651c48cc0babd71a947e2d070147bbf0bb81f05e8d58b2,HumidiFi FDV above $200M one day after launch?,True,2025-12-11T03:38:55+00:00,2027-01-01T05:00:00+00:00,"[""Yes"", ""No""]","[1.0, 0.0]",Yes,resolved
0x7b4da37f454e5e4bf9a793cd03a2d711b576b66e62281946b6bbcd61a27ee7e9,ETHGAS FDV above $900M one day after launch?,True,2026-01-22T23:51:50+00:00,2027-01-01T05:00:00+00:00,"[""Yes"", ""No""]","[0.0, 1.0]",No,resolved
0x7b613ffea258edfa93b79af6983398d6d8c15c51a77d89a585af794a92374aa3,Superform FDV above $20M one day after launch?,True,2026-02-11T23:03:59+00:00,2027-01-01T05:00:00+00:00,"[""Yes"", ""No""]","[1.0, 0.0]",Yes,resolved
0x7bc6f7a98d687937a71e1d1210b92b943d50fff1e9a54f0cfd2a18704dccd1a0,Perle Labs FDV above $80M one day after launch?,True,2026-03-26T23:05:21+00:00,2028-01-01T05:00:00+00:00,"[""Yes"", ""No""]","[1.0, 0.0]",Yes,resolved
0x7bcbcf94ede69ef40b90bea8f219d21c1ee911ee2366016178ae43c6d5f37766,Opinion FDV above $5B one day after launch?,True,2026-03-06T23:52:19+00:00,2027-01-01T05:00:00+00:00,"[""Yes"", ""No""]","[0.0, 1.0]",No,resolved
0x7bdc4032e5559c59ab9d763a8617c89098f819933e91bb63b02a3f69afb49076,Will Theo launch a token by December 31 2025?,True,2026-01-01T09:17:35+00:00,2027-01-01T05:00:00+00:00,"[""Yes"", ""No""]","[0.0, 1.0]",No,resolved
0x7c05febba2c381b40a1b9a8b3f61b448ec46c73cdd83ef0257f70c173fddeb0f,YOM FDV above $500M one day after launch?,True,2026-06-06T22:20:18+00:00,2028-01-01T05:00:00+00:00,"[""Yes"", ""No""]","[0.0, 1.0]",No,resolved
0x7c11684aa0fcae906a230ece377d0d5c5299b5fe5a7c7975cb9210848e86c5f9,Wingbits FDV above $100M one day after launch?,True,2026-04-24T03:11:26+00:00,2028-01-01T05:00:00+00:00,"[""Yes"", ""No""]","[0.0, 1.0]",No,resolved
0x7c11eb9f3bbeda6dad3f6cbc3e0c6e82c3a1455aaeef5d0908c36ddfbef63958,Seeker FDV above $100M one day after launch?,True,2026-01-21T23:35:10+00:00,2027-01-01T05:00:00+00:00,"[""Yes"", ""No""]","[1.0, 0.0]",Yes,resolved
0x7c4d8a785fe53037f3baab38e0551292baf02e89835acf4d530ac81a44705b93,Over $20M committed to the Infinex public sale?,True,2026-01-10T08:27:28+00:00,2027-01-01T05:00:00+00:00,"[""Yes"", ""No""]","[0.0, 1.0]",No,resolved
0x7c5dfebacf78a406358f2175f3fd3e87304405888c2da619fe08a6d0cdc36323,Fabric FDV above $800M one day after launch?,True,2026-02-28T23:24:41+00:00,2027-01-01T05:00:00+00:00,"[""Yes"", ""No""]","[0.0, 1.0]",No,resolved
0x7c71bba0e8e766476862343069a989f37fe6f6ff1a50e38e177eee2a04fe6ca4,Over $4M committed to the Fabric public sale?,True,2026-02-03T04:51:06+00:00,2027-01-01T05:00:00+00:00,"[""Yes"", ""No""]","[0.0, 1.0]",No,resolved
0x7c9a6f47ff08e94cdaad6c8e6d4f911f81f05e011ff6a4cc020e0af24ddd45de,"Will Predict.fun launch a token by March 31, 2026?",True,2026-04-01T08:32:07+00:00,2028-01-01T05:00:00+00:00,"[""Yes"", ""No""]","[0.0, 1.0]",No,resolved
0x7d0e68eeacd8d8a5bb9e0c5908e4fe2ed2860cfc78351babb821744fbd8ff085,Will Dustin Pedroia be the next Red Sox manager?,True,2026-09-23T08:53:43+00:00,2027-02-01T04:59:00+00:00,"[""Yes"", ""No""]","[0.0, 1.0]",No,resolved
0x7db0deb73db309e28ada549d4b9eafe9700ea34938a598c079a83935b5523e72,HumidiFi FDV above $500M one day after launch?,True,2025-12-11T03:38:55+00:00,2027-01-01T05:00:00+00:00,"[""Yes"", ""No""]","[0.0, 1.0]",No,resolved
0x7e5b3a0b390c34cd0b89cdb3b67158bdcf6cb29d73eb17fd9dfafb9e50a4bb0d,Over $5M committed to the Infinex public sale?,True,2026-01-10T06:54:22+00:00,2027-01-01T05:00:00+00:00,"[""Yes"", ""No""]","[1.0, 0.0]",Yes,resolved
0x7e772c9dfc88c19355d73d26a1590fbdbbe7d0d9de0f1dfc21bb663e19a8e439,"Will MegaETH launch a token by March 31, 2026?",True,2026-04-01T08:35:15+00:00,2027-01-01T05:00:00+00:00,"[""Yes"", ""No""]","[0.0, 1.0]",No,resolved
0x7f97e93d37e5e207984d9f68b3dff3013025f9b2ecf9f25e64c690f2f88a0c56,Will Míde Nic Fhionnlaoich win the 2026 Galway West by-election?,True,2026-05-24T21:35:46+00:00,2027-03-31T00:00:00+00:00,"[""Yes"", ""No""]","[0.0, 1.0]",No,resolved
0x7fac4826b3560d396be9918b1f43c6d81ab50cb7bafbf2be59f20330ea911fa1,"Will Opinion launch a token by March 31, 2026?",True,2026-03-05T15:02:05+00:00,2027-01-01T05:00:00+00:00,"[""Yes"", ""No""]","[1.0, 0.0]",Yes,resolved
0x801ba938863510ea28c20343b3652860d92e32bb07d2c56391575e1eda195d6d,Will Bitcoin hit $60k or $80k first?,True,2026-02-06T06:02:19+00:00,2027-01-01T05:00:00+00:00,"[""$60k"", ""$80k""]","[1.0, 0.0]",$60k,resolved
0x811e5e23f253001d40d5065a938d962ccd500d3b7601af04f57e61d2bdc54d62,Lighter FDV above $3B one day after launch?,True,2026-01-01T00:10:17+00:00,2027-01-01T05:00:00+00:00,"[""Yes"", ""No""]","[0.0, 1.0]",No,resolved
0x8157bd8139a900dada0a9390de814474d550f1b2aef828f5f1a54b25a99152de,Moonbirds FDV above $700M one day after launch?,True,2026-01-30T01:00:16+00:00,2027-01-01T05:00:00+00:00,"[""Yes"", ""No""]","[0.0, 1.0]",No,resolved
0x81867f99a9d3446b2fab63ee7ba9cdede453143164fd1cb6df964db8e94e2987,Tria FDV above $300M one day after launch?,True,2026-02-04T23:11:27+00:00,2027-01-01T05:00:00+00:00,"[""Yes"", ""No""]","[0.0, 1.0]",No,resolved
0x8187dbcca7ff6766cb815fadb41dc7477345ed8058a96ca3e6796f70a1d4c7c3,"Will Pump.fun dip to $0.0014 by December 31, 2026?",True,2026-06-05T20:35:54+00:00,2027-01-01T05:00:00+00:00,"[""Yes"", ""No""]","[1.0, 0.0]",Yes,resolved
0x81979834ea2911006204482dae3c4d9222318a105e53a2a179acdc253def47ad,OpenGradient FDV above $300M one day after launch?,True,2026-04-22T22:05:28+00:00,2028-01-01T05:00:00+00:00,"[""Yes"", ""No""]","[1.0, 0.0]",Yes,resolved
0x819d1b923e97ee862d092defe62d5e74425228a951055f8bcd95d8a6344374cd,Yellow FDV above $600M one day after launch?,True,2026-03-09T23:36:51+00:00,2028-01-01T05:00:00+00:00,"[""Yes"", ""No""]","[0.0, 1.0]",No,resolved
0x81b8523c795e0ba47ce24a265777fca51d636742005b758dce260364d78e1e8d,Opinion FDV above $250M one day after launch?,True,2026-03-06T23:45:13+00:00,2027-01-01T05:00:00+00:00,"[""Yes"", ""No""]","[1.0, 0.0]",Yes,resolved
0x81c2e687fea50307b3f0e3cab6a1c0bd297ca4ea2de406478c37620b56097010,"Will Tempo launch a token by March 31, 2026?",True,2026-04-01T08:36:13+00:00,2027-01-01T05:00:00+00:00,"[""Yes"", ""No""]","[0.0, 1.0]",No,resolved
0x8213d395e079614d6c4d7f4cbb9be9337ab51648a21cc2a334ae8f1966d164b4,"MicroStrategy sells any Bitcoin by December 31, 2026?",True,2026-06-01T14:15:16+00:00,2027-01-01T05:00:00+00:00,"[""Yes"", ""No""]","[1.0, 0.0]",Yes,resolved
0x8246671053e0d85a2499039b4b0aeebadf0425cc06f4e8ee5bb73cc621f07603,Will George Lombard be the next Red Sox manager?,True,2026-09-23T08:52:43+00:00,2027-02-01T04:59:00+00:00,"[""Yes"", ""No""]","[0.0, 1.0]",No,resolved
0x8268f7841933883efa7d20356aa55a4df49468fc3a0e2163d8588b33f712029a,Over $2M committed to the Sol Raffle public sale?,True,2026-01-23T04:07:48+00:00,2027-01-01T05:00:00+00:00,"[""Yes"", ""No""]","[0.0, 1.0]",No,resolved
0x82776e1d30f29cec9b99f63f4d821527bbfc028af995381cff815074a10ff167,Will SpaceX's market cap be between $800B and $900B at market close on IPO day?,True,2026-06-12T23:15:57+00:00,2027-12-31T00:00:00+00:00,"[""Yes"", ""No""]","[0.0, 1.0]",No,resolved
0x82f147f1bb5071e2cef491dde1876825b17694c86e48a765c663fc92b31c11d5,OneFootball FDV above $500M one day after launch?,True,2026-04-10T22:24:05+00:00,2028-01-01T05:00:00+00:00,"[""Yes"", ""No""]","[0.0, 1.0]",No,resolved
0x830d6d2a4a4b186bd3a41895a30fed4b1882706e73b1c11d2a7f528f5b2d5298,"Will Titan launch a token by March 31, 2026?",True,2026-04-01T08:15:11+00:00,2027-01-01T05:00:00+00:00,"[""Yes"", ""No""]","[0.0, 1.0]",No,resolved
0x83755f82d777c28f8a2e7aa0d97eaee11a82653afb44a72e1ef442069641b415,Will Alexander Volkanovski fight Max Holloway next?,True,2026-05-17T05:42:13+00:00,2027-03-01T00:00:00+00:00,"[""Yes"", ""No""]","[0.0, 1.0]",No,resolved
0x838b7c1ec450af5c7e18691753c089a3e5f15b50c3326253b6577a1f15b4e6ee,"Will Kodiak launch a token by September 30, 2026?",True,2025-12-24T07:54:51+00:00,2027-01-01T05:00:00+00:00,"[""Yes"", ""No""]","[1.0, 0.0]",Yes,resolved
0x83912db8935d04ffbfdd07b6565cfccab61439dac0a8a3acfe39b44011a45e06,R2 FDV above $500M one day after launch?,True,2026-04-01T10:12:09+00:00,2028-01-01T05:00:00+00:00,"[""Yes"", ""No""]","[0.0, 1.0]",No,resolved
0x844a138c1392d955d19d3c90068e9ec04f142f4b9ebaaa4c25c180e16274174f,Will Binance launch stock tokens in 2026?,True,2026-02-25T00:58:12+00:00,2027-01-01T05:00:00+00:00,"[""Yes"", ""No""]","[1.0, 0.0]",Yes,resolved
0x845eb4b639352cb44217086b7d478200bf158a35e76b2330741251a236df9d6c,Lighter Airdrop on January 6?,True,2025-12-30T10:49:41+00:00,2027-01-01T05:00:00+00:00,"[""Yes"", ""No""]","[0.0, 1.0]",No,resolved
0x847359b5b1b606dd21c112417334f1431c44053f348daa9437c847da6151e4e6,Lighter FDV above $6B one day after launch?,True,2026-01-01T00:10:19+00:00,2027-01-01T05:00:00+00:00,"[""Yes"", ""No""]","[0.0, 1.0]",No,resolved
0x849763750eb597c84fcc992f0fd0fe407fabcfecf7874754ccd048143eea9f53,Mezo FDV above $400M one day after launch?,True,2026-04-03T03:15:17+00:00,2027-01-01T05:00:00+00:00,"[""Yes"", ""No""]","[0.0, 1.0]",No,resolved
0x849c0b0a33179f391598856234df7623d561bbf22114a541921f7291ce823384,Lighter FDV above $4B one day after launch?,True,2026-01-01T00:10:17+00:00,2027-01-01T05:00:00+00:00,"[""Yes"", ""No""]","[0.0, 1.0]",No,resolved
0x84cb5dcd5ec50412a9b9c102633371e19fac46ee7fc341b2588560dca694f496,"Will Oro launch a token by June 30, 2026?",True,2026-07-01T08:04:52+00:00,2027-01-01T05:00:00+00:00,"[""Yes"", ""No""]","[0.0, 1.0]",No,resolved
0x857a8ebb2ec4897e3aff5ce216d39e852c4296c53f7ed9043ef27601cdc3f9e5,Octra FDV above $100M one day after launch?,True,2026-04-21T22:13:32+00:00,2027-01-01T05:00:00+00:00,"[""Yes"", ""No""]","[0.0, 1.0]",No,resolved
0x8587c25e68ea0f18372d15251bc5d6784999f44b32f6727591483b0f16b425e6,Will SpaceX's market cap be between $1.4T and $1.6T at market close on IPO day?,True,2026-06-12T23:21:57+00:00,2027-12-31T00:00:00+00:00,"[""Yes"", ""No""]","[0.0, 1.0]",No,resolved
0x858d5ebf7368242a155014f13e5d0ff14892bb3d264eadb63ddf1cb765bcc0de,Owlto FDV above $400M one day after launch?,True,2026-01-17T02:16:58+00:00,2027-01-01T05:00:00+00:00,"[""Yes"", ""No""]","[0.0, 1.0]",No,resolved
0x85b7ad683d84915d10fab8e8313764a2918d6f33a40c965030ff829cd9d8dbd1,Will JPMorgan Chase or any of its underwriting affiliates serve as the lead underwriter in SpaceX’s initial public offering?,True,2026-05-24T06:27:45+00:00,2027-12-31T00:00:00+00:00,"[""Yes"", ""No""]","[0.0, 1.0]",No,resolved
0x85c7ce4294fde6eca3c85c2d2bee60b2107a166cf9a81636e7ab30172062e6b3,Hyperlend FDV above $100M one day after launch?,True,2026-02-28T00:12:57+00:00,2027-01-01T05:00:00+00:00,"[""Yes"", ""No""]","[0.0, 1.0]",No,resolved
0x85efd016a90b2b89d774de0e97efe8d8a72e08f0f7f1920ab807c992ac9c2409,Zama FDV above $4B one day after launch?,True,2026-02-03T23:12:40+00:00,2027-01-01T05:00:00+00:00,"[""Yes"", ""No""]","[0.0, 1.0]",No,resolved
0x86326afa7eba54fce4e637a230a4c14566eb2383b0c0e9a4b23797d604d15627,"Will Opinion launch a token by September 30, 2026?",True,2026-03-05T15:04:03+00:00,2027-01-01T05:00:00+00:00,"[""Yes"", ""No""]","[1.0, 0.0]",Yes,resolved
0x86e8a90963e260b64a1a4ffc19d0e7fd8e555a25e379cd9a0591e94d26a480c9,Fabric FDV above $600M one day after launch?,True,2026-02-28T23:42:05+00:00,2027-01-01T05:00:00+00:00,"[""Yes"", ""No""]","[0.0, 1.0]",No,resolved
0x873592f7bfe5c33542667c6548e4fd71f4cd856938489a199b6e9383732fc851,"Will Ethereum dip to $2,500 by December 31, 2026?",True,2026-01-31T20:35:58+00:00,2027-01-01T05:00:00+00:00,"[""Yes"", ""No""]","[1.0, 0.0]",Yes,resolved
0x87600fa65854fcabda75e162eec19cb5af24c2f2394539c5eac407317f6ef8ec,Will Ilia Topuria fight Max Holloway next?,True,2026-05-17T05:42:26+00:00,2027-03-01T00:00:00+00:00,"[""Yes"", ""No""]","[0.0, 1.0]",No,resolved
0x876a73c7253c2f8d1e6f3a923bd20fbbba3f4d863ca291984482d6d2fec75fe5,Over $2M committed to the Fabric public sale?,True,2026-01-27T16:36:45+00:00,2027-01-01T05:00:00+00:00,"[""Yes"", ""No""]","[1.0, 0.0]",Yes,resolved
0x878e3ae35633f0ae769971fcf78817a30cac68a668f31fadf3394be2dd253ca3,Solstice FDV above $300M one day after launch?,True,2026-05-26T22:21:05+00:00,2027-01-01T05:00:00+00:00,"[""Yes"", ""No""]","[0.0, 1.0]",No,resolved
0x8797104f1d567b9ba45cf8b58834ef14b3848ca8c96bd40f995c52b7263c2e94,"Will Pump.fun reach $0.0054 by December 31, 2026?",True,2026-08-23T11:01:40+00:00,2027-01-01T05:00:00+00:00,"[""Yes"", ""No""]","[1.0, 0.0]",Yes,resolved
0x87a06a03c9d527df0c68ca1e7c06d43346b658d4e9a3ad9aff88b24759d26b68,"Will Zcash dip to $400 by December 31, 2026?",True,2025-12-01T15:49:38+00:00,2027-01-01T05:00:00+00:00,"[""Yes"", ""No""]","[1.0, 0.0]",Yes,resolved
0x87c7dc1c1aa88b91cd1d316ef618abd09c360b2e11e03043aad4a7565d9650cf,Canton FDV above $14B one day after launch?,True,2025-11-11T23:00:59+00:00,2027-01-01T05:00:00+00:00,"[""Yes"", ""No""]","[0.0, 1.0]",No,resolved
0x89051f3ff0a94d95867beb97678cd9497700c9d781bc612a33d371f49dca10c9,Nebula3 FDV above $300M one day after launch?,True,2026-03-12T22:29:19+00:00,2028-01-01T05:00:00+00:00,"[""Yes"", ""No""]","[0.0, 1.0]",No,resolved
0x89220a23747106fa53bdf42ba59d1a453501faa4dede6bd59c181d5a38a32506,Wingbits FDV above $800M one day after launch?,True,2026-04-24T01:41:46+00:00,2028-01-01T05:00:00+00:00,"[""Yes"", ""No""]","[0.0, 1.0]",No,resolved
0x8971170d70bf4694f546a3e028f4f32be639288f0a59f9f3d3b4ef0818c00c44,ETHGAS FDV above $300M one day after launch?,True,2026-01-22T23:18:42+00:00,2027-01-01T05:00:00+00:00,"[""Yes"", ""No""]","[0.0, 1.0]",No,resolved
0x897b618a599afc4106593a796bac1a5ba29935bd1f7584536e3ae957450ab30e,"Will SpaceX not IPO by December 31, 2027?",True,2026-06-12T19:04:16+00:00,2027-12-31T00:00:00+00:00,"[""Yes"", ""No""]","[0.0, 1.0]",No,resolved
0x89a1066a0c0b4cabbd5f117d520f49e9d375b33d5bb20dded7e3be29ac4d9e26,"Will Bitcoin hit $70,000 or $73,000 first?",True,2026-03-19T10:42:05+00:00,2027-01-01T05:00:00+00:00,"[""$70,000"", ""$73,000""]","[1.0, 0.0]","$70,000",resolved
0x89ad2d3d5d40fe5f0b768e57509af6aca018b5f402b82b6cf8a38b4d0695c2d6,Will Max Holloway fight Conor McGregor next?,True,2026-05-17T05:25:18+00:00,2027-03-07T00:00:00+00:00,"[""Yes"", ""No""]","[1.0, 0.0]",Yes,resolved
0x89d5de07722353d879034890b4e649faadd8d2e44c2a1d35e45910e5c0b62099,Brevis FDV above $700M one day after launch?,True,2026-01-07T23:22:45+00:00,2027-01-01T05:00:00+00:00,"[""Yes"", ""No""]","[0.0, 1.0]",No,resolved
0x89f5b1d75883a1cceb46fff067a2bfa21317f7be4b7a579db0798601c2da91b7,P2P FDV above $80M one day after launch?,True,2026-04-03T04:42:15+00:00,2028-01-01T05:00:00+00:00,"[""Yes"", ""No""]","[0.0, 1.0]",No,resolved
0x8a1ffbf848480e59cfa9fa645c1828af9b1bcaf77c038fe9340bb1db09e222ef,P2P FDV above $200M one day after launch?,True,2026-04-03T04:31:43+00:00,2028-01-01T05:00:00+00:00,"[""Yes"", ""No""]","[0.0, 1.0]",No,resolved
0x8a7acb7573f961ff1e49fae8e662bec1a8248bdf3133e2abaf0bc497263d5270,Will Paradex launch a token by June 30 2026?,True,2026-03-05T20:25:53+00:00,2027-01-01T05:00:00+00:00,"[""Yes"", ""No""]","[1.0, 0.0]",Yes,resolved
0x8ad27779ba79b9dac76886c52ba56949b2639df593545da518ea36f33be47438,Kodiak FDV above $200M one day after launch?,True,2025-12-25T00:35:41+00:00,2027-01-01T05:00:00+00:00,"[""Yes"", ""No""]","[0.0, 1.0]",No,resolved
0x8adc044bc721bb099f2045c070d1693050dbcb495dedc61248444e248e66a5d9,Backpack FDV above $4B one day after launch?,True,2026-03-24T22:31:25+00:00,2027-01-01T05:00:00+00:00,"[""Yes"", ""No""]","[0.0, 1.0]",No,resolved
0x8b2b903ff76adf60a562841cac343151da1d2e4f5f9b9243ca802179511d236b,Will Mark Lohan win the 2026 Galway West by-election?,True,2026-05-24T21:33:49+00:00,2027-03-31T00:00:00+00:00,"[""Yes"", ""No""]","[0.0, 1.0]",No,resolved
0x8c0f92f51d6a82150bb7eedb87181fce0a449257135dfe403d41c42f40113304,Will Olivier Faure announce their candidacy for the 2027 French presidential election in 2026?,True,2026-08-30T23:23:48+00:00,2027-04-18T23:59:00+00:00,"[""Yes"", ""No""]","[1.0, 0.0]",Yes,resolved
0x8c33e9363ac336d6ace62f64e10999b5014ea5936cae96d6f8c932b2757a6800,Will Niall Murphy win the 2026 Galway West by-election?,True,2026-05-24T21:36:53+00:00,2027-03-31T00:00:00+00:00,"[""Yes"", ""No""]","[0.0, 1.0]",No,resolved
0x8c35482a0eb2d5d03acd7c02e4fb13aabef857e9c4f96f459f82d1c696d9829a,Yellow FDV above $300M one day after launch?,True,2026-03-09T23:39:01+00:00,2028-01-01T05:00:00+00:00,"[""Yes"", ""No""]","[0.0, 1.0]",No,resolved
0x8ca4f355dbf074f9ce39dd677bec25d24998d67f22969d946b0d91fdb03dcbd1,Tria FDV above $500M one day after launch?,True,2026-02-04T23:11:31+00:00,2027-01-01T05:00:00+00:00,"[""Yes"", ""No""]","[0.0, 1.0]",No,resolved
0x8ccc3f4951ff02c1d34b87988752b4444ad17228732780a6cf22afefe8478bb6,Katana FDV above $1B one day after launch?,True,2026-03-19T23:20:15+00:00,2028-01-01T05:00:00+00:00,"[""Yes"", ""No""]","[0.0, 1.0]",No,resolved
0x8cd80bf80e98abaf64e504363ffa8f557a9cd7b0c6cce02590bfe8025c329691,"Will Solana dip to $80 by December 31, 2026?",True,2026-02-05T23:15:41+00:00,2027-01-01T05:00:00+00:00,"[""Yes"", ""No""]","[1.0, 0.0]",Yes,resolved
0x8e108735c9ff28d1166082500bad9d52ddaaba8ccd5b43e3d8c4ba83bad1af61,Over $4M committed to the Sol Raffle public sale?,True,2026-01-23T04:01:54+00:00,2027-01-01T05:00:00+00:00,"[""Yes"", ""No""]","[0.0, 1.0]",No,resolved
0x8e755754de7bd3709ee552c64e81f30dbcf8770ef590515389c11122711a9265,Rainbow FDV above $600M one day after launch?,True,2026-02-06T23:55:41+00:00,2027-01-01T05:00:00+00:00,"[""Yes"", ""No""]","[0.0, 1.0]",No,resolved
0x8ea6ab233c8751e610c8fdded6e4541ef8e8f11bff85c84e3c263b322d19e277,Gensyn FDV above $2B one day after launch?,True,2026-04-30T23:43:08+00:00,2027-01-01T05:00:00+00:00,"[""Yes"", ""No""]","[0.0, 1.0]",No,resolved
0x8ec28c6085ac7dcbfa70506bb951dbb33e9049875b7df1e193f9271d49cf0d3c,"Will GMGN launch a token by December 31, 2025?",True,2026-01-01T08:22:43+00:00,2027-01-01T05:00:00+00:00,"[""Yes"", ""No""]","[0.0, 1.0]",No,resolved
0x8f1a3245ec9e5edb18d4440206d275daa6ce4170abf041272268b2e090520660,"Will Hyperliquid reach $58 by December 31, 2026?",True,2026-05-21T14:06:10+00:00,2027-01-01T05:00:00+00:00,"[""Yes"", ""No""]","[1.0, 0.0]",Yes,resolved
0x8f5d1fddb249bcb1307e804b7279bd38acbb5692b7db24377d9565db45822928,Rainbow FDV above $800M one day after launch?,True,2026-02-06T23:55:45+00:00,2027-01-01T05:00:00+00:00,"[""Yes"", ""No""]","[0.0, 1.0]",No,resolved
0x8f69a1b89879c28df9a987b882b2b7b8b63d6d415b689ba00cf2e4e2e4732315,Elsa FDV above $20M one day after launch?,True,2026-01-22T01:07:52+00:00,2027-01-01T05:00:00+00:00,"[""Yes"", ""No""]","[1.0, 0.0]",Yes,resolved
0x8f803e07dc7fa80b74188b263f72559307748db57ce735cd5f66d2ef527d6b3d,Moonbirds FDV above $100M one day after launch?,True,2026-01-29T23:26:16+00:00,2027-01-01T05:00:00+00:00,"[""Yes"", ""No""]","[1.0, 0.0]",Yes,resolved
0x8fbc7c1341fa92984cad08cbcfb8798f32e8223f4ad722f57447af3a30179618,Bitcoin 11% daily candle change in 2026?,True,2026-02-07T02:12:35+00:00,2027-01-01T05:00:00+00:00,"[""Yes"", ""No""]","[1.0, 0.0]",Yes,resolved
0x8fc994499eb98d128337e4b3e3043facc8874d1e58e3043fb9d21e7d3bcd7416,Kinetiq FDV above $2B one day after launch?,True,2025-11-29T10:21:29+00:00,2027-01-01T05:00:00+00:00,"[""Yes"", ""No""]","[0.0, 1.0]",No,resolved
0x8fe9aec7d0e870937ec07d035882708e60648896a09fbf6d57b3fc306f2769ff,Immunefi FDV above $1B one day after launch?,True,2026-01-24T03:10:50+00:00,2027-01-01T05:00:00+00:00,"[""Yes"", ""No""]","[0.0, 1.0]",No,resolved
0x90b6a0ffb085c262c6f31847a264ce3b118844fac27e5c19937050c05a2fbf40,Over $16M committed to the Space public sale?,True,2026-01-17T00:15:42+00:00,2027-01-01T05:00:00+00:00,"[""Yes"", ""No""]","[1.0, 0.0]",Yes,resolved
0x90ed39ddb4d669a9784982895dd05c6d98e6523f5e57515f382ce0444e228b8b,Will Bitcoin hit $80k or $100k first?,True,2026-01-31T20:20:04+00:00,2027-01-01T05:00:00+00:00,"[""80k"", ""100k""]","[1.0, 0.0]",80k,resolved
0x913d26a009f15f1346517ff284ea88b1ded1cbbf26859ac587a538968ce8178e,Wingbits FDV above $300M one day after launch?,True,2026-04-24T02:14:02+00:00,2028-01-01T05:00:00+00:00,"[""Yes"", ""No""]","[0.0, 1.0]",No,resolved
0x913d94d8140c5f34a36298c2d2855c157f03b47884f780fe4a6f40c42fecd760,Will SpaceX's public ticker be another ticker?,True,2026-06-12T16:38:33+00:00,2027-12-31T00:00:00+00:00,"[""Yes"", ""No""]","[1.0, 0.0]",Yes,resolved
0x915dbd0312f3a8fb0eaaa83d27c0d578538d63957edf1792f1453054d167d58d,Over $10M committed to the Bitway public sale?,True,2026-01-26T09:56:31+00:00,2027-01-01T05:00:00+00:00,"[""Yes"", ""No""]","[0.0, 1.0]",No,resolved
0x919298daf064f60d8b1d454c825a47480ccba29db0ea8e648c40a428844252bd,Seeker FDV above $600M one day after launch?,True,2026-01-21T23:37:10+00:00,2027-01-01T05:00:00+00:00,"[""Yes"", ""No""]","[0.0, 1.0]",No,resolved
0x919883604cae9484c5cf425c64be6e8dd60d2aac6dec49206c3679f7de9c7549,Space FDV above $80M one day after launch?,True,2026-04-30T22:43:22+00:00,2027-01-01T05:00:00+00:00,"[""Yes"", ""No""]","[0.0, 1.0]",No,resolved
0x91abf391830c8092703b55001feddecac3a7526117dcdc370b32fa174d19b98e,"Will Chainlink reach $14 by December 31, 2026?",True,2025-12-03T12:47:55+00:00,2027-01-01T05:00:00+00:00,"[""Yes"", ""No""]","[1.0, 0.0]",Yes,resolved
0x920cce643cf0d0f247f3f44f618121d9c9f9a0005320b326db93ca09c7df08cf,Lighter FDV above $2B one day after launch?,True,2026-01-01T00:10:15+00:00,2027-01-01T05:00:00+00:00,"[""Yes"", ""No""]","[1.0, 0.0]",Yes,resolved
0x935a9a5c57351ebb119028fc4caa82fef99c164acb0be7b7f09c2a7dfca0b0d0,"Will the DFM Real Estate Index hit 12,000 in 2026?",True,2026-03-18T10:36:37+00:00,2027-01-01T05:00:00+00:00,"[""Yes"", ""No""]","[1.0, 0.0]",Yes,resolved
0x93f1de25c1868ed73f5127d63dbb6a4d250a7bbc73cc169e5cbc0bfe6d6b48f1,"Will Citrea launch a token by March 31, 2027?",True,2026-05-26T23:17:40+00:00,2028-01-01T05:00:00+00:00,"[""Yes"", ""No""]","[1.0, 0.0]",Yes,resolved
0x93f2e17cfd239c4667eb3d41ff04e2cd1ae6f3f663210cbc42ec1296ff880805,SpaceX IPO closing market cap above $2.2T?,True,2026-06-12T22:18:18+00:00,2027-12-31T00:00:00+00:00,"[""Yes"", ""No""]","[0.0, 1.0]",No,resolved
0x941501bd630381ee172693bcb1e40ae70822687e5e60d766f0efa652ba3cfd5d,Bitcoin 9% daily candle change in 2026?,True,2026-02-07T02:11:39+00:00,2027-01-01T05:00:00+00:00,"[""Yes"", ""No""]","[1.0, 0.0]",Yes,resolved
0x94194f125f7001ddbd8c81e04a3bbc97342d4f80b9516e8b6af5b3df11eb413f,Tria FDV above $200M one day after launch?,True,2026-02-04T23:14:31+00:00,2027-01-01T05:00:00+00:00,"[""Yes"", ""No""]","[0.0, 1.0]",No,resolved
0x9421353644ef11f3875a0fdd729f75ffa641c830b95bee7ba846d8b60da01223,Bitway FDV above $200M one day after launch?,True,2026-03-04T10:14:31+00:00,2027-01-01T05:00:00+00:00,"[""Yes"", ""No""]","[0.0, 1.0]",No,resolved
0x943283872abab5fa855914aeb4bcac6cb06c0c5d003563789e74b045b31c0c39,Space FDV above $40M one day after launch?,True,2026-04-30T22:43:28+00:00,2027-01-01T05:00:00+00:00,"[""Yes"", ""No""]","[0.0, 1.0]",No,resolved
0x94399152d4f326f07f19e03d099f329b60cffddcd97c3d60b2824b209941163e,Zama auction clearing price above $0.16?,True,2026-01-26T14:45:35+00:00,2027-01-01T05:00:00+00:00,"[""Yes"", ""No""]","[0.0, 1.0]",No,resolved
0x94e0f8ff4f0ff64a3f232c6325d69ed10efcad407779ae405e22cff71cc34393,Genius FDV above $100M one day after launch?,True,2026-04-14T22:06:18+00:00,2028-01-01T05:00:00+00:00,"[""Yes"", ""No""]","[1.0, 0.0]",Yes,resolved
0x954c7b5e4daa80eb941fe5dffa20d328215c52ddc24940bd1384d9c2b9ff4300,"Will Bitcoin reach $70,000 by December 31, 2026?",True,2026-02-07T03:36:13+00:00,2027-01-01T05:00:00+00:00,"[""Yes"", ""No""]","[1.0, 0.0]",Yes,resolved
0x95ec4d4bd3a7eef1232d4c2fbcd95d8fbe77a16d382615941fcdd9e30e3b7e3f,Will SpaceX's public ticker be $SPC?,True,2026-06-12T17:02:03+00:00,2027-12-31T00:00:00+00:00,"[""Yes"", ""No""]","[0.0, 1.0]",No,resolved
0x9612305047771c819056cd82e0847002ab8ca95ecf6ea0879e7944d102c5730c,GRVT FDV above $50M one day after launch?,True,2026-07-31T22:01:17+00:00,2028-01-01T05:00:00+00:00,"[""Yes"", ""No""]","[1.0, 0.0]",Yes,resolved
0x96baf085241cc80671ab8163ea0e6e70bdfc83402dfff0ec4e704b303df2ed1c,Space FDV above $60M one day after launch?,True,2026-04-30T22:43:46+00:00,2027-01-01T05:00:00+00:00,"[""Yes"", ""No""]","[0.0, 1.0]",No,resolved
0x972827b5a8aa3dc290e131fb8510ecd0ec26496c39347276515190e8a65f8d43,Harmonix FDV above $25M one day after launch?,True,2025-12-20T20:59:05+00:00,2027-01-01T05:00:00+00:00,"[""Yes"", ""No""]","[0.0, 1.0]",No,resolved
0x9768883ab50e2b8200261e9e2e21a85137db461202bbe01f93a779274a53c3f5,"Will XRP dip to $1.80 by December 31, 2026?",True,2025-12-19T07:38:21+00:00,2027-01-01T05:00:00+00:00,"[""Yes"", ""No""]","[1.0, 0.0]",Yes,resolved
0x978d06a5056dab9028578a6998b5a27e8000c402e900a5a53fbd102996a99230,Will Cara Delevingne be one of Taylor Swift's bridesmaids?,True,2026-07-04T18:42:08+00:00,2027-06-30T00:00:00+00:00,"[""Yes"", ""No""]","[0.0, 1.0]",No,resolved
0x97d7dbc5c4bdd40c54e196e3eb9d26f0eabb84cb75f403a39031174e4f221faa,ETHGAS FDV above $600M one day after launch?,True,2026-01-22T23:21:36+00:00,2027-01-01T05:00:00+00:00,"[""Yes"", ""No""]","[0.0, 1.0]",No,resolved
0x980c59da5da926f9fe3504fb1fd6d82c643afeba4026d2f37297f443d9600855,Brevis FDV above $400M one day after launch?,True,2026-01-07T23:20:47+00:00,2027-01-01T05:00:00+00:00,"[""Yes"", ""No""]","[1.0, 0.0]",Yes,resolved
0x984a4d8a55d9de984811a3be1350461b1fe418a3a9c8be183f27eebee8d3044c,"Will o1 launch a token by June 30, 2027?",True,2026-06-18T09:34:16+00:00,2028-01-01T05:00:00+00:00,"[""Yes"", ""No""]","[1.0, 0.0]",Yes,resolved
0x98d2fdd6ff5ac86d828b4fcf75e22245aab911f88e0b6eb92c9ce55d0d7543b5,Will Rocco Baldelli be the next Red Sox manager?,True,2026-09-23T08:51:41.928228+00:00,2027-02-01T04:59:00+00:00,"[""Yes"", ""No""]","[0.0, 1.0]",No,resolved
0x99180dac9fee0c5077b09aa47d0cfd44afb1a8f20fa81d8b02d67e7b08c88b66,Over $3M committed to the Infinex public sale?,True,2026-01-13T00:36:11+00:00,2027-01-01T05:00:00+00:00,"[""Yes"", ""No""]","[1.0, 0.0]",Yes,resolved
0x99a6b64f186f789fe1e746411c2d7dec1fb17c9965f25ac93ec5b2de9df016e7,Dual FDV above $100M one day after launch?,True,2026-04-02T07:42:05+00:00,2028-01-01T05:00:00+00:00,"[""Yes"", ""No""]","[0.0, 1.0]",No,resolved
0x9a4f3b45ed3186f0335f18a8b2237f65362948c51518b3ef4bcf00bca8e1e4cc,EdgeX FDV above $3B one day after launch?,True,2026-04-01T22:35:35+00:00,2027-01-01T05:00:00+00:00,"[""Yes"", ""No""]","[0.0, 1.0]",No,resolved
0x9a8cf6f288f7a6213131c7aaa27699f541e9ac7705a1dbaead8797e21fa2118a,Infinex FDV above $800M one day after launch?,True,2026-01-31T23:23:28+00:00,2027-01-01T05:00:00+00:00,"[""Yes"", ""No""]","[0.0, 1.0]",No,resolved
0x9a91d1c5a524d21c502c527cf1c3f1c8bddc455e5f13b721dfa89112cffb88e1,"Will Hylo launch a token by March 31, 2026?",True,2026-04-01T09:38:47+00:00,2027-01-01T05:00:00+00:00,"[""Yes"", ""No""]","[0.0, 1.0]",No,resolved
0x9ab7defd1b9ed74c382eaf88299def84be604666a1562ca1270a3d9059ffb83c,Will edgeX reach $1.40 before 2027?,True,2026-04-18T02:59:02+00:00,2027-01-01T05:00:00+00:00,"[""Yes"", ""No""]","[1.0, 0.0]",Yes,resolved
0x9ace6872b6bdd0a71d79d293b9e86e13f4555bef7c6188f319e0799b3d8a89b7,Will Nomar Garciaparra be the next Red Sox manager?,True,2026-09-23T08:52:43+00:00,2027-02-01T04:59:00+00:00,"[""Yes"", ""No""]","[0.0, 1.0]",No,resolved
0x9adeac65c5c93a8656e75f7c084dc2429e772a2beab732e96d69b9b61e2d4f21,Immunefi FDV above $400M one day after launch?,True,2026-01-24T03:32:40+00:00,2027-01-01T05:00:00+00:00,"[""Yes"", ""No""]","[0.0, 1.0]",No,resolved
0x9af8f2741caec30df3baaa476c104c2d0d1cff1dc1e9df97ad60703e180443f1,"Will ETHGAS launch a token by September 30, 2026?",True,2026-01-21T18:41:54+00:00,2027-01-01T05:00:00+00:00,"[""Yes"", ""No""]","[1.0, 0.0]",Yes,resolved
0x9b14a28a9a79011914169cd552a80234553fc79e1dad28bd2298d8271881097e,"Will Tempo launch a token by December 31, 2025?",True,2026-01-01T09:24:27+00:00,2027-01-01T05:00:00+00:00,"[""Yes"", ""No""]","[0.0, 1.0]",No,resolved
0x9b18068a86e56fc8696d5bc52f259e2bd76d6644f0d15907a47e43aea8964ff6,HumidiFi FDV above $700M one day after launch?,True,2025-12-11T03:26:07+00:00,2027-01-01T05:00:00+00:00,"[""Yes"", ""No""]","[0.0, 1.0]",No,resolved
0x9b39923e3662b7eab6ded8f0215404bc03e91de7b844f74e7d3a2b8393135467,Backpack FDV above $300M one day after launch?,True,2026-03-24T22:35:21+00:00,2027-01-01T05:00:00+00:00,"[""Yes"", ""No""]","[0.0, 1.0]",No,resolved
0x9b46e03840683003db8b01b8957ed02f73aa876916244b7294c9bc3cb106a96d,Fabric FDV above $100M one day after launch?,True,2026-03-01T00:58:43+00:00,2027-01-01T05:00:00+00:00,"[""Yes"", ""No""]","[1.0, 0.0]",Yes,resolved
0x9b86f8d7116a635912beff1e82e67e6658c31b6bf41ca9895a67e183e33e4fe4,Backpack FDV above $5B one day after launch?,True,2026-03-24T22:31:21+00:00,2027-01-01T05:00:00+00:00,"[""Yes"", ""No""]","[0.0, 1.0]",No,resolved
0x9c77a820ae0bb9ed3d724834ba2c5f35ae285e44666a1b962e54becbda398204,"Will Hyperliquid dip to $28 by December 31, 2026?",True,2025-12-10T12:13:55+00:00,2027-01-01T05:00:00+00:00,"[""Yes"", ""No""]","[1.0, 0.0]",Yes,resolved
0x9c9f73d35a48a9907176349097bfce0e44affcc1e62580818b3d411993442f89,"Will Kodiak launch a token by December 31, 2025?",True,2025-12-24T07:52:47+00:00,2027-01-01T05:00:00+00:00,"[""Yes"", ""No""]","[1.0, 0.0]",Yes,resolved
0x9d0493ebb8499f202566959c6d2c0a4851dee74ea8a7e12680d26ff6a62a7243,"Will QFEX launch a token by March 31, 2026?",True,2026-04-01T09:39:51+00:00,2028-01-01T05:00:00+00:00,"[""Yes"", ""No""]","[0.0, 1.0]",No,resolved
0x9d253da6dd4e4ca978d3ea9285470794330a1f28d857e8a6ed3e7d68790eb19e,ETHGAS FDV above $500M one day after launch?,True,2026-01-22T23:20:44+00:00,2027-01-01T05:00:00+00:00,"[""Yes"", ""No""]","[0.0, 1.0]",No,resolved
0x9dbfdcb3a62c2498adf35068038c7db1bcab916e7a9f0551ed8a1aeb272e5895,Will May be the best month for Bitcoin in 2026?,True,2026-06-08T06:05:18+00:00,2027-01-01T05:00:00+00:00,"[""Yes"", ""No""]","[0.0, 1.0]",No,resolved
0x9f9dc37f56ca9e2ddd18c7091c08a61ed93519b829bf1b868ffa4910481ba3b9,"Will EdgeX launch a token by December 31, 2026?",True,2026-03-31T18:18:07+00:00,2027-01-01T05:00:00+00:00,"[""Yes"", ""No""]","[1.0, 0.0]",Yes,resolved
0x9fc5a80c0bb51f34664e17fbb5014611364bf555815bbd0836deed86e8986594,"Will Flying Tulip launch a token by March 31, 2026?",True,2026-02-24T09:43:22+00:00,2027-01-01T05:00:00+00:00,"[""Yes"", ""No""]","[1.0, 0.0]",Yes,resolved
0xa007336ca90e34b9d0809e3206622317adaf77a41f160f5f674ea3b27fe3d642,Arcium FDV above $800M one day after launch?,True,2026-06-23T22:01:16+00:00,2028-01-01T05:00:00+00:00,"[""Yes"", ""No""]","[0.0, 1.0]",No,resolved
0xa0f37be871e8b78055983ac703965d3582d54ea85df03809294a2e5e9affc07c,Immunefi FDV above $200M one day after launch?,True,2026-01-24T03:29:32+00:00,2027-01-01T05:00:00+00:00,"[""Yes"", ""No""]","[0.0, 1.0]",No,resolved
0xa18b9a41a15c3b9f2311f27e67a7ba082c1e39f171dabb91e41570887d811f91,Over $500K committed to the Bitway public sale?,True,2026-01-25T17:58:54+00:00,2027-01-01T05:00:00+00:00,"[""Yes"", ""No""]","[1.0, 0.0]",Yes,resolved
0xa1d6591c5cc695364a454b375ea51664e00f85013076d894c4ec097ed29f7561,Reppo FDV above $20M one day after launch?,True,2026-06-11T21:13:37+00:00,2028-01-01T05:00:00+00:00,"[""Yes"", ""No""]","[1.0, 0.0]",Yes,resolved
0xa21fa6eae6dcddcba78eb02f215d45eaa8d53a095fe1c96a007321bdf1fda276,Ranger FDV above $60M one day after launch?,True,2026-01-11T23:49:22+00:00,2027-01-01T05:00:00+00:00,"[""Yes"", ""No""]","[0.0, 1.0]",No,resolved
0xa2889c3c48b2a23f14d4ffefc42347d81c89ec6d5a84d0c172142735ce59f567,Bitcoin -11% daily candle change in 2026?,True,2026-02-06T02:27:51+00:00,2027-01-01T05:00:00+00:00,"[""Yes"", ""No""]","[1.0, 0.0]",Yes,resolved
0xa2b9c5b881902c57a3ce9c8fe68848592136a728448b601bf09b4be6304394e5,Gensyn FDV above $400M one day after launch?,True,2026-04-30T22:56:56+00:00,2027-01-01T05:00:00+00:00,"[""Yes"", ""No""]","[1.0, 0.0]",Yes,resolved
0xa335f7d6f83e3f47d13b1cfb8307b97a765753036f8950b519c6d3d504428a8e,Canton FDV above $6B one day after launch?,True,2025-11-11T23:02:53+00:00,2027-01-01T05:00:00+00:00,"[""Yes"", ""No""]","[0.0, 1.0]",No,resolved
0xa34e2e716a456fdafeac75b805c63f5a9522268e6074fbd6cc199957086b6454,Will Brad Ausmus be the next Red Sox manager?,True,2026-09-23T08:51:43+00:00,2027-02-01T04:59:00+00:00,"[""Yes"", ""No""]","[0.0, 1.0]",No,resolved
0xa35e83c1022d78a955fdf46d421363ad825bb8f60515fbe3b25a16e40cc78a8e,Superform FDV above $200M one day after launch?,True,2026-02-11T23:07:49+00:00,2027-01-01T05:00:00+00:00,"[""Yes"", ""No""]","[0.0, 1.0]",No,resolved
0xa3bbc3a092c88e178dfed1b789719722f5329d93a9eb9bba8d769a81201381f0,Perle Labs FDV above $300M one day after launch?,True,2026-03-26T22:05:43+00:00,2028-01-01T05:00:00+00:00,"[""Yes"", ""No""]","[0.0, 1.0]",No,resolved
0xa3e42ebdbf3137af66112c8d81acefdfb5e652443fd8fad6a6dcbd12951f7f87,Over $3M committed to the Foresee public sale?,True,2026-02-09T16:39:37+00:00,2027-01-01T05:00:00+00:00,"[""Yes"", ""No""]","[0.0, 1.0]",No,resolved
0xa455402e4343e97f6eadb1053502e41eb48449cd1a1e24533288d013fa50fe80,"Will BNB dip to $600 by December 31, 2026?",True,2026-02-06T03:24:33+00:00,2027-01-01T05:00:00+00:00,"[""Yes"", ""No""]","[1.0, 0.0]",Yes,resolved
0xa46d2b031e0c57fb04888e3747747f955a71369881f5460b2fc23e923f878ecc,Will Sheila Garrity win the 2026 Galway West by-election?,True,2026-05-24T21:34:48+00:00,2027-03-31T00:00:00+00:00,"[""Yes"", ""No""]","[0.0, 1.0]",No,resolved
0xa4b15d59a245891fdc986d6b78a221555ba8f610cc09cd458d980bcb06e7ca4e,Will Donald Trump visit Alabama in 2026?,True,2026-10-03T01:32:29+00:00,2027-01-02T04:59:00+00:00,"[""Yes"", ""No""]","[1.0, 0.0]",Yes,resolved
0xa4ce3b06eb7932a6d8921f3d9a74f9828e365506473199176b83612efcd9089b,Mezo FDV above $300M one day after launch?,True,2026-04-03T03:15:21+00:00,2027-01-01T05:00:00+00:00,"[""Yes"", ""No""]","[0.0, 1.0]",No,resolved
0xa53fdef6047fbcdd3bf305ad19851a3bcf28eda72bdd31039f45cb8fa379f747,"Will SpaceX not IPO by December 31, 2027?",True,2026-06-12T20:41:49+00:00,2027-12-31T00:00:00+00:00,"[""Yes"", ""No""]","[0.0, 1.0]",No,resolved
0xa5a2eb13d54773b52571aa450299107b792463b3d6575eb1fa7ec241ed96c855,Infinex FDV above $4B one day after launch?,True,2026-01-31T23:42:04+00:00,2027-01-01T05:00:00+00:00,"[""Yes"", ""No""]","[0.0, 1.0]",No,resolved
0xa5a84ff8ff07843fe094977727aaaf14dc505cb1606480e324f3cce8e905ce3e,Over $6M committed to the Trove public sale?,True,2026-01-11T16:44:16+00:00,2027-01-01T05:00:00+00:00,"[""Yes"", ""No""]","[1.0, 0.0]",Yes,resolved
0xa5cbe242cfc9338962b3647ee476e76f791bcce336be8cd37520fbd6f647adf4,Genius FDV above $500M one day after launch?,True,2026-04-14T22:08:00+00:00,2028-01-01T05:00:00+00:00,"[""Yes"", ""No""]","[1.0, 0.0]",Yes,resolved
0xa6249356d3a0763985bbc1f3e87a8e54d98bd47004113f837a74c26a6b1468e9,Another crypto hack over $100m by December 31?,True,2026-08-15T08:55:57+00:00,2027-01-01T05:00:00+00:00,"[""Yes"", ""No""]","[1.0, 0.0]",Yes,resolved
0xa6df6764dd96b6dc59a1a5a0d1faf12c4ae439412a2e49fa31de78b429104d42,idOS FDV above $200M one day after launch?,True,2026-03-07T11:55:41+00:00,2028-01-01T05:00:00+00:00,"[""Yes"", ""No""]","[0.0, 1.0]",No,resolved
0xa73872328776fb3f59ad4da5b99b2d109f12f6acd9517e454df81ff0547d3de0,Aztec FDV above $2B one day after launch?,True,2026-02-13T23:24:25+00:00,2027-01-01T05:00:00+00:00,"[""Yes"", ""No""]","[0.0, 1.0]",No,resolved
0xa77baa538165ea5eecf9566ca668cef54399b7da5c911fd4d102cbaea17cd8b0,P2P FDV above $10M one day after launch?,True,2026-04-03T12:13:19+00:00,2028-01-01T05:00:00+00:00,"[""Yes"", ""No""]","[1.0, 0.0]",Yes,resolved
0xa78daab1a58fce540937b5bb9ca914ee6c1139cb148f84bc3d7a37a512032d88,Sentient FDV above $2B one day after launch?,True,2026-01-23T23:31:40+00:00,2027-01-01T05:00:00+00:00,"[""Yes"", ""No""]","[0.0, 1.0]",No,resolved
0xa7d8fc08e52e2850f7cc0e28b17b56ec89d84b4aee2c3f8fad1bf8dae1449d88,Will Bank of America or any of its underwriting affiliates serve as the lead underwriter in SpaceX’s initial public offering?,True,2026-05-24T06:23:54+00:00,2027-12-31T00:00:00+00:00,"[""Yes"", ""No""]","[0.0, 1.0]",No,resolved
0xa87fcac5b9bd75a681179e0e04cac5325b27ffb4db669fe900e0d7660a93a591,Will Almanak FDV above $100M one day after launch?,True,2025-12-14T02:49:37+00:00,2027-01-01T05:00:00+00:00,"[""Yes"", ""No""]","[0.0, 1.0]",No,resolved
0xa8885b67447d25942cb9d298be6acc0be634c077a4c52b342c839115742ac617,"Will Citrea launch a token by December 31, 2027?",True,2026-05-26T23:17:40+00:00,2028-01-01T05:00:00+00:00,"[""Yes"", ""No""]","[1.0, 0.0]",Yes,resolved
0xa9396040bb3297e43729a8304a56bc9e6f9d7c36937626c220da7b1881ba3969,Mezo FDV above $200M one day after launch?,True,2026-04-03T03:15:19+00:00,2027-01-01T05:00:00+00:00,"[""Yes"", ""No""]","[0.0, 1.0]",No,resolved
0xa9df87e084d77d5a3ee0c4316303e0a7acab16b2af6df23fb2e16fea37d656c9,Seeker FDV above $400M one day after launch?,True,2026-01-21T23:38:10+00:00,2027-01-01T05:00:00+00:00,"[""Yes"", ""No""]","[0.0, 1.0]",No,resolved
0xaaf350be8e96fa378eaad76e9c9a957671da7415024f8e33fce4cd3b32a29159,Over $500K committed to the Sol Raffle public sale?,True,2026-01-23T04:14:42+00:00,2027-01-01T05:00:00+00:00,"[""Yes"", ""No""]","[0.0, 1.0]",No,resolved
0xab237f04e7e01a0192d1b7e92c0b130bdd2dcbf01a1913e58e6b19d6b48c9f25,Space FDV above $160M one day after launch?,True,2026-04-30T22:41:58+00:00,2027-01-01T05:00:00+00:00,"[""Yes"", ""No""]","[0.0, 1.0]",No,resolved
0xabda090f2e3b846ee238b7e0520a06c03b6806df74b7ed5228cb69519af97cff,Will Paddy Pimblett fight Charles Oliveira next?,True,2026-10-04T05:07:44+00:00,2027-03-01T04:59:00+00:00,"[""Yes"", ""No""]","[0.0, 1.0]",No,resolved
0xac4caa8b16f8d5e4f88e3ad4f68ebec05f60b1ed8b65dd62a89006597bcd0883,Seeker FDV above $200M one day after launch?,True,2026-01-21T23:36:04+00:00,2027-01-01T05:00:00+00:00,"[""Yes"", ""No""]","[0.0, 1.0]",No,resolved
0xad0e673f1fd3098da98243f95c6219c2591e0a814edeed6a284e14b902483208,R2 FDV above $100M one day after launch?,True,2026-04-01T10:12:11+00:00,2028-01-01T05:00:00+00:00,"[""Yes"", ""No""]","[0.0, 1.0]",No,resolved
0xad5b9d2eb0afdc9bd58f2ac878e3db5dbc55102d77744edda262ecde1ed8c9a4,Will Donald Trump visit Nebraska in 2026?,True,2026-10-06T02:01:32+00:00,2027-01-02T04:59:00+00:00,"[""Yes"", ""No""]","[1.0, 0.0]",Yes,resolved
0xad71763772067a2954bd94f09116c86709f96fd46af664f0237d155dbb2a645f,"Will Zcash reach $1000 by December 31, 2026?",True,2026-09-04T10:58:01+00:00,2027-01-01T05:00:00+00:00,"[""Yes"", ""No""]","[1.0, 0.0]",Yes,resolved
0xad80d97b69426a32e51ad471ca047c5c4d781701a9cd898edb59c93805db4ee0,"Will Zcash dip to $500 by December 31, 2026?",True,2025-11-25T16:29:21+00:00,2027-01-01T05:00:00+00:00,"[""Yes"", ""No""]","[1.0, 0.0]",Yes,resolved
0xada0e268f9b9e24479e1914047a0a6d9c2c4be4fa1cfa70d3b1fd12083ea3576,"Will XRP dip to $2.00 by December 31, 2026?",True,2025-12-02T15:45:08+00:00,2027-01-01T05:00:00+00:00,"[""Yes"", ""No""]","[1.0, 0.0]",Yes,resolved
0xae604e42788a42a00ddb20a2653483037d9843df28907815e971037c965cc366,Ranger FDV above $40M one day after launch?,True,2026-01-11T23:50:28+00:00,2027-01-01T05:00:00+00:00,"[""Yes"", ""No""]","[0.0, 1.0]",No,resolved
0xaf3529c77cd4cac051cee02fcb798711a8be342dc26aa352d9edc8fb00d4bead,Katana FDV above $150M one day after launch?,True,2026-03-19T22:52:45+00:00,2028-01-01T05:00:00+00:00,"[""Yes"", ""No""]","[0.0, 1.0]",No,resolved
0xaf35affe20a84d95d4bb87bca25dc118cecf8b4abd7917e89dd052cf4bc9eed9,"Will o1 launch a token by September 30, 2027?",True,2026-06-18T09:33:31+00:00,2028-01-01T05:00:00+00:00,"[""Yes"", ""No""]","[1.0, 0.0]",Yes,resolved
0xaf3a1430b16829f84ebf072067e68e692b4352f8a7ce65e46634fd0545bb934a,"Will OpenSea launch a token by March 31, 2026?",True,2026-04-01T06:17:47+00:00,2027-01-01T05:00:00+00:00,"[""Yes"", ""No""]","[0.0, 1.0]",No,resolved
0xaf469f296738ce533204afc9e93010e1b5ff8e6471dc0521ed24fd20f1e8584c,"Will Solana dip to $120 by December 31, 2026?",True,2025-12-19T07:39:25+00:00,2027-01-01T05:00:00+00:00,"[""Yes"", ""No""]","[1.0, 0.0]",Yes,resolved
0xaf774bc499befcbe2e744918f1d6d0ca1796123592197b0fa686ca79c93ae418,"Will Tria launch a token by June 30, 2026?",True,2026-02-03T12:09:46+00:00,2027-01-01T05:00:00+00:00,"[""Yes"", ""No""]","[1.0, 0.0]",Yes,resolved
0xaf94f132621f2bc4fbcd48858bacb45f4edf63a4e7c8bab7c3a211bbad7bd72c,Octra FDV above $300M one day after launch?,True,2026-04-21T22:13:44+00:00,2027-01-01T05:00:00+00:00,"[""Yes"", ""No""]","[0.0, 1.0]",No,resolved
0xafacd019af8894c0a0dd2581bd6b4b2572ece03bb8a98fdde905e68825b4d07f,Will SpaceX or OpenAI IPO first?,True,2026-06-12T18:01:49+00:00,2027-12-31T00:00:00+00:00,"[""SpaceX"", ""OpenAI""]","[1.0, 0.0]",SpaceX,resolved
0xafb67293d7e12d87cf4ba22e4eb89f1eea353b11c6febaf6b9832213c4529367,Will SpaceX's public ticker be $SEX?,True,2026-06-12T17:01:33+00:00,2027-12-31T00:00:00+00:00,"[""Yes"", ""No""]","[0.0, 1.0]",No,resolved
0xafb71fc840d63e36883af24961c62ab3db63e6b23c857dc286dc7af5445394be,EdgeX FDV above $700M one day after launch?,True,2026-04-01T22:41:41+00:00,2027-01-01T05:00:00+00:00,"[""Yes"", ""No""]","[0.0, 1.0]",No,resolved
0xafce7055487797b654c401e6645c8c56900540cc3b38ef50cacf61b942bf31d5,"Will XRP dip to $1.00 by December 31, 2026?",True,2026-08-11T16:52:43+00:00,2027-01-01T05:00:00+00:00,"[""Yes"", ""No""]","[1.0, 0.0]",Yes,resolved
0xafda53e1d3ef26f0a8855be9aabaad9e50f31595fbedc792ede4ecb2fbf019b8,"Will Plasma dip to $0.80 by December 31, 2026?",True,2025-11-25T19:55:55+00:00,2027-01-01T05:00:00+00:00,"[""Yes"", ""No""]","[1.0, 0.0]",Yes,resolved
0xb003b1966a026f0a39fc687ff651cd274d37b2a91c6a5cdacffe5034b1c7b2ce,Trove FDV above $80M one day after launch?,True,2026-01-21T00:58:02+00:00,2027-01-01T05:00:00+00:00,"[""Yes"", ""No""]","[0.0, 1.0]",No,resolved
0xb04db31a362b79a7e001c1a299c3243ab8e30e5de47399560177d48e8272ee63,"Will Exponent launch a token by March 31, 2026?",True,2026-04-01T08:44:17+00:00,2027-01-01T05:00:00+00:00,"[""Yes"", ""No""]","[0.0, 1.0]",No,resolved
0xb0653f1794f95243a40a66f2e62c6dae798bdbe8cfba04843b87ca3a092f0a4a,Aligned FDV above $20M one day after launch?,True,2026-08-21T22:02:33+00:00,2028-01-01T05:00:00+00:00,"[""Yes"", ""No""]","[1.0, 0.0]",Yes,resolved
0xb09b2a3ec1d0b31b9954c833a1def3f9d054b174fe24f24bea2236c808452e89,Lighter Airdrop on January 10?,True,2025-12-30T10:45:29+00:00,2027-01-01T05:00:00+00:00,"[""Yes"", ""No""]","[0.0, 1.0]",No,resolved
0xb22e4178c4a0b8c89808c761f56a5eca954896b505dddb33ebcba231ba26ba5a,Zama auction clearing price above $0.03?,True,2026-01-26T13:55:13+00:00,2027-01-01T05:00:00+00:00,"[""Yes"", ""No""]","[1.0, 0.0]",Yes,resolved
0xb24749c43fab1e9cc431ffda145da2286f4e646ae81f458a00d7893f1a934595,Lighter Airdrop on January 9?,True,2025-12-30T10:46:33+00:00,2027-01-01T05:00:00+00:00,"[""Yes"", ""No""]","[0.0, 1.0]",No,resolved
0xb24865805f2f5f37d35ebd9cd6361d64588783a1a5dda08b3f822653d0de4ae6,"Will Pump.fun reach $0.0042 by December 31, 2026?",True,2026-08-21T16:42:55+00:00,2027-01-01T05:00:00+00:00,"[""Yes"", ""No""]","[1.0, 0.0]",Yes,resolved
0xb25f40bb52538e79ce94a4173681f2b8f603548e4d83b78c0c5a561d504da67c,"Will Hibachi launch a token by June 30, 2026?",True,2026-07-01T08:04:52+00:00,2027-01-01T05:00:00+00:00,"[""Yes"", ""No""]","[0.0, 1.0]",No,resolved
0xb2894eb020b5423d702c66ba412cc4d7a09cd1aedf0a27aa332a064dd0db22c7,Zama FDV above $500M one day after launch?,True,2026-02-03T23:13:32+00:00,2027-01-01T05:00:00+00:00,"[""Yes"", ""No""]","[0.0, 1.0]",No,resolved
0xb2f7dc9439fde732c0586302b1be0d46bc41a917e5338b8924b3557be944dcef,Will SpaceX's public ticker be $X?,True,2026-06-12T17:01:33+00:00,2027-12-31T00:00:00+00:00,"[""Yes"", ""No""]","[0.0, 1.0]",No,resolved
0xb3107910941bedc37b5e559be93e24285aabb8af59f0d2bd92c76e0bc3e9e8cd,"Will Bitcoin dip to $85,000 by December 31, 2026?",True,2025-12-01T15:42:30+00:00,2027-01-01T05:00:00+00:00,"[""Yes"", ""No""]","[1.0, 0.0]",Yes,resolved
0xb315c9af354537c361bb137e5a62be8d431999d8d8d7354de802a0e3cdbaa66b,"Will Opinion launch a token by February 28, 2026?",True,2026-03-01T09:10:25+00:00,2027-01-01T05:00:00+00:00,"[""Yes"", ""No""]","[0.0, 1.0]",No,resolved
0xb384c773b6ec0350dcdee89e8ffdaa23ea28a8f278ae8738b0afa89f88bddebb,"Will Citrea launch a token by June 30, 2027?",True,2026-05-26T23:17:40+00:00,2028-01-01T05:00:00+00:00,"[""Yes"", ""No""]","[1.0, 0.0]",Yes,resolved
0xb3f50fcd43ac38918536ca43754eceaccd0ef3cd6d1d860d718b52d9f988f418,EdgeX FDV above $600M one day after launch?,True,2026-04-01T22:41:43+00:00,2027-01-01T05:00:00+00:00,"[""Yes"", ""No""]","[1.0, 0.0]",Yes,resolved
0xb428de8265cc086095dfbf6f81457b532cc3c22f05410a8a591c05fbd97fe0f1,Backpack FDV above $2B one day after launch?,True,2026-03-24T22:31:21+00:00,2027-01-01T05:00:00+00:00,"[""Yes"", ""No""]","[0.0, 1.0]",No,resolved
0xb4c016559241e5e83f308c26828bc53247c75edb40fd50d44d8111217ebf1a55,Will Paradex launch a token by April 30 2026?,True,2026-03-05T20:26:47+00:00,2027-01-01T05:00:00+00:00,"[""Yes"", ""No""]","[1.0, 0.0]",Yes,resolved
0xb52f46f45988537fcbd44da86ca88066b4560588136d8939c61a90b7b645a816,"Will Zcash dip to $300 by December 31, 2026?",True,2026-01-31T20:39:00+00:00,2027-01-01T05:00:00+00:00,"[""Yes"", ""No""]","[1.0, 0.0]",Yes,resolved
0xb53a092314b7e827319875ab8c9074272222e549db95373ff683b52d101b71f0,Sentio FDV above $100M one day after launch?,True,2026-04-16T22:49:40+00:00,2028-01-01T05:00:00+00:00,"[""Yes"", ""No""]","[0.0, 1.0]",No,resolved
0xb585cd16f407ffa428229ebe42f7ea663bc25a72443f82be740762ad36f7da6f,"Will Chainlink dip to $8 by December 31, 2026?",True,2026-02-05T23:06:29+00:00,2027-01-01T05:00:00+00:00,"[""Yes"", ""No""]","[1.0, 0.0]",Yes,resolved
0xb5b0b96b5114b4672851d528dcb95eae866e75c38806dc7100cf2c9691311cc8,Will January be the best month for Bitcoin in 2026?,True,2026-04-01T03:25:47+00:00,2027-01-01T05:00:00+00:00,"[""Yes"", ""No""]","[0.0, 1.0]",No,resolved
0xb677cba53e044c82022f945a719713f639a664cae21f48d28f61ab9a8df835b6,Zama auction clearing price above $0.05?,True,2026-01-26T13:56:19+00:00,2027-01-01T05:00:00+00:00,"[""Yes"", ""No""]","[0.0, 1.0]",No,resolved
0xb6795e4bc4f4296ff07e50bf9f867dd9f4bb7595fe83ab6cdbd892027749085c,Will Dricus Du Plessis fight Joe Pyfer next?,True,2026-10-04T07:14:10+00:00,2027-04-01T00:00:00+00:00,"[""Yes"", ""No""]","[0.0, 1.0]",No,resolved
0xb6bc47a06f0496aaf8d217a92703d06b84b77a3ba9e259741aed8f8ed1c91ea4,Pharos FDV above $1.5B one day after launch?,True,2026-04-29T23:31:32+00:00,2028-01-01T05:00:00+00:00,"[""Yes"", ""No""]","[0.0, 1.0]",No,resolved
0xb6cb8463376952fd97a9ead76f8cdc898b68a4df3e8a777d18dd51f558ccf384,"Will ETHGAS launch a token by December 31, 2026?",True,2026-01-21T18:36:50+00:00,2027-01-01T05:00:00+00:00,"[""Yes"", ""No""]","[1.0, 0.0]",Yes,resolved
0xb75088638bca30897ec6be71f5bf3578f18b52f397547e148e642daaddf50de8,Canton FDV above $3B one day after launch?,True,2025-11-12T06:35:17+00:00,2027-01-01T05:00:00+00:00,"[""Yes"", ""No""]","[1.0, 0.0]",Yes,resolved
0xb779d1e073a2bbf0a0a4b0bedf40d4760801f35677e53141d28f6387a846a3c9,Harmonix FDV above $15M one day after launch?,True,2025-12-20T21:01:05+00:00,2027-01-01T05:00:00+00:00,"[""Yes"", ""No""]","[0.0, 1.0]",No,resolved
0xb79f86f606a995e13997e51c1eac366143b05b2d07641012d376502c00f867d6,Based FDV above $100M one day after launch?,True,2026-03-31T22:17:41+00:00,2027-01-01T05:00:00+00:00,"[""Yes"", ""No""]","[1.0, 0.0]",Yes,resolved
0xb7ed997b25499dcd73adeb739ab4c97705e8130fe03b2e7b8b1a525cbb6437fa,Moonbirds FDV above $500M one day after launch?,True,2026-01-29T23:27:10+00:00,2027-01-01T05:00:00+00:00,"[""Yes"", ""No""]","[0.0, 1.0]",No,resolved
0xb7fdfc91f5395579004afa139466b9396b2482d550ebf9ec6d25c054820820c3,Lighter FDV above $1B one day after launch?,True,2026-01-01T00:10:15+00:00,2027-01-01T05:00:00+00:00,"[""Yes"", ""No""]","[1.0, 0.0]",Yes,resolved
0xb83b8f5249532d56fa9a5e4b6973f273d04de16804c6e35a4de81c72806b2d8e,Will Helen Ogbu win the 2026 Galway West by-election?,True,2026-05-24T21:33:49+00:00,2027-03-31T00:00:00+00:00,"[""Yes"", ""No""]","[0.0, 1.0]",No,resolved
0xb83e7f7034ac55d793edd4f051ae56a01a786ed297b88f61bedcbe284d64d9ef,Concrete FDV above $100M one day after launch?,True,2026-10-01T22:01:27+00:00,2028-01-01T05:00:00+00:00,"[""Yes"", ""No""]","[1.0, 0.0]",Yes,resolved
0xb84e052e28d46ed6de1b7cd082260b133ee5e08a4184780c346a0eae0a742452,"Will the U.S. 30-year Fixed-Rate Mortgage hit 7.00% (HIGH) by December 31, 2026?",True,2026-09-24T19:20:44+00:00,2027-01-15T04:59:00+00:00,"[""Yes"", ""No""]","[1.0, 0.0]",Yes,resolved
0xb87dc64863dcd536659e991d48a251fb4103d2740defce9b3de061ada1558f17,"Will MegaETH launch a token by December 31, 2026?",True,2026-04-30T13:49:12+00:00,2027-01-01T05:00:00+00:00,"[""Yes"", ""No""]","[1.0, 0.0]",Yes,resolved
0xb8d4f645345265faa4b7ab8082e5610b695561c412fd86be89fcc3661122a1a4,Will Marine Le Pen announce their candidacy for the 2027 French presidential election in 2026?,True,2026-07-09T11:18:56+00:00,2027-04-18T23:59:00+00:00,"[""Yes"", ""No""]","[1.0, 0.0]",Yes,resolved
0xb91e4f457666682560e0385d7245534cefeadcabeac874848409bac58e2e7d73,Will Dan Hooker fight Charles Oliveira next?,True,2026-10-04T05:09:31+00:00,2027-03-01T04:59:00+00:00,"[""Yes"", ""No""]","[0.0, 1.0]",No,resolved
0xb97711083adb39b218473a5b5c564944e0841a3cb566f5d3fe1bbddd7e5d90a6,Arcium FDV above $300M one day after launch?,True,2026-06-23T22:03:46+00:00,2028-01-01T05:00:00+00:00,"[""Yes"", ""No""]","[1.0, 0.0]",Yes,resolved
0xb98a8a90a68f829a1f2890f6e3ac5eeef3d65965bae4b0bac77cd4fae8b98bc1,Will Fomo launch a token by March 31 2026?,True,2026-04-01T08:15:13+00:00,2027-01-01T05:00:00+00:00,"[""Yes"", ""No""]","[0.0, 1.0]",No,resolved
0xba0035fa1359a44d3f0ad8255f62208d41329c1dc37883c8010862527c596933,Another crypto hack over $100m by April 30?,True,2026-05-01T08:25:56+00:00,2027-01-01T05:00:00+00:00,"[""Yes"", ""No""]","[0.0, 1.0]",No,resolved
0xba035c08d62311e94910425fd935f9beccdf11aa0861b181a236329b12c50365,Will Hyperliquid's HIP-4 upgrade go live on mainnet by June 30?,True,2026-05-02T10:53:48+00:00,2027-01-01T05:00:00+00:00,"[""Yes"", ""No""]","[1.0, 0.0]",Yes,resolved
0xba8cc8e881ed2ebad0e4c1671fa9fd66a7022e1efba15add6d64c37d92eac8ec,Will Almanak FDV above $80M one day after launch?,True,2025-12-14T02:49:39+00:00,2027-01-01T05:00:00+00:00,"[""Yes"", ""No""]","[0.0, 1.0]",No,resolved
0xbab8bb65ec64719ebafd0891e606f6b7a24a776f537a5c53ceb2994bfd7d8184,Will Ilia Topuria fight Charles Oliveira next?,True,2026-10-04T07:12:41+00:00,2027-03-01T04:59:00+00:00,"[""Yes"", ""No""]","[0.0, 1.0]",No,resolved
0xbac1d26ff52af7fecbafe75cc5abbb88b2801868501f9ec22984d0fcea609e9e,Will Citigroup or any of its underwriting affiliates serve as the lead underwriter in SpaceX’s initial public offering?,True,2026-05-24T06:27:43+00:00,2027-12-31T00:00:00+00:00,"[""Yes"", ""No""]","[0.0, 1.0]",No,resolved
0xbad86ba21807056824d037b1f9a6051aa235a29722b2f3694409f97ca6c20328,Will Wells Fargo or any of its underwriting affiliates serve as the lead underwriter in SpaceX’s initial public offering?,True,2026-05-24T05:25:46+00:00,2027-12-31T00:00:00+00:00,"[""Yes"", ""No""]","[0.0, 1.0]",No,resolved
0xbaee4973805851567c20a8f3f4fb48712fbdf09d027a0b0290397e7036ae06b3,Bitway FDV above $100M one day after launch?,True,2026-03-04T10:39:05+00:00,2027-01-01T05:00:00+00:00,"[""Yes"", ""No""]","[1.0, 0.0]",Yes,resolved
0xbb5b205e1cd2fc989bf8130d1b73537eb9e1068fbe33270ba7881f4e2b134a3b,Owlto FDV above $500M one day after launch?,True,2026-01-17T02:17:00+00:00,2027-01-01T05:00:00+00:00,"[""Yes"", ""No""]","[0.0, 1.0]",No,resolved
0xbbaaea7dd6962aa7baf0ffd2fbce081206e0a4f125513b7bb26317f9aac6c995,Will Infrared launch a token by September 30 2026?,True,2025-12-18T14:22:36+00:00,2027-01-01T05:00:00+00:00,"[""Yes"", ""No""]","[1.0, 0.0]",Yes,resolved
0xbc691aab089e310928d55d356f5de9abe2e7ad71bddeb48070ded5ef94f82951,Will April be the best month for Bitcoin in 2026?,True,2026-09-01T08:27:00+00:00,2027-01-01T05:00:00+00:00,"[""Yes"", ""No""]","[0.0, 1.0]",No,resolved
0xbc7d5e7ec8150a51d706533126aff94f72b4a601d86c1ea0af0f27440ece91e6,Aligned FDV above $500M one day after launch?,True,2026-08-21T22:02:33+00:00,2028-01-01T05:00:00+00:00,"[""Yes"", ""No""]","[0.0, 1.0]",No,resolved
0xbcd5270513cd50666209999f61e972caf54793465dff6ced4de5bcf28992ec3a,Concrete FDV above $1B one day after launch?,True,2026-10-01T22:01:27+00:00,2028-01-01T05:00:00+00:00,"[""Yes"", ""No""]","[0.0, 1.0]",No,resolved
0xbcf57b63ecb0c09cc966552e65e30e81dec8e042cfde8ae0cab74889fdc099ca,Will Donald Trump visit Illinois in 2026?,True,2026-09-27T18:23:20+00:00,2027-01-02T04:59:00+00:00,"[""Yes"", ""No""]","[1.0, 0.0]",Yes,resolved
0xbd4ba88a6d2a33f904d1eec67989a7910f4738c8ee0a047031dfb48bfcc1c5bd,Will Justin Gaethje fight Charles Oliveira next?,True,2026-10-04T05:09:31+00:00,2027-03-01T04:59:00+00:00,"[""Yes"", ""No""]","[0.0, 1.0]",No,resolved
0xbd55722dfa97cf72e6853a23e96e950578324c2cc95b86b1024358792224efa0,Solstice FDV above $50M one day after launch?,True,2026-05-26T22:21:05+00:00,2027-01-01T05:00:00+00:00,"[""Yes"", ""No""]","[1.0, 0.0]",Yes,resolved
0xbe95b6388af165365e11d61f248211ace2d7625f00dc5cde2ee2b8da80b6146d,Over $2M committed to the Foresee public sale?,True,2026-02-09T11:52:23+00:00,2027-01-01T05:00:00+00:00,"[""Yes"", ""No""]","[0.0, 1.0]",No,resolved
0xbf2a299f130a270f9eb272d3fc9414712b1887e3d92b5bcf802a3f86a15d5162,USD.AI FDV above $100M one day after launch?,True,2026-04-23T00:25:54+00:00,2027-01-01T05:00:00+00:00,"[""Yes"", ""No""]","[1.0, 0.0]",Yes,resolved
0xc05314adbc1435df0d94548fd678218aeda536676bdfb3cca47c119b58281237,Over $10M committed to the Fabric public sale?,True,2026-02-03T04:51:08+00:00,2027-01-01T05:00:00+00:00,"[""Yes"", ""No""]","[0.0, 1.0]",No,resolved
0xc065009d2b92b9aaadd59353b7cbfc00261ac892552fc8608a9f7fdb051dba07,USD.AI FDV above $650M one day after launch?,True,2026-04-23T00:30:02+00:00,2027-01-01T05:00:00+00:00,"[""Yes"", ""No""]","[1.0, 0.0]",Yes,resolved
0xc070b151788030ecfce8e5633059925d7267313a450397d1f8da34a01b944dde,Paradex FDV above $3B one day after launch?,True,2026-03-07T00:12:29+00:00,2027-01-01T05:00:00+00:00,"[""Yes"", ""No""]","[0.0, 1.0]",No,resolved
0xc0d2d5a8105285585697e092739d2968e8a135013af69f83771baaf0e0c07408,EdgeX FDV above $500M one day after launch?,True,2026-04-01T22:35:41+00:00,2027-01-01T05:00:00+00:00,"[""Yes"", ""No""]","[1.0, 0.0]",Yes,resolved
0xc0e1357072ef2afadc0eefcf2ca96196295cea2bff45cd3f64df79e7717a38f3,P2P FDV above $50M one day after launch?,True,2026-04-03T04:41:59+00:00,2028-01-01T05:00:00+00:00,"[""Yes"", ""No""]","[0.0, 1.0]",No,resolved
0xc0f7b4481c0cf02f11f644768bcb26ec3bb05139e7e37c848d7a2110ceed30bd,Pharos FDV above $100M one day after launch?,True,2026-04-29T23:34:34+00:00,2028-01-01T05:00:00+00:00,"[""Yes"", ""No""]","[1.0, 0.0]",Yes,resolved
0xc0fc13543bdae33fafe758bfdcf4d2114f4d8fa13e3ae841117d0c9ca421ae76,"Will Tread launch a token by June 30, 2026?",True,2026-07-01T10:52:11+00:00,2027-01-01T05:00:00+00:00,"[""Yes"", ""No""]","[0.0, 1.0]",No,resolved
0xc1605e014bde823e2760f7d850e0b36a2b2e6826c4a214d7b090716bb43cddcc,Will Andrew Bailey be the next Red Sox manager?,True,2026-09-23T08:51:41.923456+00:00,2027-02-01T04:59:00+00:00,"[""Yes"", ""No""]","[0.0, 1.0]",No,resolved
0xc18f9689dc7cd627ece86915847c300c47f34b44aa0ca42b4d6534f6894b5c8b,Rainbow FDV above $30M one day after launch?,True,2026-02-07T00:27:23+00:00,2027-01-01T05:00:00+00:00,"[""Yes"", ""No""]","[1.0, 0.0]",Yes,resolved
0xc1cd7ce32ca6ad64057e8dc3b282342cb7fafdb515454eaec3d1e17b92fe48a2,Over $18M committed to the Space public sale?,True,2026-01-17T00:56:26+00:00,2027-01-01T05:00:00+00:00,"[""Yes"", ""No""]","[1.0, 0.0]",Yes,resolved
0xc2150b8d0f7160c0d86a4133b71cba73f5c21b12b8a96a146ac735bb9f46acfa,Based FDV above $3B one day after launch?,True,2026-04-01T00:49:43+00:00,2027-01-01T05:00:00+00:00,"[""Yes"", ""No""]","[0.0, 1.0]",No,resolved
0xc216c3d9711fa72c8a4b0d25c7fdba4e424a14bb9789dc5e557c7536f2572b70,Pharos FDV above $1B one day after launch?,True,2026-04-29T23:27:30+00:00,2028-01-01T05:00:00+00:00,"[""Yes"", ""No""]","[0.0, 1.0]",No,resolved
0xc238573ecdeee40a6a12daf31ca641df256303787d29c4b5bb32d90e2fe7ac95,"Will Paradex launch a token by May 31, 2026?",True,2026-03-05T20:25:53+00:00,2027-01-01T05:00:00+00:00,"[""Yes"", ""No""]","[1.0, 0.0]",Yes,resolved
0xc242852f7de4410d243c0aca4eace6890f66fa2011e1f37a48753d55ee979744,R2 FDV above $300M one day after launch?,True,2026-04-01T10:12:09+00:00,2028-01-01T05:00:00+00:00,"[""Yes"", ""No""]","[0.0, 1.0]",No,resolved
0xc2803376f8cfab2bc1bc7ee77759785decb1d47946a5f76eb27aeb0448df7ca5,"Will GRVT launch a token by March 31, 2026?",True,2026-04-01T08:45:17+00:00,2027-01-01T05:00:00+00:00,"[""Yes"", ""No""]","[0.0, 1.0]",No,resolved
0xc2a5288cfb90005abfbf15b5c5fd963a891a1f41373c9f52797e10a6274de37f,Opinion FDV above $500M one day after launch?,True,2026-03-06T23:46:23+00:00,2027-01-01T05:00:00+00:00,"[""Yes"", ""No""]","[0.0, 1.0]",No,resolved
0xc2b3271feb6086186483f74883b31cf018996505827f4a23a1cc86ef03c5d9c4,"Will Hyperliquid reach $80 by December 31, 2026?",True,2026-08-22T04:37:42+00:00,2027-01-01T05:00:00+00:00,"[""Yes"", ""No""]","[1.0, 0.0]",Yes,resolved
0xc373f82e9472779046f4aff5c73d4f8b0494673ea02c61c9c96e19d70c1b6e10,Aligned FDV above $800M one day after launch?,True,2026-08-21T22:02:33+00:00,2028-01-01T05:00:00+00:00,"[""Yes"", ""No""]","[0.0, 1.0]",No,resolved
0xc3aa04e7a7f40dac95e69e768eca1fdf20193ee11604f7dadb98a27cc1bf9d83,R2 FDV above $200M one day after launch?,True,2026-04-01T10:12:11+00:00,2028-01-01T05:00:00+00:00,"[""Yes"", ""No""]","[0.0, 1.0]",No,resolved
0xc3ba4eed1df33263e17d11f3a11609d595c6e919a58a5da9696f774a3d2035f9,"Will Hibachi launch a token by March 31, 2026?",True,2026-04-01T08:17:05+00:00,2027-01-01T05:00:00+00:00,"[""Yes"", ""No""]","[0.0, 1.0]",No,resolved
0xc42d2ae59827c2d522d6bf067687aa8892c05ca15e734e5cd03faa10fbb1d5eb,"Will Oro launch a token by March 31, 2026?",True,2026-04-01T08:44:15+00:00,2027-01-01T05:00:00+00:00,"[""Yes"", ""No""]","[0.0, 1.0]",No,resolved
0xc45d7336d2c1912b319bfc1cdab4b054dec22e20cfda740de3e1998ab1412103,"Will Kodiak launch a token by March 31, 2026?",True,2025-12-24T07:53:45+00:00,2027-01-01T05:00:00+00:00,"[""Yes"", ""No""]","[1.0, 0.0]",Yes,resolved
0xc4cc85119f59c5ce34cde02048502fb1f4da008e69eac71789eff1f0a5399c62,HumidiFi FDV above $300M one day after launch?,True,2025-12-11T03:42:53+00:00,2027-01-01T05:00:00+00:00,"[""Yes"", ""No""]","[0.0, 1.0]",No,resolved
0xc508ff0789227d5b30afa1f45465864b470cdd2d6e5ff72fe72fdd10462a98c7,Zama FDV above $400M one day after launch?,True,2026-02-03T23:14:16+00:00,2027-01-01T05:00:00+00:00,"[""Yes"", ""No""]","[0.0, 1.0]",No,resolved
0xc517b6dcbae1b769dcd81a56c5bdde73ee5bf9b91e60c6dc5ebb1e6f2445a6d6,"Will MegaETH launch a token by April 30, 2026?",True,2026-04-30T13:48:14+00:00,2027-01-01T05:00:00+00:00,"[""Yes"", ""No""]","[1.0, 0.0]",Yes,resolved
0xc53e5d334fd60c52660ae22981a5e8e2c63f0fb1c9d5a94b6b766fee1a4aef22,"Will Hyperliquid reach $62 by December 31, 2026?",True,2026-05-21T18:24:41+00:00,2027-01-01T05:00:00+00:00,"[""Yes"", ""No""]","[1.0, 0.0]",Yes,resolved
0xc5ad231e589802696edede8f630bd052dd937f437a8a72467577aaa24baf6404,Bitcoin -10% daily candle change in 2026?,True,2026-02-06T02:27:53+00:00,2027-01-01T05:00:00+00:00,"[""Yes"", ""No""]","[1.0, 0.0]",Yes,resolved
0xc5bbe53716a3546e876a75185d85c6d6f42c0776bfac5dede60fdc23f775f151,Hyperlend FDV above $50M one day after launch?,True,2026-02-27T23:28:57+00:00,2027-01-01T05:00:00+00:00,"[""Yes"", ""No""]","[0.0, 1.0]",No,resolved
0xc658ad4f6d18f447fedbb6cb822258478ceacba434898b77451e12b5a642c6b0,Pharos FDV above $300M one day after launch?,True,2026-04-29T23:36:54+00:00,2028-01-01T05:00:00+00:00,"[""Yes"", ""No""]","[1.0, 0.0]",Yes,resolved
0xc69c3c08a39cb2e5e4cb3616e03c73ae101de78c40cc69e113adcc6f6142bb72,Bitcoin -7% daily candle change in 2026?,True,2026-02-06T02:28:55+00:00,2027-01-01T05:00:00+00:00,"[""Yes"", ""No""]","[1.0, 0.0]",Yes,resolved
0xc6dde70ab2b14d0c21b3c638252b0d68790e0c884d98051f12821ad5f2a0a63e,Owlto FDV above $800M one day after launch?,True,2026-01-17T01:35:38+00:00,2027-01-01T05:00:00+00:00,"[""Yes"", ""No""]","[0.0, 1.0]",No,resolved
0xc72ad4bb4de75c1b745c3135c52d6451f910c1161d7be60a37e9db0e96ffc533,"Will Bitcoin dip to $65,000 by December 31, 2026?",True,2026-02-05T22:30:49+00:00,2027-01-01T05:00:00+00:00,"[""Yes"", ""No""]","[1.0, 0.0]",Yes,resolved
0xc7a8093807994979cde10054f006294b4a0867dabfabc6e0bdc606198a12570a,Zama auction clearing price above $0.14?,True,2026-01-26T14:46:35+00:00,2027-01-01T05:00:00+00:00,"[""Yes"", ""No""]","[0.0, 1.0]",No,resolved
0xc7af6cffebfc1c0d3b19d66a2495a19a12b41a63af98e40d70f2bc710c7f1561,Will SpaceX's market cap be less than $500B at market close on IPO day?,True,2026-06-12T23:14:57+00:00,2027-12-31T00:00:00+00:00,"[""Yes"", ""No""]","[0.0, 1.0]",No,resolved
0xc8034ffc35d47f966646cd1807900b415365f759bac771e3d7d9cfce3cf2a9ea,Will SpaceX's market cap be between $1.6T and $1.8T at market close on IPO day?,True,2026-06-12T23:21:57+00:00,2027-12-31T00:00:00+00:00,"[""Yes"", ""No""]","[0.0, 1.0]",No,resolved
0xc80f525c15134106441c7e30b036457dd10cf82a6ef118a53ac2914e5a6625e4,Will the Bitcoin Volatility Index hit 70 in 2026?,True,2026-02-05T17:59:17+00:00,2027-01-01T05:00:00+00:00,"[""Yes"", ""No""]","[1.0, 0.0]",Yes,resolved
0xc81e6a265619f929e72f34df78ae24c537dd91e18b092e060ce2c184a46f20f8,Space FDV above $200M one day after launch?,True,2026-04-30T22:41:02+00:00,2027-01-01T05:00:00+00:00,"[""Yes"", ""No""]","[0.0, 1.0]",No,resolved
0xc88b7a1bdd9824f94bf4b425b69557ab9aa468f1959302a8b73de3e835d06ff5,Nexus FDV above $100M one day after launch?,True,2026-05-21T23:27:10+00:00,2028-01-01T05:00:00+00:00,"[""Yes"", ""No""]","[1.0, 0.0]",Yes,resolved
0xc8eed625ab40e91468c52dea2cb370de32c48d6237eb2dc442c0ed4b8436f5a8,Nebula3 FDV above $500M one day after launch?,True,2026-03-12T22:30:25+00:00,2028-01-01T05:00:00+00:00,"[""Yes"", ""No""]","[0.0, 1.0]",No,resolved
0xc8ffdf3d1a06c14514cfaddb83c7827cc8df40bbf2d9ccf50eebac27c815dec5,Nexus FDV above $800M one day after launch?,True,2026-05-21T23:23:57+00:00,2028-01-01T05:00:00+00:00,"[""Yes"", ""No""]","[0.0, 1.0]",No,resolved
0xc92b5a84c1a62cc8b5f1bf2aa954a490e627a1a4bbffde4cffe13eb21c46337f,Will David Ross be the next Red Sox manager?,True,2026-09-23T08:50:11+00:00,2027-02-01T04:59:00+00:00,"[""Yes"", ""No""]","[0.0, 1.0]",No,resolved
0xc9def46c9ae53e486c80b6cb1a5920770aa8c337502dfb2fe797b9f501fa1466,Yellow FDV above $800M one day after launch?,True,2026-03-09T23:36:49+00:00,2028-01-01T05:00:00+00:00,"[""Yes"", ""No""]","[0.0, 1.0]",No,resolved
0xca2bb70a7fb1f1ad10f9f39ac6f3f866cebd20fa8929ec2cc5a745f7eb421f3b,Fogo FDV above $3B one day after launch?,True,2026-01-16T23:53:30+00:00,2027-01-01T05:00:00+00:00,"[""Yes"", ""No""]","[0.0, 1.0]",No,resolved
0xca59d35c818a62f8b3e3a533733cf1bbb870147be0eabdeb2b337a56db6ab978,Over $100M committed to the Infinex public sale?,True,2026-01-10T08:27:30+00:00,2027-01-01T05:00:00+00:00,"[""Yes"", ""No""]","[0.0, 1.0]",No,resolved
0xcabe62d1adaa6d04215925a44b608ebcc50f0eb6100aab7acc1fbce70e840e56,Kodiak FDV above $25M one day after launch?,True,2025-12-25T04:33:49+00:00,2027-01-01T05:00:00+00:00,"[""Yes"", ""No""]","[1.0, 0.0]",Yes,resolved
0xcad388a016c4ccb9a4bc07549f802d60675d9a5ebb7b0e221cf2efef5f067e16,EdgeX FDV above $2B one day after launch?,True,2026-04-01T22:35:39+00:00,2027-01-01T05:00:00+00:00,"[""Yes"", ""No""]","[0.0, 1.0]",No,resolved
0xcae88d20c5b174edd1f31ba169dacbbd4d197cbf85fbdb6b496ea18f98ba5d58,Lighter Airdrop on January 3?,True,2025-12-30T10:49:41+00:00,2027-01-01T05:00:00+00:00,"[""Yes"", ""No""]","[0.0, 1.0]",No,resolved
0xcb2538e3d5d911643b51e824d8e4f3225fc7688bc3fbcd7af6b639eba8d2f245,Trove FDV above $100M one day after launch?,True,2026-01-21T00:58:04+00:00,2027-01-01T05:00:00+00:00,"[""Yes"", ""No""]","[0.0, 1.0]",No,resolved
0xcb2590940a775f32cc1e2f550ef5237148dcbc5474f60455ab26054f76645d02,Over $5M committed to the Sol Raffle public sale?,True,2026-01-23T03:59:54+00:00,2027-01-01T05:00:00+00:00,"[""Yes"", ""No""]","[0.0, 1.0]",No,resolved
0xcbb539ff4f83cf45713ac7188ccb85a8ae7b3af2d183ecd25547e2bc75c4b3e1,EdgeX FDV above $300M one day after launch?,True,2026-04-01T22:33:39+00:00,2027-01-01T05:00:00+00:00,"[""Yes"", ""No""]","[1.0, 0.0]",Yes,resolved
0xcbca4926398df4622033099a661c591c5d5b62f3ac11e1dc871c2a7592c74e32,Ethereum flipped in 2026?,True,2026-06-05T21:08:12+00:00,2027-01-01T05:00:00+00:00,"[""Yes"", ""No""]","[1.0, 0.0]",Yes,resolved
0xcbdb2e92c53471c44cd5c67eefa9ec9b5cca77016c31bb4e69c80b144896cce5,Owlto FDV above $200M one day after launch?,True,2026-01-17T02:43:56+00:00,2027-01-01T05:00:00+00:00,"[""Yes"", ""No""]","[1.0, 0.0]",Yes,resolved
0xcc5494faf5ceca60a77a46db255b8c8e30b1bcc7d94d9138f5d4e945bba1ad34,Based FDV above $500M one day after launch?,True,2026-04-01T00:46:45+00:00,2027-01-01T05:00:00+00:00,"[""Yes"", ""No""]","[0.0, 1.0]",No,resolved
0xcc891b321571f0464237e791ca70fdf88138c1445aba37044b824e8ed20667b5,OpenGradient FDV above $50M one day after launch?,True,2026-04-23T00:26:02+00:00,2028-01-01T05:00:00+00:00,"[""Yes"", ""No""]","[1.0, 0.0]",Yes,resolved
0xcc8de4d8c83923a2740a2e57d20121550cde1ad0c557c2637cde1d04b7c176d1,"Will Hyperliquid dip to $32 by December 31, 2026?",True,2025-11-25T19:25:43+00:00,2027-01-01T05:00:00+00:00,"[""Yes"", ""No""]","[1.0, 0.0]",Yes,resolved
0xccd414509ce3550b33c600d978743c2109390ca403345598a64d2d6bec9c9f2d,"Will UNI reach $8.00 by December 31, 2026?",True,2026-09-18T15:43:24+00:00,2027-01-01T05:00:00+00:00,"[""Yes"", ""No""]","[1.0, 0.0]",Yes,resolved
0xccd84a337ab47d1ee35bc860e573c8635f387f68944af092b4581924a2f70622,Sentio FDV above $500M one day after launch?,True,2026-04-16T22:51:30+00:00,2028-01-01T05:00:00+00:00,"[""Yes"", ""No""]","[0.0, 1.0]",No,resolved
0xcce8b41724f1340f65ea26e0d4084e9d091a71446a456b480fd2550b0f70a3fa,"Will OpenSea launch a token by September 30, 2026?",True,2026-10-01T06:02:29+00:00,2027-01-01T05:00:00+00:00,"[""Yes"", ""No""]","[0.0, 1.0]",No,resolved
0xcd7f93a5e2d0919298caceeb694b7541cb04ab3891698987c8f8686eaa30b01e,"Will o1 launch a token by December 31, 2026?",True,2026-06-18T09:35:46+00:00,2028-01-01T05:00:00+00:00,"[""Yes"", ""No""]","[1.0, 0.0]",Yes,resolved
0xcd9228e46e7ace46a2e18396932cb2f6336725d8d83877b51f95e1be9c5bdf8e,"Will Hyperliquid reach $70 by December 31, 2026?",True,2026-05-31T15:45:38+00:00,2027-01-01T05:00:00+00:00,"[""Yes"", ""No""]","[1.0, 0.0]",Yes,resolved
0xcdbf009a8942273f7360ee17db5cf838626f2fbedf989d11e290904534d12a5e,Over $15M committed to the Fabric public sale?,True,2026-02-03T04:52:08+00:00,2027-01-01T05:00:00+00:00,"[""Yes"", ""No""]","[0.0, 1.0]",No,resolved
0xce2c89e6dbc3a499d8f7b54096da5f6cfe34002efded9f3e9b9922f97829927e,Zama FDV above $300M one day after launch?,True,2026-02-03T23:09:50+00:00,2027-01-01T05:00:00+00:00,"[""Yes"", ""No""]","[1.0, 0.0]",Yes,resolved
0xceb6208565343e8d5ad1878b6bd8ef56aaa1351f599a72ffa245c876cfdfc787,Mezo FDV above $600M one day after launch?,True,2026-04-03T03:14:23+00:00,2027-01-01T05:00:00+00:00,"[""Yes"", ""No""]","[0.0, 1.0]",No,resolved
0xcedf3a9888808e3a0400733eae21200f846850d653177702e92c6d0dfba2f1c8,Will Miranda McWhorter be cast in Dancing With the Stars: Season 35?,True,2026-09-17T09:39:07+00:00,2027-03-31T00:00:00+00:00,"[""Yes"", ""No""]","[0.0, 1.0]",No,resolved
0xceeb2f39cfde8f6a356432824904fccb69f2f923b7e7af1ef97abdfb1c6cf068,OpenGradient FDV above $100M one day after launch?,True,2026-04-23T00:30:10+00:00,2028-01-01T05:00:00+00:00,"[""Yes"", ""No""]","[1.0, 0.0]",Yes,resolved
0xceeb5ccf0605d035f5e4410ad1323e9c6a365d3ad9a51d10ad49629417a1a785,Trove FDV above $40M one day after launch?,True,2026-01-21T00:56:06+00:00,2027-01-01T05:00:00+00:00,"[""Yes"", ""No""]","[0.0, 1.0]",No,resolved
0xcfa7530e73ac5aac46e4673e2837a49203849bff3eeacd427aec1c7a9a05c34a,Billions FDV above $200M one day after launch?,True,2026-05-05T22:54:32+00:00,2028-01-01T05:00:00+00:00,"[""Yes"", ""No""]","[1.0, 0.0]",Yes,resolved
0xcffb94c02ef7a6ffaab9ce5ae8c68c34aa3a470d87d8185d2b68ed6a0b9eec24,Will March be the best month for Bitcoin in 2026?,True,2026-05-01T03:29:48+00:00,2027-01-01T05:00:00+00:00,"[""Yes"", ""No""]","[0.0, 1.0]",No,resolved
0xd0722d0ac25d25e694e32dc4081c5a3107548061223e637aeac91d5b39f60563,Space FDV above $140M one day after launch?,True,2026-04-30T22:41:02+00:00,2027-01-01T05:00:00+00:00,"[""Yes"", ""No""]","[0.0, 1.0]",No,resolved
0xd11b4b0f093fa3c9fe085680cb618fe93540b6c1f7a360bb2c33b52d5c8fddfa,"Will Pump.fun reach $0.0058 by December 31, 2026?",True,2026-09-30T14:35:54.411333+00:00,2027-01-01T05:00:00+00:00,"[""Yes"", ""No""]","[1.0, 0.0]",Yes,resolved
0xd15bc502b75f6724f60f91838d2e2dcb12392f904edab6dc9751298cef70bba2,Concrete FDV above $50M one day after launch?,True,2026-10-01T22:01:27+00:00,2028-01-01T05:00:00+00:00,"[""Yes"", ""No""]","[1.0, 0.0]",Yes,resolved
0xd1813f0516dacd7033231ddfcb21238545642efab4dc6f7709427df390231f5c,Will Mateusz Gamrot fight Max Holloway next?,True,2026-05-17T05:39:15+00:00,2027-03-01T00:00:00+00:00,"[""Yes"", ""No""]","[0.0, 1.0]",No,resolved
0xd191a3c0525338543c11ebb123695ebd30c0b6348c92f096bdcfd333f66bd530,Aztec FDV above $150M one day after launch?,True,2026-02-13T23:25:17+00:00,2027-01-01T05:00:00+00:00,"[""Yes"", ""No""]","[1.0, 0.0]",Yes,resolved
0xd21ca201f1a5013b6a2afb82ae685bc5805986d9a62ad8a2529a147f38d64d52,Trove FDV above $20M one day after launch?,True,2026-01-21T00:56:04+00:00,2027-01-01T05:00:00+00:00,"[""Yes"", ""No""]","[0.0, 1.0]",No,resolved
0xd264b6cd7ec137ebdd5ac098029df4f9d3ea84abe1b5c2e709118de7b8a18bae,Superform FDV above $100M one day after launch?,True,2026-02-11T23:07:17+00:00,2027-01-01T05:00:00+00:00,"[""Yes"", ""No""]","[0.0, 1.0]",No,resolved
0xd2673a320699b6fb795cf6293e174c8b0ae944a268e0f883c5a0c13a26fb6168,Will CryptoPunks floor price reach 30 ETH before 2027?,True,2026-01-07T22:04:19+00:00,2027-01-01T05:00:00+00:00,"[""Yes"", ""No""]","[1.0, 0.0]",Yes,resolved
0xd2fe602e5b3143ed58ab60c7e93917be814cc6cd44884963092b3ce5ca1834b9,Will Theo launch a token by June 30 2026?,True,2026-07-01T08:23:53+00:00,2027-01-01T05:00:00+00:00,"[""Yes"", ""No""]","[0.0, 1.0]",No,resolved
0xd34f917ac43012929728ddc67274eb678d1a04b360742b5b48933934fdb956df,Moonbirds FDV above $300M one day after launch?,True,2026-01-29T23:25:24+00:00,2027-01-01T05:00:00+00:00,"[""Yes"", ""No""]","[0.0, 1.0]",No,resolved
0xd35e709855b45c07a5b88bbedceacd26f7e77a3d725b8fe539cea0c44874b4aa,"Will Zcash dip to $200 by December 31, 2026?",True,2026-02-06T03:26:33+00:00,2027-01-01T05:00:00+00:00,"[""Yes"", ""No""]","[1.0, 0.0]",Yes,resolved
0xd36a773850697d164d2e9ac0017fd91c5c06ab72e11cf87f3cbe0bf74d71f617,Flying Tulip FDV above $800M one day after launch?,True,2026-02-24T23:29:50+00:00,2027-01-01T05:00:00+00:00,"[""Yes"", ""No""]","[1.0, 0.0]",Yes,resolved
0xd393f0a6f8f3ab5bba841985fbe49acde453c9504600baa2bd3fb61e35789b0c,Stable FDV above $2B one day after launch?,True,2025-12-10T02:42:28+00:00,2027-01-01T05:00:00+00:00,"[""Yes"", ""No""]","[0.0, 1.0]",No,resolved
0xd3e4897fc52d1683e506cf0144b0f3aa5e3646eeea53b735f7aa0bd09e209a5a,Immunefi FDV above $800M one day after launch?,True,2026-01-24T03:11:40+00:00,2027-01-01T05:00:00+00:00,"[""Yes"", ""No""]","[0.0, 1.0]",No,resolved
0xd43e3ab3a56d5c642524142b47d616aa500bcf4cdc9024e70eb13855f4804b3c,Bitcoin 7% daily candle change in 2026?,True,2026-02-07T02:08:47+00:00,2027-01-01T05:00:00+00:00,"[""Yes"", ""No""]","[1.0, 0.0]",Yes,resolved
0xd4819adad2fcf34eb3a837cc1521c14cddd655e32b26e6b551cf4af6a408b4bd,Will Fogo launch a token by March 31 2026?,True,2026-01-15T15:42:44+00:00,2027-01-01T05:00:00+00:00,"[""Yes"", ""No""]","[1.0, 0.0]",Yes,resolved
0xd4d841659e8b1fe050980ec9b7deae31accc10e529082fe9468ef9699d11aec2,SpaceX IPO closing market cap above $1.8T?,True,2026-06-12T22:18:18+00:00,2027-12-31T00:00:00+00:00,"[""Yes"", ""No""]","[1.0, 0.0]",Yes,resolved
0xd57eed0d44f5b8ca54925d8d6ff440b146b3e6e071da18136ee3ee572d34479e,Russia x Ukraine ceasefire by end of 2027?,True,2026-05-09T02:07:01+00:00,2027-12-31T00:00:00+00:00,"[""Yes"", ""No""]","[1.0, 0.0]",,
0xd58919635eb532df77366c0580d8dd4ff2944f4e803329b47f5d8570da9413e4,Will Almanak FDV above $160M one day after launch?,True,2025-12-14T00:54:29+00:00,2027-01-01T05:00:00+00:00,"[""Yes"", ""No""]","[0.0, 1.0]",No,resolved
0xd638c61e552201ba3badd247a361aaa4a3440f15403483bff1e68eb0d6cdc7e3,o1 FDV above $100M one day after launch?,True,2026-06-18T22:03:32+00:00,2028-01-01T05:00:00+00:00,"[""Yes"", ""No""]","[1.0, 0.0]",Yes,resolved
0xd6bf67f2d7442155110760d4ea03bcbb9df07252b45919ebefbbcd45478c43e3,Brevis FDV above $200M one day after launch?,True,2026-01-07T23:17:47+00:00,2027-01-01T05:00:00+00:00,"[""Yes"", ""No""]","[1.0, 0.0]",Yes,resolved
0xd6d564528c3d17a3cf2425067d54807a48fda0991705816af769bce54c7de792,Cap FDV above $100M one day after launch?,True,2026-06-27T22:03:05+00:00,2028-01-01T05:00:00+00:00,"[""Yes"", ""No""]","[1.0, 0.0]",Yes,resolved
0xd71b4d93e2c29dcee5fa3079311f884e2a2ba8701134aa7ddd18f017bb3a7963,Flying Tulip FDV above $1.5B one day after launch?,True,2026-02-24T23:31:48+00:00,2027-01-01T05:00:00+00:00,"[""Yes"", ""No""]","[0.0, 1.0]",No,resolved
0xd75c8bd584a7b9c8e858ed5740f0a580249407b3961096ac5a945b5e3de91f5c,P2P FDV above $15M one day after launch?,True,2026-04-03T05:00:57+00:00,2028-01-01T05:00:00+00:00,"[""Yes"", ""No""]","[0.0, 1.0]",No,resolved
0xd7ac726f7876f557b90fa40a544be1358cb6d2f903db72e76cf32c7f64c15344,"Will GMGN launch a token by March 31, 2026?",True,2026-04-01T08:33:11+00:00,2027-01-01T05:00:00+00:00,"[""Yes"", ""No""]","[0.0, 1.0]",No,resolved
0xd7c9bc945aecca92094d4823dd15030d21d050a53a644c3f9a5e30e26a9148ee,Over $7M committed to the Bitway public sale?,True,2026-01-26T10:07:49+00:00,2027-01-01T05:00:00+00:00,"[""Yes"", ""No""]","[0.0, 1.0]",No,resolved
0xd867a7cf502287eb1a05834adeeb1c805590fe03aeaa736ebe0abd7e26406db3,Espresso FDV above $100M one day after launch?,True,2026-02-14T00:11:35+00:00,2028-01-01T05:00:00+00:00,"[""Yes"", ""No""]","[1.0, 0.0]",Yes,resolved
0xd8967fc6ffa37316f34648a57bc570a9f09e569e424107fac7cbea8303fb6da5,Will Islam Makhachev fight Max Holloway next?,True,2026-05-17T05:41:07+00:00,2027-03-01T00:00:00+00:00,"[""Yes"", ""No""]","[0.0, 1.0]",No,resolved
0xd955407ed2e58d1b9989b08bac580a148b050770f3f5104c0b01d03d6bcac9c0,Espresso FDV above $500M one day after launch?,True,2026-02-14T00:12:37+00:00,2028-01-01T05:00:00+00:00,"[""Yes"", ""No""]","[0.0, 1.0]",No,resolved
0xd98bd71f9e730990d3737e8bcd6c1b5cad3c4975ae359c031fea49ccff228521,EdgeX FDV above $1B one day after launch?,True,2026-04-01T22:35:37+00:00,2027-01-01T05:00:00+00:00,"[""Yes"", ""No""]","[0.0, 1.0]",No,resolved
0xd99c778d291d6ba53903aa78f455cdbd3594092551e37684df0f102bdb01ae75,OneFootball FDV above $300M one day after launch?,True,2026-04-10T22:22:17+00:00,2028-01-01T05:00:00+00:00,"[""Yes"", ""No""]","[0.0, 1.0]",No,resolved
0xd9a7b51443dc1f1c7c679a28a334d6d2a945bd7e2f4500394494124a13222607,Will SpaceX's market cap be between $1.8T and $2.0T at market close on IPO day?,True,2026-06-12T23:21:57+00:00,2027-12-31T00:00:00+00:00,"[""Yes"", ""No""]","[0.0, 1.0]",No,resolved
0xd9b7950b710cf174ac3b9928a9307f250c20f7e367c0d7d0fae7df26cc5cfdc6,Fogo FDV above $700M one day after launch?,True,2026-01-16T23:51:24+00:00,2027-01-01T05:00:00+00:00,"[""Yes"", ""No""]","[0.0, 1.0]",No,resolved
0xda041e02c4a9a6d935a85c0c81663a20561859e4de0d3f53a29864b4eb577e27,"Will Hyperliquid reach $66 by December 31, 2026?",True,2026-05-29T17:34:06+00:00,2027-01-01T05:00:00+00:00,"[""Yes"", ""No""]","[1.0, 0.0]",Yes,resolved
0xda9ae164afd50f17919b79bfc08738d87ff748cddbb7899fed50461998531d7a,Over $60M committed to the Infinex public sale?,True,2026-01-10T08:27:30+00:00,2027-01-01T05:00:00+00:00,"[""Yes"", ""No""]","[0.0, 1.0]",No,resolved
0xdafaa73301e394d19a14c3f1b220d3e27eee7cc042fe4e694c102ba9292ec49e,Will SpaceX's market cap be greater than $1T at market close on IPO day?,True,2026-06-12T23:15:57+00:00,2027-12-31T00:00:00+00:00,"[""Yes"", ""No""]","[1.0, 0.0]",Yes,resolved
0xdb2504e406678ec521b5f11a0e6644f31c8961e6b6ef55ceee8798b0077cbda5,Will edgeX dip to $0.80 before 2027?,True,2026-04-13T22:28:43+00:00,2027-01-01T05:00:00+00:00,"[""Yes"", ""No""]","[1.0, 0.0]",Yes,resolved
0xdb5668f4a751b63074099b8b3a0e7d7c7c80be7ec54952a0a362da9b3e4219f0,Gensyn FDV above $1.5B one day after launch?,True,2026-04-30T23:42:18+00:00,2027-01-01T05:00:00+00:00,"[""Yes"", ""No""]","[0.0, 1.0]",No,resolved
0xdb6753e9a7186a6a37ef4e111c3614a997b0c4dee67c2e41def463e5831999fe,"Will Zcash reach $900 by December 31, 2026?",True,2026-09-03T17:51:31+00:00,2027-01-01T05:00:00+00:00,"[""Yes"", ""No""]","[1.0, 0.0]",Yes,resolved
0xdba79070504738d2b97159f2c409b125ee9507922c993783a4641c095c470986,Block Street FDV above $1B one day after launch?,True,2026-03-06T12:12:55+00:00,2028-01-01T05:00:00+00:00,"[""Yes"", ""No""]","[0.0, 1.0]",No,resolved
0xdbbadc01628301d0d24d839eb8ad0c8bd160ded93600d6741a5fcba83ac39870,Sentient FDV above $1.5B one day after launch?,True,2026-01-23T23:31:40+00:00,2027-01-01T05:00:00+00:00,"[""Yes"", ""No""]","[0.0, 1.0]",No,resolved
0xdc058561e320700e0d41143add9c2033c081a5f44452c4eaf415f58c3d417c28,Fogo FDV above $500M one day after launch?,True,2026-01-16T23:51:26+00:00,2027-01-01T05:00:00+00:00,"[""Yes"", ""No""]","[0.0, 1.0]",No,resolved
0xdc07933483a5c0e73b7fcd6e43cdb548ac5dec8ef73f42ec6f49081c70f3a240,Paradex FDV above $300M one day after launch?,True,2026-03-07T00:15:37+00:00,2027-01-01T05:00:00+00:00,"[""Yes"", ""No""]","[0.0, 1.0]",No,resolved
0xdc0de4445b33b4af825ce13880b37a55815e731bfda7b2bbd62005823a734450,Kodiak FDV above $50M one day after launch?,True,2025-12-25T03:00:21+00:00,2027-01-01T05:00:00+00:00,"[""Yes"", ""No""]","[0.0, 1.0]",No,resolved
0xdc13d90bd2182879a0328266710036c143396f67456879facfa32b7195701fe7,Zama auction clearing price above $0.18?,True,2026-01-26T14:46:35+00:00,2027-01-01T05:00:00+00:00,"[""Yes"", ""No""]","[0.0, 1.0]",No,resolved
0xdc5cafd9f1ff091cf6972e2e7592007d9d2f93f9068c847fbaa13979bacee8f3,Mezo FDV above $500M one day after launch?,True,2026-04-03T03:15:17+00:00,2027-01-01T05:00:00+00:00,"[""Yes"", ""No""]","[0.0, 1.0]",No,resolved
0xdc736508860c34b8c28140480a0091734469d2587bc20cd5f87893df0509aa22,Will Gigi Hadid be one of Taylor Swift's bridesmaids?,True,2026-07-04T18:35:20+00:00,2027-06-30T00:00:00+00:00,"[""Yes"", ""No""]","[0.0, 1.0]",No,resolved
0xdc78ffe18b311b9827e4f257155baa8decce1eb79cfc4104f0e4e8c488a5d0bd,Paradex FDV above $1.5B one day after launch?,True,2026-03-07T00:13:35+00:00,2027-01-01T05:00:00+00:00,"[""Yes"", ""No""]","[0.0, 1.0]",No,resolved
0xdc7df9a7d06d241dc43910808e05c6ae06b8e70b17aa17b4f92fa7dadfa4d4c7,Aztec FDV above $1B one day after launch?,True,2026-02-13T23:29:21+00:00,2027-01-01T05:00:00+00:00,"[""Yes"", ""No""]","[0.0, 1.0]",No,resolved
0xdcb0fa9f2e68d114761e2fe56acba9e05e60bc56d514f9690d2fe667dedb253e,Based FDV above $4B one day after launch?,True,2026-04-01T00:50:39+00:00,2027-01-01T05:00:00+00:00,"[""Yes"", ""No""]","[0.0, 1.0]",No,resolved
0xdcc387cddd2da1d54253699d38ca3ed3a083b2607d4648a4902c7fbf0ce5c03e,Will Fomo launch a token by December 31 2025?,True,2026-01-01T08:07:39+00:00,2027-01-01T05:00:00+00:00,"[""Yes"", ""No""]","[0.0, 1.0]",No,resolved
0xdd70331baaae4e51ca842808bd61c214f36e7fea483de41bc24f48c692b4e0ba,"Will Hyperliquid dip to $24 by December 31, 2026?",True,2025-12-19T07:38:21+00:00,2027-01-01T05:00:00+00:00,"[""Yes"", ""No""]","[1.0, 0.0]",Yes,resolved
0xdd9a4cb453d31c4f9d318cef5d1f6c76c40b66ee223786d7de8b558de6365433,Block Street FDV above $100M one day after launch?,True,2026-03-06T12:10:51+00:00,2028-01-01T05:00:00+00:00,"[""Yes"", ""No""]","[1.0, 0.0]",Yes,resolved
0xdda5169c54e64e12d2a34152d52673c8eb1b4668d818a868af16323150d8a724,Zama auction clearing price above $0.08?,True,2026-01-26T14:43:33+00:00,2027-01-01T05:00:00+00:00,"[""Yes"", ""No""]","[0.0, 1.0]",No,resolved
0xde14c2fce0ccd8510e7ef7878efbd153b7187a317d0d903b29047458ef1436fe,Infinex FDV above $5B one day after launch?,True,2026-01-31T23:37:56+00:00,2027-01-01T05:00:00+00:00,"[""Yes"", ""No""]","[0.0, 1.0]",No,resolved
0xde4a5281b7bfbe25ede315a38495a1ce769d0e42fb97287f2c8f5068c84e5d2e,Over $30M committed to the Space public sale?,True,2026-01-17T02:32:46+00:00,2027-01-01T05:00:00+00:00,"[""Yes"", ""No""]","[0.0, 1.0]",No,resolved
0xde637b41849ac2ba4a3a627c2aeb58e0cbe509087053240bade758b4723aac36,Trove FDV above $2M one day after launch?,True,2026-01-21T00:34:46+00:00,2027-01-01T05:00:00+00:00,"[""Yes"", ""No""]","[0.0, 1.0]",No,resolved
0xdeaa139d881435c1bb22819ba8f37448da7d6c23d35ca2a749a1cf9dba309d9e,Gensyn FDV above $200M one day after launch?,True,2026-04-30T23:42:14+00:00,2027-01-01T05:00:00+00:00,"[""Yes"", ""No""]","[1.0, 0.0]",Yes,resolved
0xdf271dd7ea1ed02df18f658f1c94b34bbca64c316f93df255efaf5c430b9ea0b,"Will Kodiak launch a token by December 31, 2026?",True,2025-12-24T07:54:51+00:00,2027-01-01T05:00:00+00:00,"[""Yes"", ""No""]","[1.0, 0.0]",Yes,resolved
0xdf4505b4b77b9f5d4138b8325d07a884ec9c9a7711045385daef7778e3c91748,OneFootball FDV above $35M one day after launch?,True,2026-04-10T22:27:15+00:00,2028-01-01T05:00:00+00:00,"[""Yes"", ""No""]","[1.0, 0.0]",Yes,resolved
0xdf8c8282dc01eda9c7ab2c1f5622021c16f6ca5d601d11856a03c048a51cae3c,Will Ryan Flaherty be the next Red Sox manager?,True,2026-09-23T08:53:43+00:00,2027-02-01T04:59:00+00:00,"[""Yes"", ""No""]","[0.0, 1.0]",No,resolved
0xe01f6fb8fb89a1e3ae44be887b658ff8d80b2aba97427d72ad387f229de8aaf3,Elsa FDV above $50M one day after launch?,True,2026-01-22T05:43:40+00:00,2027-01-01T05:00:00+00:00,"[""Yes"", ""No""]","[1.0, 0.0]",Yes,resolved
0xe0906f04d0c1985ae13e240c901f7708f74458d2be22025b07b4257407b249ec,Kodiak FDV above $150M one day after launch?,True,2025-12-25T00:36:35+00:00,2027-01-01T05:00:00+00:00,"[""Yes"", ""No""]","[0.0, 1.0]",No,resolved
0xe0e60764a3827a8c93ed961c73cfb02b0b6bf6820b8c8cb94fa99af46de9094c,USD.AI FDV above $150M one day after launch?,True,2026-04-23T00:26:00+00:00,2027-01-01T05:00:00+00:00,"[""Yes"", ""No""]","[1.0, 0.0]",Yes,resolved
0xe0ff7c4f37c518a80114a8f17909ba295a93abeb96dc15f89f73af748bfa7493,Unitas Labs FDV above $200M one day after launch?,True,2026-03-15T01:20:57+00:00,2028-01-01T05:00:00+00:00,"[""Yes"", ""No""]","[0.0, 1.0]",No,resolved
0xe1423c233932b8bd91bfe676cf58c863e99cfc19f1f809fe33fd7c0660bb42fc,"Will XRP dip to $1.40 by December 31, 2026?",True,2026-02-05T13:38:57+00:00,2027-01-01T05:00:00+00:00,"[""Yes"", ""No""]","[1.0, 0.0]",Yes,resolved
0xe1969336d8e12324b9a396aa974b1ecbfd9cdb0f25c1e264ed90d51cb29b4a78,Over $7M committed to the Infinex public sale?,True,2026-01-10T08:23:30+00:00,2027-01-01T05:00:00+00:00,"[""Yes"", ""No""]","[1.0, 0.0]",Yes,resolved
0xe2b3b822d2d357aecb9ec2124b9152ea61f2cc0f2e07fe7ed6ce00015cd9f431,Will Dan Hooker fight Max Holloway next?,True,2026-05-17T05:39:17+00:00,2027-03-01T00:00:00+00:00,"[""Yes"", ""No""]","[0.0, 1.0]",No,resolved
0xe30926c34b44c1721764d7182e76cb200d5be5462796a673fdfe036bc316422f,Owlto FDV above $1B one day after launch?,True,2026-01-17T02:16:58+00:00,2027-01-01T05:00:00+00:00,"[""Yes"", ""No""]","[0.0, 1.0]",No,resolved
0xe31d6c3b3ff7d85d2ac3937133d55fced3ca78d3cdaa7522d9e2b74a8ba92894,Ranger FDV above $20M one day after launch?,True,2026-01-11T23:47:24+00:00,2027-01-01T05:00:00+00:00,"[""Yes"", ""No""]","[0.0, 1.0]",No,resolved
0xe333e407a22546ff44136e9398a1e05c0a784fe6efcdcd0ffd622bdcf185e212,Paradex FDV above $40M one day after launch?,True,2026-03-06T23:44:35+00:00,2027-01-01T05:00:00+00:00,"[""Yes"", ""No""]","[1.0, 0.0]",Yes,resolved
0xe34b474954f0b9b08c68ce3a96def43d7fd41de68f2af77cb651956e21febf51,Will Hyperliquid's HIP-4 upgrade go live on mainnet by September 30?,True,2026-05-02T10:53:50+00:00,2027-01-01T05:00:00+00:00,"[""Yes"", ""No""]","[1.0, 0.0]",Yes,resolved
0xe4b0aa29869fedf3906cde1609117e9761b05c0ea51a08ffe95b8a06e25f8610,Genius FDV above $200M one day after launch?,True,2026-04-14T22:06:24+00:00,2028-01-01T05:00:00+00:00,"[""Yes"", ""No""]","[1.0, 0.0]",Yes,resolved
0xe566ca80d2cf906dd5e124714b09baa0726dfa38e603ca5787e262743216c48a,Concrete FDV above $800M one day after launch?,True,2026-10-01T22:01:27+00:00,2028-01-01T05:00:00+00:00,"[""Yes"", ""No""]","[0.0, 1.0]",No,resolved
0xe57df09fa28c2201c72cd673e6cb8a84055514b2f43c81d10b8e3b49c713b284,Over $10M committed to the Infinex public sale?,True,2026-01-10T08:26:24+00:00,2027-01-01T05:00:00+00:00,"[""Yes"", ""No""]","[0.0, 1.0]",No,resolved
0xe5ffcfa3e5fd5edff7edee4db111e7035439c62a463021ad0f38a32f66647f3e,SpaceX IPO closing market cap above $1.6T?,True,2026-06-12T22:18:18+00:00,2027-12-31T00:00:00+00:00,"[""Yes"", ""No""]","[1.0, 0.0]",Yes,resolved
0xe6045a9e64637aace1a9878356ec01ad89b80351a500fc713052acee47be4d01,"Will Betmoar launch a token by June 30, 2026?",True,2026-07-01T06:27:55+00:00,2028-01-01T05:00:00+00:00,"[""Yes"", ""No""]","[0.0, 1.0]",No,resolved
0xe68176bffbd011dd86a7ca81364eb967959bc9cde024b4c4846933663fd25f05,Kinetiq FDV above $250M one day after launch?,True,2025-11-29T10:24:37+00:00,2027-01-01T05:00:00+00:00,"[""Yes"", ""No""]","[0.0, 1.0]",No,resolved
0xe68678b9f4e8b96b24ac1f33b820dad5f444b29e447856c6f5bd80361a75fd74,Ranger FDV above $15M one day after launch?,True,2026-01-11T23:46:24+00:00,2027-01-01T05:00:00+00:00,"[""Yes"", ""No""]","[1.0, 0.0]",Yes,resolved
0xe68c3003ae571a49a751c900cc7910f40a078097d0418e75f7481c887ab683c4,"Will Rabby launch a token by June 30, 2026?",True,2026-07-01T08:04:52+00:00,2027-01-01T05:00:00+00:00,"[""Yes"", ""No""]","[0.0, 1.0]",No,resolved
0xe6ae619c1da4042c4c8167ca433b8e2926dc34874760185bea98cde058edb5f2,Based FDV above $50M one day after launch?,True,2026-04-01T04:27:11+00:00,2027-01-01T05:00:00+00:00,"[""Yes"", ""No""]","[1.0, 0.0]",Yes,resolved
0xe6da23ed3e2d5651b517b3305d16527bd4a3ab7ccb40781a504b808bee05bfce,VOOI FDV above $1B one day after launch?,True,2025-12-20T23:12:15+00:00,2027-01-01T05:00:00+00:00,"[""Yes"", ""No""]","[0.0, 1.0]",No,resolved
0xe776a0637704c4afdc6ad5eeda3589567c338897db8adeb547dc3adee58e034d,Arcium FDV above $100M one day after launch?,True,2026-06-23T22:02:32+00:00,2028-01-01T05:00:00+00:00,"[""Yes"", ""No""]","[1.0, 0.0]",Yes,resolved
0xe7e8b203fe90c10d644494d93f6d4d5b0db9c783d2148c3d541402772e5d6dcb,Will Anthony Hernandez fight Joe Pyfer next?,True,2026-10-04T07:15:40+00:00,2027-04-01T03:59:00+00:00,"[""Yes"", ""No""]","[0.0, 1.0]",No,resolved
0xe81314deb37ff5c17002bdadbc31ee3e2aefce1159630590ec57838513a457a0,Will Orla Nugent win the 2026 Galway West by-election?,True,2026-05-24T21:34:48+00:00,2027-03-31T00:00:00+00:00,"[""Yes"", ""No""]","[0.0, 1.0]",No,resolved
0xe845d936aa22fc06df285691309245434b1030f33afeaa613bdc9bde9b3144c0,Rainbow FDV above $1B one day after launch?,True,2026-02-06T23:24:33+00:00,2027-01-01T05:00:00+00:00,"[""Yes"", ""No""]","[0.0, 1.0]",No,resolved
0xe8895707ed4f70e213b9dfb2b30b95e1820168ce716b53fa1fee613f839c877e,Arcium FDV above $200M one day after launch?,True,2026-06-23T22:02:32+00:00,2028-01-01T05:00:00+00:00,"[""Yes"", ""No""]","[1.0, 0.0]",Yes,resolved
0xe8c22f1320eef9184148e9c57a626acf396df2b27107c4234b46ebece1cc3f3a,Elsa FDV above $300M one day after launch?,True,2026-01-22T08:30:02+00:00,2027-01-01T05:00:00+00:00,"[""Yes"", ""No""]","[0.0, 1.0]",No,resolved
0xe924ffee67adc6863a064dff42bbcc8b81f7f8dbea727ccfc69b2aed3b39b48d,"Will ""The Odyssey"" make it into the IMDb Top 250?",True,2026-07-18T09:27:57+00:00,2027-03-31T00:00:00+00:00,"[""Yes"", ""No""]","[1.0, 0.0]",Yes,resolved
0xe9737728480910031a70d9324248415c576c7560aa98aa309953a42429602b1a,Space FDV above $120M one day after launch?,True,2026-04-30T22:41:04+00:00,2027-01-01T05:00:00+00:00,"[""Yes"", ""No""]","[0.0, 1.0]",No,resolved
0xe978c8a9c7bc570c8419e31a518ad454440eec81c1947285ae0683571db61b80,Fabric FDV above $400M one day after launch?,True,2026-03-01T08:57:29+00:00,2027-01-01T05:00:00+00:00,"[""Yes"", ""No""]","[0.0, 1.0]",No,resolved
0xe9d2a0608cf83977454a3004a713e35261f4e92ce5c87968b9080441b5ebd877,Will Paddy Pimblett fight Max Holloway next?,True,2026-05-17T05:42:29+00:00,2027-03-01T00:00:00+00:00,"[""Yes"", ""No""]","[0.0, 1.0]",No,resolved
0xe9f40f7319cd35af656935a9c812f4cb447d373cd399b6101ebb004e27a0b69a,"Will MegaETH launch a token by June 30, 2026?",True,2026-04-30T13:49:12+00:00,2027-01-01T05:00:00+00:00,"[""Yes"", ""No""]","[1.0, 0.0]",Yes,resolved
0xea6b1d25e7e50ef6f5d3754eb0a179ca031b1502b809263ae96ca5e985b1f3b2,Zama auction clearing price above $0.09?,True,2026-01-26T14:44:37+00:00,2027-01-01T05:00:00+00:00,"[""Yes"", ""No""]","[0.0, 1.0]",No,resolved
0xea87df3264208ab356e2abb37fcb2104522443cbfa869a9921e9c057dec14c01,Nexus FDV above $20M one day after launch?,True,2026-05-21T23:27:50+00:00,2028-01-01T05:00:00+00:00,"[""Yes"", ""No""]","[1.0, 0.0]",Yes,resolved
0xea9d44103c3da81987ddc229af34aabc058c8ec71aded2c6970817286329c730,Will Hyperliquid's HIP-4 upgrade go live on mainnet by April 30?,True,2026-05-01T07:10:36+00:00,2027-01-01T05:00:00+00:00,"[""Yes"", ""No""]","[0.0, 1.0]",No,resolved
0xeab9184cf28a104a3726bdf95efbe812021bbc6b947275c4e109453df3366614,Bitway FDV above $50M one day after launch?,True,2026-03-04T10:12:27+00:00,2027-01-01T05:00:00+00:00,"[""Yes"", ""No""]","[1.0, 0.0]",Yes,resolved
0xead69b8dc8f360f3f9c135088db725d17fbb06936053ef757468e9c1255bd576,Concrete FDV above $200M one day after launch?,True,2026-10-01T22:01:27+00:00,2028-01-01T05:00:00+00:00,"[""Yes"", ""No""]","[1.0, 0.0]",Yes,resolved
0xeae650787ea4641bdc82165677136efc509012093a43f2463f0291224de55ece,Fogo FDV above $1B one day after launch?,True,2026-01-16T23:52:30+00:00,2027-01-01T05:00:00+00:00,"[""Yes"", ""No""]","[0.0, 1.0]",No,resolved
0xeb196c24738383bf2fc0aeeb8fc5e96e72dcf161e19e74ffd305883cc3951496,Billions FDV above $100M one day after launch?,True,2026-05-05T22:55:10+00:00,2028-01-01T05:00:00+00:00,"[""Yes"", ""No""]","[1.0, 0.0]",Yes,resolved
0xeb33517bbc76928baa3aebb91cd8ff3163b34fedc6041ed0cf7eb4f6d146d203,Billions FDV above $50M one day after launch?,True,2026-05-05T22:54:24+00:00,2028-01-01T05:00:00+00:00,"[""Yes"", ""No""]","[1.0, 0.0]",Yes,resolved
0xeb41910f8faea3682b0e58c66971cc52cbb00085ec5c9f6e865639af2e2de091,"Will XRP dip to $1.20 by December 31, 2026?",True,2026-02-05T23:16:45+00:00,2027-01-01T05:00:00+00:00,"[""Yes"", ""No""]","[1.0, 0.0]",Yes,resolved
0xeb60b24b9e3943612edbcbeb71c5a8df7d4234398d41240a8df247e9977cc7a4,Will Almanak FDV above $140M one day after launch?,True,2025-12-14T00:56:29+00:00,2027-01-01T05:00:00+00:00,"[""Yes"", ""No""]","[0.0, 1.0]",No,resolved
0xebade0909c8550afd17bbb7a07ea5f58729815ff4f6e20a08e23a1ed4a6b8c24,"Will UNI dip to $3.00 by December 31, 2026?",True,2026-02-06T03:27:31+00:00,2027-01-01T05:00:00+00:00,"[""Yes"", ""No""]","[1.0, 0.0]",Yes,resolved
0xebb28e489f1e628998be9c3796d33b349ee1e6bb46c2ed1ec43c88a8dbdfb08c,Will UBS or any of its underwriting affiliates serve as the lead underwriter in SpaceX’s initial public offering?,True,2026-05-24T06:29:46+00:00,2027-12-31T00:00:00+00:00,"[""Yes"", ""No""]","[0.0, 1.0]",No,resolved
0xebea460d0898fb92755e7603832747a7ecffd30e89285d1b45c8b2d2f7b10dea,Will the Bitcoin Volatility Index hit 80 in 2026?,True,2026-02-05T22:31:53+00:00,2027-01-01T05:00:00+00:00,"[""Yes"", ""No""]","[1.0, 0.0]",Yes,resolved
0xec16001bbf3e9e8cafe81f40b6a6f0c1c95bb6fdc2c4d23335f8f6dc69a8cd9c,Over $22M committed to the Space public sale?,True,2026-01-17T02:32:48+00:00,2027-01-01T05:00:00+00:00,"[""Yes"", ""No""]","[0.0, 1.0]",No,resolved
0xec35031d09ed1aa5a77e322136f1081c47fb3d7a0a34cd6ec63f0eb3992ec876,Will the Bitcoin Volatility Index hit 60 in 2026?,True,2026-02-05T15:09:21+00:00,2027-01-01T05:00:00+00:00,"[""Yes"", ""No""]","[1.0, 0.0]",Yes,resolved
0xec37b4aa424a2dafd3708afad60b817b7a3c05d20133af5ae6d9e89708ac4d57,"Will o1 launch a token by September 30, 2026?",True,2026-06-18T09:43:47+00:00,2028-01-01T05:00:00+00:00,"[""Yes"", ""No""]","[1.0, 0.0]",Yes,resolved
0xec77ccb15c86bb7d0273196820135ab69d79e0624c8aee55e8fee64224f81c5c,"Will QFEX launch a token by June 30, 2026?",True,2026-07-01T08:23:53+00:00,2028-01-01T05:00:00+00:00,"[""Yes"", ""No""]","[0.0, 1.0]",No,resolved
0xecd961f60dad9a8f4f25f717bc6771e09cddf3077657aafc67a6a528c92aad55,Will Bitcoin hit $60k or $80k first?,True,2026-05-04T04:26:02+00:00,2027-01-01T05:00:00+00:00,"[""$60k"", ""$80k""]","[0.0, 1.0]",$80k,resolved
0xecfe004703573e24e7a273a42a107862c0a1e96b7daee3daefa35880eebb5d86,"Will EdgeX launch a token by March 31, 2026?",True,2026-03-31T15:42:15+00:00,2027-01-01T05:00:00+00:00,"[""Yes"", ""No""]","[1.0, 0.0]",Yes,resolved
0xed9d77cebb38074fc541febc106b6d58d4af55f04c846cb9033d94e85e9d66c5,Tria FDV above $50M one day after launch?,True,2026-02-04T23:09:31+00:00,2027-01-01T05:00:00+00:00,"[""Yes"", ""No""]","[1.0, 0.0]",Yes,resolved
0xeda9eb14a054e234a72ab94dc45a6302ca702a6a8e5e7c270e7c91628ac8e084,Will Zoë Kravitz be one of Taylor Swift's bridesmaids?,True,2026-07-04T18:42:08+00:00,2027-06-30T00:00:00+00:00,"[""Yes"", ""No""]","[0.0, 1.0]",No,resolved
0xedc07d70c5d73e06c4e17daaaef76dd10fdede17294dc5c03941d40b7f8036a6,Octra FDV above $30M one day after launch?,True,2026-04-23T14:57:46+00:00,2027-01-01T05:00:00+00:00,"[""Yes"", ""No""]","[0.0, 1.0]",No,resolved
0xeddb9cb5ed5fee2e9f74052f61f62e9cc31e59a90b0db646a4033885709dadbe,Genius FDV above $80M one day after launch?,True,2026-04-14T22:05:00+00:00,2028-01-01T05:00:00+00:00,"[""Yes"", ""No""]","[1.0, 0.0]",Yes,resolved
0xedf5fd2db149d05993b1998fea7676f4d776941df4a8112a7bc04e3255f6c2e5,"Will Citrea launch a token by September 30, 2027?",True,2026-05-26T23:17:40+00:00,2028-01-01T05:00:00+00:00,"[""Yes"", ""No""]","[1.0, 0.0]",Yes,resolved
0xee048c33f9ecce43aa6a4cea28d1aa5bae2baa059517d33c91cdbf8ac0123fa9,Zama auction clearing price above $0.30?,True,2026-01-26T14:47:37+00:00,2027-01-01T05:00:00+00:00,"[""Yes"", ""No""]","[0.0, 1.0]",No,resolved
0xee19869486d68d20f962ec49f31a1dd2a16e661f33af753163ee5fcf473a312c,Unitas Labs FDV above $100M one day after launch?,True,2026-03-15T01:20:57+00:00,2028-01-01T05:00:00+00:00,"[""Yes"", ""No""]","[0.0, 1.0]",No,resolved
0xee347e03225dd3de8c20435db8a7f1de946dc1001e01ca2433c40405e9b5b8e7,Will Infrared launch a token by March 31 2026?,True,2025-12-18T14:14:02+00:00,2027-01-01T05:00:00+00:00,"[""Yes"", ""No""]","[1.0, 0.0]",Yes,resolved
0xeea323848af312ec374930197cdb33b28d1e66a420faacfed5c53af46b0be51c,"Will Bitcoin reach $90,000 by December 31, 2026?",True,2025-11-29T14:34:27+00:00,2027-01-01T05:00:00+00:00,"[""Yes"", ""No""]","[1.0, 0.0]",Yes,resolved
0xeeb63b6f2661223796e73f7a2d50d25c9a37de7d120e37ba1a299312b22adfea,o1 FDV above $1B one day after launch?,True,2026-06-18T22:02:47+00:00,2028-01-01T05:00:00+00:00,"[""Yes"", ""No""]","[0.0, 1.0]",No,resolved
0xeec093b66f62fbc3cd33d36fcd883834282483d0812ca02168911def1b81762b,Over $3M committed to the Sol Raffle public sale?,True,2026-01-23T04:04:54+00:00,2027-01-01T05:00:00+00:00,"[""Yes"", ""No""]","[0.0, 1.0]",No,resolved
0xeee99a3630d6b21e0e7e8fa39dd5d4b135f18912b81670296ad4781c220b3152,Will Backpack launch a token by March 31?,True,2026-03-23T16:49:01+00:00,2027-01-01T05:00:00+00:00,"[""Yes"", ""No""]","[1.0, 0.0]",Yes,resolved
0xeeef938e0a9f5a90cba923daddb79e66d353e87371b2e895964c3ca37431bf15,Gensyn FDV above $1B one day after launch?,True,2026-04-30T23:42:24+00:00,2027-01-01T05:00:00+00:00,"[""Yes"", ""No""]","[0.0, 1.0]",No,resolved
0xef5c19983d4bc77f607ff440f014ef53119ec45f8fd5c53808847245c4b4569a,Opinion FDV above $400M one day after launch?,True,2026-03-06T23:45:45+00:00,2027-01-01T05:00:00+00:00,"[""Yes"", ""No""]","[0.0, 1.0]",No,resolved
0xef69f77b6608bf62d6cd482b76164b76f7a2260a4d479fbd36617a917a8af799,ETHGAS FDV above $1B one day after launch?,True,2026-01-22T23:52:34+00:00,2027-01-01T05:00:00+00:00,"[""Yes"", ""No""]","[0.0, 1.0]",No,resolved
0xef77a305d9134cc687c647941f60928695c8eca7117a742aaa4a90494f51b9f6,"Will Opinion launch a token by February 17, 2026?",True,2026-02-18T07:08:10+00:00,2027-01-01T05:00:00+00:00,"[""Yes"", ""No""]","[0.0, 1.0]",No,resolved
0xf008c98536b203c09d028c04225570c4b57595aacc83c255addcb26324197dab,Will Hyperliquid's HIP-4 upgrade go live on mainnet by December 31?,True,2026-05-02T12:00:38+00:00,2027-01-01T05:00:00+00:00,"[""Yes"", ""No""]","[1.0, 0.0]",Yes,resolved
0xf02705eaed652d019fa4c373402e13c8136df70d9e14a1df869cc41678513049,Will Thomas Welby win the 2026 Galway West by-election?,True,2026-05-24T21:35:48+00:00,2027-03-31T00:00:00+00:00,"[""Yes"", ""No""]","[0.0, 1.0]",No,resolved
0xf07541ac08969df42ae4ad92786198befc616b551a0f667459c64a6e06eb087a,Seeker FDV above $800M one day after launch?,True,2026-01-21T23:37:08+00:00,2027-01-01T05:00:00+00:00,"[""Yes"", ""No""]","[0.0, 1.0]",No,resolved
0xf130d32c62f81f79b0eaacc82723b284c79758573e9ae3f7a5c0330c38dd5bff,Cap FDV above $500M one day after launch?,True,2026-06-27T22:05:07+00:00,2028-01-01T05:00:00+00:00,"[""Yes"", ""No""]","[0.0, 1.0]",No,resolved
0xf137b3b982a5fef5d3952ec8e32d94dc75a9b52d030c43ebbdec8001d6990f3e,"Will UNI dip to $4.50 by December 31, 2026?",True,2026-01-28T01:26:53+00:00,2027-01-01T05:00:00+00:00,"[""Yes"", ""No""]","[1.0, 0.0]",Yes,resolved
0xf210e50287d59f66df7395b3e41ffaf84dccf5f4f903b20fff27117e0aa3aa5c,"Will GRVT launch a token by September 30, 2026?",True,2026-07-31T14:34:12+00:00,2027-01-01T05:00:00+00:00,"[""Yes"", ""No""]","[1.0, 0.0]",Yes,resolved
0xf2209290b297ce5e5919273cb9189c1788649ea584f04e07ef0d438149fe8400,"Will Opinion launch a token by December 31, 2026?",True,2026-03-05T15:03:05+00:00,2027-01-01T05:00:00+00:00,"[""Yes"", ""No""]","[1.0, 0.0]",Yes,resolved
0xf2591ada43eda11c5923f0190307d2cc5f5d994695a654779c3dd328ff820d55,"Will Bitcoin dip to $75,000 by December 31, 2026?",True,2026-02-02T05:59:12+00:00,2027-01-01T05:00:00+00:00,"[""Yes"", ""No""]","[1.0, 0.0]",Yes,resolved
0xf27b1ef5e332ae9b50b15679fe73efe84875006deb30e8bbe04f48475ff17593,Owlto FDV above $100M one day after launch?,True,2026-01-17T02:45:02+00:00,2027-01-01T05:00:00+00:00,"[""Yes"", ""No""]","[1.0, 0.0]",Yes,resolved
0xf2c2775db0f8af5df55c4d9ccf7a10748ab9be69551b7b31a6cc21c87a2e43f4,Seeker FDV above $50M one day after launch?,True,2026-01-21T23:34:04+00:00,2027-01-01T05:00:00+00:00,"[""Yes"", ""No""]","[1.0, 0.0]",Yes,resolved
0xf2d755553df01c44370cb60d7687244d48913187063d5237e7183e707f641603,Based FDV above $75M one day after launch?,True,2026-04-01T04:28:17+00:00,2027-01-01T05:00:00+00:00,"[""Yes"", ""No""]","[1.0, 0.0]",Yes,resolved
0xf3400bee676ed90a83bff9b6bfa88bcf0abca0048792f047726146a7fd3611e2,o1 FDV above $200M one day after launch?,True,2026-06-18T22:02:47+00:00,2028-01-01T05:00:00+00:00,"[""Yes"", ""No""]","[1.0, 0.0]",Yes,resolved
0xf356ac200ef7d8d89af91e5357cc438df97a0f39dc0cba47e078ec27d49a65c8,Bitcoin -8% daily candle change in 2026?,True,2026-02-06T02:27:51+00:00,2027-01-01T05:00:00+00:00,"[""Yes"", ""No""]","[1.0, 0.0]",Yes,resolved
0xf372706c01799b4f529c0a715765b2ec0699cf9b0917971efcf0dda9ae3a63cd,HumidiFi FDV above $80M one day after launch?,True,2025-12-11T03:34:51+00:00,2027-01-01T05:00:00+00:00,"[""Yes"", ""No""]","[1.0, 0.0]",Yes,resolved
0xf380314b9136b14f3c35deeb4a713994850f8e2915127a376293595843de2193,Will Rob Rausch be cast in Dancing With the Stars: Season 35?,True,2026-09-17T09:38:55+00:00,2027-03-31T00:00:00+00:00,"[""Yes"", ""No""]","[0.0, 1.0]",No,resolved
0xf3e4da150b727454bf0d042aaf757b3858cfaa668e387d30617c9e90cfa133b8,Bitway FDV above $10M one day after launch?,True,2026-03-04T10:08:37+00:00,2027-01-01T05:00:00+00:00,"[""Yes"", ""No""]","[1.0, 0.0]",Yes,resolved
0xf3e7973f547be5da3ab0540535a1c3fe7180342bb8cec18346192ff1976a555b,Stable FDV above $6B one day after launch?,True,2025-12-10T02:42:28+00:00,2027-01-01T05:00:00+00:00,"[""Yes"", ""No""]","[0.0, 1.0]",No,resolved
0xf42186f6b5dbb0ee44e627e43fb3af3ee74c09cfda3e07e78d959bd49e0f6265,Fabric FDV above $50M one day after launch?,True,2026-03-01T00:57:47+00:00,2027-01-01T05:00:00+00:00,"[""Yes"", ""No""]","[1.0, 0.0]",Yes,resolved
0xf471786ca9608b18a61e1f555681428c80ad2a2695fdd2df69e796defff9f897,SpaceX IPO closing market cap above $2.4T?,True,2026-06-12T22:18:18+00:00,2027-12-31T00:00:00+00:00,"[""Yes"", ""No""]","[0.0, 1.0]",No,resolved
0xf4fe3f121bdc2d0681d0fb1119cfb02acf2468995078ae77e76c9ed540956330,ETHGAS FDV above $400M one day after launch?,True,2026-01-22T23:20:00+00:00,2027-01-01T05:00:00+00:00,"[""Yes"", ""No""]","[0.0, 1.0]",No,resolved
0xf5b8106bf2429e116bb5baa183224692be9bb59b8947bb4fa7c9151ed49fa98d,Kinetiq FDV above $1B one day after launch?,True,2025-11-29T10:26:39+00:00,2027-01-01T05:00:00+00:00,"[""Yes"", ""No""]","[0.0, 1.0]",No,resolved
0xf662101585439f6b1a1f802fd1bc233e28ae901f746899e452c9b74ad02e1bde,Billions FDV above $300M one day after launch?,True,2026-05-05T22:54:22+00:00,2028-01-01T05:00:00+00:00,"[""Yes"", ""No""]","[1.0, 0.0]",Yes,resolved
0xf734adc9ece8a8b3324daf62a6592ec3d066f293a3a32cdbb34117794ff15715,"Will MicroStrategy announce holding 800k+ BTC by December 31, 2026?",True,2026-04-20T15:55:54+00:00,2027-01-01T05:00:00+00:00,"[""Yes"", ""No""]","[1.0, 0.0]",Yes,resolved
0xf82e5f2bc5279fa6e48aabf377a35410ba05e39c8b2bbeda88e4d8ee87e0aba4,Arcium FDV above $1B one day after launch?,True,2026-06-23T22:02:32+00:00,2028-01-01T05:00:00+00:00,"[""Yes"", ""No""]","[0.0, 1.0]",No,resolved
0xf846e04fe2cf4f76dae8cf238541569d2c1faec5fd97a65a0759c642ce4866d6,P2P FDV above $20M one day after launch?,True,2026-04-03T05:01:01+00:00,2028-01-01T05:00:00+00:00,"[""Yes"", ""No""]","[0.0, 1.0]",No,resolved
0xf8b23b1eb91767b3f354cb590f0b04514567fa2f737542384478b24a50cee69c,Bitcoin 12% daily candle change in 2026?,True,2026-02-07T02:11:41+00:00,2027-01-01T05:00:00+00:00,"[""Yes"", ""No""]","[1.0, 0.0]",Yes,resolved
0xfa189d929d5f267b50aa9d1cc506463a46c124c0fc6f1a96564e057290aed1be,"Will UNI reach $6.50 by December 31, 2026?",True,2025-12-21T19:43:24+00:00,2027-01-01T05:00:00+00:00,"[""Yes"", ""No""]","[1.0, 0.0]",Yes,resolved
0xfa22e8545ef8037416035dca24f9ea07e7be0485213315b264eecb6cc10a51a0,Arcium FDV above $500M one day after launch?,True,2026-06-23T22:02:32+00:00,2028-01-01T05:00:00+00:00,"[""Yes"", ""No""]","[0.0, 1.0]",No,resolved
0xfa2a3334cd1a13e4c14c6e6a9d58bcbb94622365acc3bc86b6952b6723643054,Over $500K committed to the Foresee public sale?,True,2026-02-09T11:51:23+00:00,2027-01-01T05:00:00+00:00,"[""Yes"", ""No""]","[0.0, 1.0]",No,resolved
0xfa3ac6b035dc097551fb48c2abf3eeea2dca7ac052ce90d45e023c3fba588baf,Kinetiq FDV above $500M one day after launch?,True,2025-11-29T10:25:41+00:00,2027-01-01T05:00:00+00:00,"[""Yes"", ""No""]","[0.0, 1.0]",No,resolved
0xfa773dd88d0771fe5d0761766833fe902fe38a9f6ea7a2cb19449243d200227f,Will Conor McGregor fight Max Holloway next?,True,2026-05-17T05:37:18+00:00,2027-03-01T00:00:00+00:00,"[""Yes"", ""No""]","[1.0, 0.0]",Yes,resolved
0xfa928bde6b984b65611fd3a9fde594ae7daafc38572121f6dcc4ac4aaba03df8,Will SpaceX's market cap be less than $1.0T at market close on IPO day?,True,2026-06-12T23:20:43+00:00,2027-12-31T00:00:00+00:00,"[""Yes"", ""No""]","[0.0, 1.0]",No,resolved
0xfa9547464c0354a824900195ac798165f917d7e22b0da7109a6c5bdc5f9b9f60,"Will Tria launch a token by March 31, 2026?",True,2026-02-03T12:10:50+00:00,2027-01-01T05:00:00+00:00,"[""Yes"", ""No""]","[1.0, 0.0]",Yes,resolved
0xfacf82cdf9eeea5d4c0a450acf939bbeab9fe307b5e53191a59171d12072adbf,SpaceX IPO closing market cap above $1T?,True,2026-06-12T22:13:19+00:00,2027-12-31T00:00:00+00:00,"[""Yes"", ""No""]","[1.0, 0.0]",Yes,resolved
0xfad080aab1cc1549d2dcefc782461969e89a63329a643506ee85ae9682140dca,Will SpaceX's public ticker be $MARS?,True,2026-06-12T16:46:33+00:00,2027-12-31T00:00:00+00:00,"[""Yes"", ""No""]","[0.0, 1.0]",No,resolved
0xfad6e1b45476e08812fa8779a13ef0fbacb050231a582feb78cb4b925ad6126f,Opinion FDV above $4B one day after launch?,True,2026-03-06T23:53:09+00:00,2027-01-01T05:00:00+00:00,"[""Yes"", ""No""]","[0.0, 1.0]",No,resolved
0xfb1971fc997e2107ec6a54e487c196d89b2aa62b2b91d34e4cb4e66189c2c7ef,Will Hyperliquid's HIP-4 upgrade go live on mainnet by March 31?,True,2026-04-01T08:42:09+00:00,2027-01-01T05:00:00+00:00,"[""Yes"", ""No""]","[0.0, 1.0]",No,resolved
0xfb1f3c4444934227329f38e0ca9c85cfc659d544381f00b1a4f3057f4cfd1eb1,Will Nassourdine Imavov fight Joe Pyfer next?,True,2026-10-04T08:29:10+00:00,2027-04-01T00:00:00+00:00,"[""Yes"", ""No""]","[0.0, 1.0]",No,resolved
0xfb57beb22e5f5c7c47b020034f84b1565073190cf7abeec45827e137215d4067,"Will Chainlink dip to $12 by December 31, 2026?",True,2025-12-01T16:06:20+00:00,2027-01-01T05:00:00+00:00,"[""Yes"", ""No""]","[1.0, 0.0]",Yes,resolved
0xfb5cc69802663657da33ab2bbc8697f08faea2c57468bde75a1282730b7a7b75,Backpack FDV above $200M one day after launch?,True,2026-03-24T22:13:03+00:00,2027-01-01T05:00:00+00:00,"[""Yes"", ""No""]","[1.0, 0.0]",Yes,resolved
0xfb8149fc899eb8f3f8b054031272f6fdf80b36d3676b19d9bd242852221e91e1,Will David Ortiz be the next Red Sox manager?,True,2026-09-23T08:51:43+00:00,2027-02-01T04:59:00+00:00,"[""Yes"", ""No""]","[0.0, 1.0]",No,resolved
0xfba6ad432cdd29068a2668946f2b0d0666cc29bac1634108de3c234a40933ebb,Wingbits FDV above $200M one day after launch?,True,2026-04-24T01:26:06+00:00,2028-01-01T05:00:00+00:00,"[""Yes"", ""No""]","[0.0, 1.0]",No,resolved
0xfbe283d787c2a182e3496756b797dbaefd8ba77a026d6a60c423a658d4ca5e93,Fabric FDV above $1B one day after launch?,True,2026-02-28T23:20:33+00:00,2027-01-01T05:00:00+00:00,"[""Yes"", ""No""]","[0.0, 1.0]",No,resolved
0xfbe5d12e30234c9d16379748558a1dbc04df32947b4400efe1769e3aabc1d5aa,Perle Labs FDV above $100M one day after launch?,True,2026-03-26T22:12:23+00:00,2028-01-01T05:00:00+00:00,"[""Yes"", ""No""]","[1.0, 0.0]",Yes,resolved
0xfc10a37ea9213a1572703f8715e851b1d83f7d85d5870f8117cb7a8a40ee8373,OpenGradient FDV above $500M one day after launch?,True,2026-04-22T22:06:04+00:00,2028-01-01T05:00:00+00:00,"[""Yes"", ""No""]","[0.0, 1.0]",No,resolved
0xfc6e9607e1750fb8199008a68312f2fc39e8290cef2a07e32f4c55daa4a29a42,Stable FDV above $4B one day after launch?,True,2025-12-10T02:40:22+00:00,2027-01-01T05:00:00+00:00,"[""Yes"", ""No""]","[0.0, 1.0]",No,resolved
0xfd012b683a6e6d76c1aab0d5592de8e6e729b4441763166bb731861e95468cda,Sentient FDV above $1B one day after launch?,True,2026-01-23T23:29:14+00:00,2027-01-01T05:00:00+00:00,"[""Yes"", ""No""]","[0.0, 1.0]",No,resolved
0xfd2bdf9324af684d6d596c79606f876ef526a9226575ec3b9dcc73712637e00e,"Will Hyperliquid reach $50 by December 31, 2026?",True,2026-05-20T14:42:21+00:00,2027-01-01T05:00:00+00:00,"[""Yes"", ""No""]","[1.0, 0.0]",Yes,resolved
0xfd320009bb0e7242162c2ae299bd41bc69f28f1f63a532e9d3cf521f9e37f03e,Trove FDV above $5M one day after launch?,True,2026-01-21T00:54:04+00:00,2027-01-01T05:00:00+00:00,"[""Yes"", ""No""]","[0.0, 1.0]",No,resolved
0xfd732382e600bd7954a2ed0eaaf6584afd8cef5812141d8334bd73c53049cec4,Space FDV above $100M one day after launch?,True,2026-04-30T22:44:48+00:00,2027-01-01T05:00:00+00:00,"[""Yes"", ""No""]","[0.0, 1.0]",No,resolved
0xfd80b5e1ac405ea31d31f8c82f67db3ae0cdad80ae26b205c6da58cf99b3667c,Yellow FDV above $50M one day after launch?,True,2026-03-09T23:36:49+00:00,2028-01-01T05:00:00+00:00,"[""Yes"", ""No""]","[1.0, 0.0]",Yes,resolved
0xfe365f1129ff1193f8f2a06397b2a0eeffe1bb38c32a33ee1b800fe444d0cf35,Nebula3 FDV above $100M one day after launch?,True,2026-03-12T22:30:25+00:00,2028-01-01T05:00:00+00:00,"[""Yes"", ""No""]","[0.0, 1.0]",No,resolved
0xfe6827bd1917f702f1858bec56fc431753cce59b92e93cdba8a60fd1730d5b02,Will SpaceX's public ticker be $SPACE?,True,2026-06-12T17:02:33+00:00,2027-12-31T00:00:00+00:00,"[""Yes"", ""No""]","[0.0, 1.0]",No,resolved
0xfe8d95e1c4518ab6d99acfea42e073b9227587e1e737f9ec75f86aee16fda592,Will Walker McKinven be the next Red Sox manager?,True,2026-09-23T08:52:43+00:00,2027-02-01T04:59:00+00:00,"[""Yes"", ""No""]","[0.0, 1.0]",No,resolved
